CREATE DATABASE IF NOT EXISTS casbin;
CREATE DATABASE IF NOT EXISTS fiber;
CREATE DATABASE IF NOT EXISTS metabase;

CREATE USER 'metabase' IDENTIFIED BY 'metabase';

GRANT CREATE, ALTER, INDEX, LOCK TABLES, REFERENCES, UPDATE, DELETE, DROP, SELECT, INSERT ON `casbin`.* TO 'orda'@'%';
GRANT CREATE, ALTER, INDEX, LOCK TABLES, REFERENCES, UPDATE, DELETE, DROP, SELECT, INSERT ON `fiber`.* TO 'orda'@'%';
GRANT ALL ON `metabase`.* TO 'metabase'@'%';

FLUSH PRIVILEGES;

-- Adminer 5.0.6 MySQL 8.3.0 dump

SET NAMES utf8;
SET time_zone = '+00:02';
SET foreign_key_checks = 0;
SET sql_mode = 'NO_AUTO_VALUE_ON_ZERO';

USE `orda`;

SET NAMES utf8mb4;

DROP TABLE IF EXISTS `account_groups`;
CREATE TABLE `account_groups` (
  `id` varchar(36) NOT NULL,
  `created_at` datetime(3) DEFAULT NULL,
  `updated_at` datetime(3) DEFAULT NULL,
  `deleted_at` datetime(3) DEFAULT NULL,
  `name` longtext,
  PRIMARY KEY (`id`),
  KEY `idx_account_groups_deleted_at` (`deleted_at`)
) ENGINE=InnoDB DEFAULT CHARSET=utf8mb4 COLLATE=utf8mb4_0900_ai_ci;

INSERT INTO `account_groups` (`id`, `created_at`, `updated_at`, `deleted_at`, `name`) VALUES
('0195c25a45be78fbbb0df7027dd9f3e8',	'2025-03-23 09:34:10.879',	'2025-03-23 09:34:10.879',	NULL,	'Default'),
('0195c2805ece708683ad286092b361ac',	'2025-03-23 10:15:47.662',	'2025-03-23 10:15:47.662',	NULL,	'KM'),
('0195c280862571a48ba6610e81813306',	'2025-03-23 10:15:57.733',	'2025-03-23 10:15:57.733',	NULL,	'Reserve'),
('0195f52ebdf57dd6afdbb53b1f606aba',	'2025-04-02 06:27:16.086',	'2025-04-02 06:27:16.086',	NULL,	'Sektion');

DROP TABLE IF EXISTS `account_histories`;
CREATE TABLE `account_histories` (
  `id` varchar(36) NOT NULL,
  `created_at` datetime(3) DEFAULT NULL,
  `updated_at` datetime(3) DEFAULT NULL,
  `deleted_at` datetime(3) DEFAULT NULL,
  `amount` int DEFAULT NULL,
  `account_id` varchar(36) DEFAULT NULL,
  `account_group_id` varchar(36) DEFAULT NULL,
  `history_action` tinyint unsigned DEFAULT NULL,
  `deposit_type` tinyint unsigned DEFAULT NULL,
  `transaction_id` varchar(36) DEFAULT NULL,
  `user_id` varchar(36) DEFAULT NULL,
  `reason` longtext,
  PRIMARY KEY (`id`),
  KEY `idx_account_histories_deleted_at` (`deleted_at`),
  KEY `fk_account_histories_account` (`account_id`),
  KEY `fk_account_histories_account_group` (`account_group_id`),
  KEY `fk_account_histories_transaction` (`transaction_id`),
  KEY `fk_account_histories_user` (`user_id`),
  CONSTRAINT `fk_account_histories_account` FOREIGN KEY (`account_id`) REFERENCES `accounts` (`id`),
  CONSTRAINT `fk_account_histories_account_group` FOREIGN KEY (`account_group_id`) REFERENCES `account_groups` (`id`),
  CONSTRAINT `fk_account_histories_transaction` FOREIGN KEY (`transaction_id`) REFERENCES `transactions` (`id`),
  CONSTRAINT `fk_account_histories_user` FOREIGN KEY (`user_id`) REFERENCES `users` (`id`)
) ENGINE=InnoDB DEFAULT CHARSET=utf8mb4 COLLATE=utf8mb4_0900_ai_ci;

INSERT INTO `account_histories` (`id`, `created_at`, `updated_at`, `deleted_at`, `amount`, `account_id`, `account_group_id`, `history_action`, `deposit_type`, `transaction_id`, `user_id`, `reason`) VALUES
('01960459cbca7bf9b5e09ddbf9ab53e3',	'2025-04-05 07:08:35.915',	'2025-04-05 07:08:35.915',	NULL,	0,	'01960459cbc8797daeed6fa1ec0fb685',	NULL,	1,	0,	NULL,	'0195f8c4f9ce7176bad146bd21ff5674',	''),
('0196045a63c4725bad78abc9b0ff81d8',	'2025-04-05 07:09:14.820',	'2025-04-05 07:09:14.820',	NULL,	25000,	'01960459cbc8797daeed6fa1ec0fb685',	NULL,	0,	0,	NULL,	'0195f8c4f9ce7176bad146bd21ff5674',	''),
('0196045bc3ea728f877a5badaf96541c',	'2025-04-05 07:10:44.970',	'2025-04-05 07:10:44.970',	NULL,	0,	'0196045bc3e672eeb38280e33cf3f455',	NULL,	1,	0,	NULL,	'0195f8c4f9ce7176bad146bd21ff5674',	''),
('0196045bf368721599d791b9df1cda8c',	'2025-04-05 07:10:57.128',	'2025-04-05 07:10:57.128',	NULL,	20000,	'0196045bc3e672eeb38280e33cf3f455',	NULL,	0,	0,	NULL,	'0195f8c4f9ce7176bad146bd21ff5674',	''),
('0196045c95c575f0ab2d9127d437079d',	'2025-04-05 07:11:38.693',	'2025-04-05 07:11:38.693',	NULL,	0,	'0196045c95c3750dae4c4c56018b5cab',	NULL,	1,	0,	NULL,	'0195f8c4f9ce7176bad146bd21ff5674',	''),
('0196045cce0a70189625b7da9b191f07',	'2025-04-05 07:11:53.098',	'2025-04-05 07:11:53.098',	NULL,	20000,	'0196045c95c3750dae4c4c56018b5cab',	NULL,	0,	0,	NULL,	'0195f8c4f9ce7176bad146bd21ff5674',	''),
('0196060e7ae4753fa7eab41f91ffcd01',	'2025-04-05 15:05:34.436',	'2025-04-05 15:05:34.436',	NULL,	1260,	'01960459cbc8797daeed6fa1ec0fb685',	NULL,	0,	0,	'0196060e7ae07a38b8e727f6ee189d9b',	'0195f8c4f9ce7176bad146bd21ff5674',	''),
('0196063adec7700986e7fb8c0929b44a',	'2025-04-05 15:54:03.591',	'2025-04-05 15:54:03.591',	NULL,	860,	'01960459cbc8797daeed6fa1ec0fb685',	NULL,	0,	0,	'0196063adec379afba5251f39c9d6636',	'0195f8c4f9ce7176bad146bd21ff5674',	''),
('019606ed34327a4c86a0c927cedcfe22',	'2025-04-05 19:08:50.867',	'2025-04-05 19:08:50.867',	NULL,	430,	'0196045bc3e672eeb38280e33cf3f455',	NULL,	0,	0,	'019606ed342e729ab3ec6dc5b37ddb5b',	'0195f8c4f9ce7176bad146bd21ff5674',	''),
('019606f7d9fc7b168e1f379953f2bcde',	'2025-04-05 19:20:28.669',	'2025-04-05 19:20:28.669',	NULL,	860,	'0196045bc3e672eeb38280e33cf3f455',	NULL,	0,	0,	'019606f7d9f876f2bac3a4cb638c248b',	'0195f8c4f9ce7176bad146bd21ff5674',	''),
('0196072b9f00725597bd914d43699a94',	'2025-04-05 20:17:01.440',	'2025-04-05 20:17:01.440',	NULL,	1240,	'0196045bc3e672eeb38280e33cf3f455',	NULL,	0,	0,	'0196072b9efc799d889824ccdce4ec4a',	'0195f8c4f9ce7176bad146bd21ff5674',	''),
('019607502aee712e9b09be23c07eda39',	'2025-04-05 20:56:56.558',	'2025-04-05 20:56:56.558',	NULL,	760,	'01960459cbc8797daeed6fa1ec0fb685',	NULL,	0,	0,	'019607502aeb706a917d82522a7b7d4f',	'0195f8c4f9ce7176bad146bd21ff5674',	''),
('01960775f8c3772abc1e7083b076310b',	'2025-04-05 21:38:14.084',	'2025-04-05 21:38:14.084',	NULL,	2180,	'0196045bc3e672eeb38280e33cf3f455',	NULL,	0,	0,	'01960775f8bb7b328673cb0a99085dad',	'0195f8c4f9ce7176bad146bd21ff5674',	''),
('0196077c2ca6722e90e2b347ee663ad7',	'2025-04-05 21:45:00.582',	'2025-04-05 21:45:00.582',	NULL,	730,	'0196045bc3e672eeb38280e33cf3f455',	NULL,	0,	0,	'0196077c2ca37138a6b04447ab1212f9',	'0195f8c4f9ce7176bad146bd21ff5674',	''),
('019607a51a7675dc8a210edd27d4b425',	'2025-04-05 22:29:42.902',	'2025-04-05 22:29:42.902',	NULL,	2050,	'0196045bc3e672eeb38280e33cf3f455',	NULL,	0,	0,	'019607a51a7373c79cf4a5aadbe93473',	'0195f8c4f9ce7176bad146bd21ff5674',	''),
('019607a8490f77bf9c386fc4ae5e8662',	'2025-04-05 22:33:11.440',	'2025-04-05 22:33:11.440',	NULL,	2000,	'01960459cbc8797daeed6fa1ec0fb685',	NULL,	0,	0,	'019607a848fe7945a1f9341a676efc3e',	'0195f8c4f9ce7176bad146bd21ff5674',	''),
('019607a8fdc7781ba9c2a4c5c87ef02b',	'2025-04-05 22:33:57.704',	'2025-04-05 22:33:57.704',	NULL,	180,	'01960459cbc8797daeed6fa1ec0fb685',	NULL,	0,	0,	'019607a8fdc27cb39de337f7ccc29cd2',	'0195f8c4f9ce7176bad146bd21ff5674',	''),
('019607bab08b7d46ac074a167dc410e5',	'2025-04-05 22:53:17.580',	'2025-04-05 22:53:17.580',	NULL,	760,	'0196045bc3e672eeb38280e33cf3f455',	NULL,	0,	0,	'019607bab0887c8b8e4fa743173f4373',	'0195f8c4f9ce7176bad146bd21ff5674',	''),
('019607bce7797b6a983db0d74107e68f',	'2025-04-05 22:55:42.714',	'2025-04-05 22:55:42.714',	NULL,	810,	'01960459cbc8797daeed6fa1ec0fb685',	NULL,	0,	0,	'019607bce775767b80646ed4bb96c3ec',	'0195f8c4f9ce7176bad146bd21ff5674',	''),
('01964eecb1267665a6698197627a844b',	'2025-04-19 18:40:56.871',	'2025-04-19 18:40:56.871',	NULL,	430,	'0196045c95c3750dae4c4c56018b5cab',	NULL,	0,	0,	'01964eecb1227c7fb3b70d3d76ded3e0',	'0195f8c4f9ce7176bad146bd21ff5674',	''),
('01964f1e894273e19a903b681dc2e2fb',	'2025-04-19 19:35:23.458',	'2025-04-19 19:35:23.458',	NULL,	430,	'0196045bc3e672eeb38280e33cf3f455',	NULL,	0,	0,	'01964f1e893f71b1a5e05fd33f793ec8',	'0195f8c4f9ce7176bad146bd21ff5674',	''),
('01964f60c9617614865b10e692e8044f',	'2025-04-19 20:47:45.249',	'2025-04-19 20:47:45.249',	NULL,	810,	'0196045bc3e672eeb38280e33cf3f455',	NULL,	0,	0,	'01964f60c95e77329929cd8d0297cb70',	'0195f8c4f9ce7176bad146bd21ff5674',	''),
('01964f73d82770c2ac72d2326ff24bc3',	'2025-04-19 21:08:34.215',	'2025-04-19 21:08:34.215',	NULL,	300,	'01960459cbc8797daeed6fa1ec0fb685',	NULL,	0,	0,	'01964f73d8237e6ba22c52f07c421eb4',	'0195f8c4f9ce7176bad146bd21ff5674',	''),
('01964fa077fe74a9a2e65caa6eba65ee',	'2025-04-19 21:57:18.718',	'2025-04-19 21:57:18.718',	NULL,	1670,	'01960459cbc8797daeed6fa1ec0fb685',	NULL,	0,	0,	'01964fa077fa7e4f9be8a9225a15b80d',	'0195f8c4f9ce7176bad146bd21ff5674',	'');

DROP TABLE IF EXISTS `accounts`;
CREATE TABLE `accounts` (
  `id` varchar(36) NOT NULL,
  `created_at` datetime(3) DEFAULT NULL,
  `updated_at` datetime(3) DEFAULT NULL,
  `deleted_at` datetime(3) DEFAULT NULL,
  `firstname` longtext,
  `lastname` longtext,
  `main_balance` int DEFAULT NULL,
  `credit_balance` int DEFAULT NULL,
  `account_group_id` varchar(36) DEFAULT NULL,
  `last_deposit` int DEFAULT NULL,
  `last_deposit_type` tinyint unsigned DEFAULT NULL,
  `last_deposit_time` datetime(3) DEFAULT NULL,
  `last_balance` int DEFAULT NULL,
  `last_payment` int DEFAULT NULL,
  `last_payment_time` datetime(3) DEFAULT NULL,
  PRIMARY KEY (`id`),
  KEY `idx_accounts_deleted_at` (`deleted_at`),
  KEY `fk_account_groups_accounts` (`account_group_id`),
  CONSTRAINT `fk_account_groups_accounts` FOREIGN KEY (`account_group_id`) REFERENCES `account_groups` (`id`)
) ENGINE=InnoDB DEFAULT CHARSET=utf8mb4 COLLATE=utf8mb4_0900_ai_ci;

INSERT INTO `accounts` (`id`, `created_at`, `updated_at`, `deleted_at`, `firstname`, `lastname`, `main_balance`, `credit_balance`, `account_group_id`, `last_deposit`, `last_deposit_type`, `last_deposit_time`, `last_balance`, `last_payment`, `last_payment_time`) VALUES
('01960459cbc8797daeed6fa1ec0fb685',	'2025-04-05 07:08:35.913',	'2025-04-19 21:57:18.720',	NULL,	'Georg ',	'Kaltenböck',	0,	17160,	'0195f52ebdf57dd6afdbb53b1f606aba',	25000,	0,	'2025-04-05 07:09:14.818',	18830,	0,	NULL),
('0196045bc3e672eeb38280e33cf3f455',	'2025-04-05 07:10:44.966',	'2025-04-19 20:47:45.251',	NULL,	'Thomas',	'Weilig',	0,	10510,	'0195c2805ece708683ad286092b361ac',	20000,	0,	'2025-04-05 07:10:57.126',	11320,	0,	NULL),
('0196045c95c3750dae4c4c56018b5cab',	'2025-04-05 07:11:38.691',	'2025-04-19 18:40:56.873',	NULL,	'Philip',	'Schartlmüller',	0,	19570,	'0195c2805ece708683ad286092b361ac',	20000,	0,	'2025-04-05 07:11:53.095',	20000,	0,	NULL);

DROP TABLE IF EXISTS `product_groups`;
CREATE TABLE `product_groups` (
  `id` varchar(36) NOT NULL,
  `created_at` datetime(3) DEFAULT NULL,
  `updated_at` datetime(3) DEFAULT NULL,
  `deleted_at` datetime(3) DEFAULT NULL,
  `name` longtext,
  `desc` longtext,
  `deposit` bigint unsigned DEFAULT NULL,
  `priority` bigint DEFAULT NULL,
  PRIMARY KEY (`id`),
  KEY `idx_product_groups_deleted_at` (`deleted_at`)
) ENGINE=InnoDB DEFAULT CHARSET=utf8mb4 COLLATE=utf8mb4_0900_ai_ci;

INSERT INTO `product_groups` (`id`, `created_at`, `updated_at`, `deleted_at`, `name`, `desc`, `deposit`, `priority`) VALUES
('0195c261b958786ab41d55edc58a02e8',	'2025-03-23 09:42:19.225',	'2025-04-19 15:00:29.317',	NULL,	'Alk. Getränke',	'Alkohol',	0,	NULL),
('0195c261ed8a7a51bfbe61fe4ccfb6f4',	'2025-03-23 09:42:32.587',	'2025-04-02 15:25:57.848',	NULL,	'Alkoholfrei',	'',	0,	NULL),
('0195c2620d11712b956a3dd3a447f7a1',	'2025-03-23 09:42:40.657',	'2025-03-23 09:50:05.043',	NULL,	'Mixgetränke',	'',	0,	NULL),
('0195c26223477a3ab39b8216970ae533',	'2025-03-23 09:42:46.344',	'2025-04-19 14:13:03.247',	NULL,	'Essen',	'',	0,	NULL),
('0195c26233897c8387ada0394b675e54',	'2025-03-23 09:42:50.506',	'2025-04-19 14:18:24.878',	NULL,	'Sonstiges',	'',	0,	NULL),
('0195c262621b75929469fc99f0d92224',	'2025-03-23 09:43:02.427',	'2025-03-23 09:43:22.410',	NULL,	'Tabak',	'',	0,	NULL);

DROP TABLE IF EXISTS `products`;
CREATE TABLE `products` (
  `id` varchar(36) NOT NULL,
  `created_at` datetime(3) DEFAULT NULL,
  `updated_at` datetime(3) DEFAULT NULL,
  `deleted_at` datetime(3) DEFAULT NULL,
  `name` longtext,
  `desc` longtext,
  `price` int DEFAULT '0',
  `product_group_id` varchar(36) NOT NULL,
  `active` tinyint(1) DEFAULT '0',
  `deposit` tinyint(1) DEFAULT '0',
  PRIMARY KEY (`id`),
  KEY `idx_products_deleted_at` (`deleted_at`),
  KEY `fk_product_groups_products` (`product_group_id`),
  CONSTRAINT `fk_product_groups_products` FOREIGN KEY (`product_group_id`) REFERENCES `product_groups` (`id`)
) ENGINE=InnoDB DEFAULT CHARSET=utf8mb4 COLLATE=utf8mb4_0900_ai_ci;

INSERT INTO `products` (`id`, `created_at`, `updated_at`, `deleted_at`, `name`, `desc`, `price`, `product_group_id`, `active`, `deposit`) VALUES
('0195c262b02b78c0a6b84ce41186113f',	'2025-03-23 09:43:22.412',	'2025-04-05 07:06:23.888',	NULL,	'Zigaretten',	'Alle Sorten',	700,	'0195c262621b75929469fc99f0d92224',	1,	0),
('0195c262f3b079f18fcf0a63d5d257a1',	'2025-03-23 09:43:39.697',	'2025-04-19 14:18:04.174',	NULL,	'Chips',	'',	150,	'0195c26233897c8387ada0394b675e54',	1,	0),
('0195c2631a1c7ea28d378570e50882ac',	'2025-03-23 09:43:49.533',	'2025-04-19 14:18:04.875',	NULL,	'Erdnüsse',	'',	200,	'0195c26233897c8387ada0394b675e54',	1,	0),
('0195c26349017c6bb95b29311608b3a9',	'2025-03-23 09:44:01.538',	'2025-04-19 14:18:05.839',	NULL,	'Nicknacks',	'',	250,	'0195c26233897c8387ada0394b675e54',	1,	0),
('0195c2637206702286349483767473e3',	'2025-03-23 09:44:12.038',	'2025-04-19 14:18:06.670',	NULL,	'Schlecker',	'',	50,	'0195c26233897c8387ada0394b675e54',	1,	0),
('0195c26415937c218e587e7c2d69ed99',	'2025-03-23 09:44:53.908',	'2025-04-19 14:18:08.229',	NULL,	'Schokoriegel groß',	'Mars, etc',	150,	'0195c26233897c8387ada0394b675e54',	1,	0),
('0195c26433ba7c7da6c5a2d10218dfdb',	'2025-03-23 09:45:01.627',	'2025-03-23 09:45:01.627',	NULL,	'Schokoriegel klein',	'Mars, etc',	100,	'0195c26233897c8387ada0394b675e54',	1,	NULL),
('0195c2649e3974309196e10c4a5162ca',	'2025-03-23 09:45:28.889',	'2025-04-05 14:07:56.657',	NULL,	'Bratlweckerl',	'',	350,	'0195c26223477a3ab39b8216970ae533',	1,	0),
('0195c264da2c78ac949a2d45897f424f',	'2025-03-23 09:45:44.237',	'2025-04-05 15:03:55.186',	NULL,	'Semmerl',	'Wurst/Käse',	300,	'0195c26223477a3ab39b8216970ae533',	1,	0),
('0195c265483b750ca0d106143d6eef90',	'2025-03-23 09:46:12.411',	'2025-03-23 12:37:24.436',	NULL,	'Bosner',	'groß',	500,	'0195c26223477a3ab39b8216970ae533',	1,	NULL),
('0195c26592d67e89b99ffddc2ddf5922',	'2025-03-23 09:46:31.511',	'2025-04-05 15:04:17.453',	NULL,	'Gebäck',	'Wurst/Käse',	300,	'0195c26223477a3ab39b8216970ae533',	1,	0),
('0195c265e869751593445734f42b2e93',	'2025-03-23 09:46:53.417',	'2025-04-02 06:25:24.140',	'2025-04-05 07:00:30.416',	'Kotelett Semmel',	'',	450,	'0195c26223477a3ab39b8216970ae533',	1,	0),
('0195c2660dd6708d9266c13f60bbb3ce',	'2025-03-23 09:47:02.998',	'2025-04-05 07:07:52.655',	NULL,	'Leberkäs Semmel',	'',	300,	'0195c26223477a3ab39b8216970ae533',	1,	0),
('0195c2662d4772b4a6950cfe9316cab8',	'2025-03-23 09:47:11.047',	'2025-03-23 12:37:45.888',	NULL,	'Pommes',	'',	350,	'0195c26223477a3ab39b8216970ae533',	1,	NULL),
('0195c266b1327ac5bb737e2468889c5f',	'2025-03-23 09:47:44.819',	'2025-03-23 09:49:42.050',	NULL,	'Cola Bacardi',	'Säule',	6000,	'0195c2620d11712b956a3dd3a447f7a1',	1,	NULL),
('0195c266ddd7716a960c683e82daae7a',	'2025-03-23 09:47:56.247',	'2025-03-23 09:49:41.623',	NULL,	'Cola Bacardi',	'Doppler',	3500,	'0195c2620d11712b956a3dd3a447f7a1',	1,	NULL),
('0195c267068f7c6baac4c734bb489a89',	'2025-03-23 09:48:06.672',	'2025-03-23 09:49:41.236',	NULL,	'Cola Bacardi',	'0.2L',	350,	'0195c2620d11712b956a3dd3a447f7a1',	1,	NULL),
('0195c2674b507004a8833a9ed76c77ce',	'2025-03-23 09:48:24.272',	'2025-03-23 09:49:40.811',	NULL,	'Cola Whiskey',	'Säule',	6000,	'0195c2620d11712b956a3dd3a447f7a1',	1,	NULL),
('0195c26766c1775990740c6d07f3a3be',	'2025-03-23 09:48:31.297',	'2025-03-23 09:49:40.401',	NULL,	'Cola Whiskey',	'Doppler',	3500,	'0195c2620d11712b956a3dd3a447f7a1',	1,	NULL),
('0195c26794c77ec9b6b7a8b6a6b6d9ff',	'2025-03-23 09:48:43.080',	'2025-03-23 09:49:39.993',	NULL,	'Vodka Sozi',	'0.2L',	350,	'0195c2620d11712b956a3dd3a447f7a1',	1,	NULL),
('0195c267f2a871918bd1d8955646031f',	'2025-03-23 09:49:07.112',	'2025-03-23 09:49:39.614',	NULL,	'Vodka Sozi',	'Säule',	4500,	'0195c2620d11712b956a3dd3a447f7a1',	1,	NULL),
('0195c2682f2977c9b21737c2eea529c1',	'2025-03-23 09:49:22.602',	'2025-03-23 09:49:39.217',	NULL,	'Vodka Sozi',	'Doppler',	3500,	'0195c2620d11712b956a3dd3a447f7a1',	1,	NULL),
('0195c268d4f372b88fbd4cc7eb0a5b61',	'2025-03-23 09:50:05.043',	'2025-03-23 09:50:05.043',	NULL,	'Cola Whiskey',	'0.2L',	350,	'0195c2620d11712b956a3dd3a447f7a1',	1,	NULL),
('0195c269c2cd7698b27b817a4a45beaf',	'2025-03-23 09:51:05.933',	'2025-03-23 12:52:42.023',	NULL,	'Anti Leitung',	'0.5L',	250,	'0195c261ed8a7a51bfbe61fe4ccfb6f4',	1,	NULL),
('0195c269f11b748cb6bcd4060a17d3e9',	'2025-03-23 09:51:17.787',	'2025-03-23 12:53:39.140',	NULL,	'Anti Leitung',	'0.3L',	200,	'0195c261ed8a7a51bfbe61fe4ccfb6f4',	1,	NULL),
('0195c26a30fe7c8995cb994b97aefac0',	'2025-03-23 09:51:34.143',	'2025-03-23 12:53:08.872',	NULL,	'Anti Soda',	'0.5L',	300,	'0195c261ed8a7a51bfbe61fe4ccfb6f4',	1,	NULL),
('0195c26a501d7da88266c3b3ab90df94',	'2025-03-23 09:51:42.110',	'2025-03-23 12:53:30.051',	NULL,	'Anti Soda',	'0.3L',	250,	'0195c261ed8a7a51bfbe61fe4ccfb6f4',	1,	NULL),
('0195c26ac6227181ba7afc82f2a831ba',	'2025-03-23 09:52:12.322',	'2025-03-23 12:55:23.862',	NULL,	'Anti Pur',	'0.5L',	350,	'0195c261ed8a7a51bfbe61fe4ccfb6f4',	1,	NULL),
('0195c26aeb317070a01c4243557edbbc',	'2025-03-23 09:52:21.809',	'2025-03-23 12:55:32.089',	NULL,	'Anti Pur',	'0.3L',	300,	'0195c261ed8a7a51bfbe61fe4ccfb6f4',	1,	NULL),
('0195c26b1c1471faa68cbb81c8e4be52',	'2025-03-23 09:52:34.324',	'2025-03-23 09:54:25.567',	NULL,	'Jugendgetränk',	'0.5L',	100,	'0195c261ed8a7a51bfbe61fe4ccfb6f4',	1,	NULL),
('0195c26b498f75e8a8db174507a1e250',	'2025-03-23 09:52:45.967',	'2025-03-23 09:54:25.144',	NULL,	'Kaffee',	'Tasse',	250,	'0195c261ed8a7a51bfbe61fe4ccfb6f4',	1,	NULL),
('0195c26b9e6476d295445b38c2c4bdf8',	'2025-03-23 09:53:07.684',	'2025-03-23 09:54:24.716',	NULL,	'Tee',	'Tasse',	200,	'0195c261ed8a7a51bfbe61fe4ccfb6f4',	1,	NULL),
('0195c26bd31878b7a099c89fb57124aa',	'2025-03-23 09:53:21.177',	'2025-03-23 09:54:24.278',	NULL,	'Mineral',	'0.5L',	200,	'0195c261ed8a7a51bfbe61fe4ccfb6f4',	1,	NULL),
('0195c26bf4bc7ba3ac73d0c7de6dd74d',	'2025-03-23 09:53:29.789',	'2025-03-23 09:54:23.839',	NULL,	'Mineral',	'0.3L',	150,	'0195c261ed8a7a51bfbe61fe4ccfb6f4',	1,	NULL),
('0195c26c578278dea40fceda969d858f',	'2025-03-23 09:53:55.075',	'2025-03-23 09:54:23.399',	NULL,	'Soda Zitrone',	'0.5L',	230,	'0195c261ed8a7a51bfbe61fe4ccfb6f4',	1,	NULL),
('0195c26c7a58737b8daf1023fd96fffe',	'2025-03-23 09:54:03.992',	'2025-03-23 09:54:22.994',	NULL,	'Soda Zitrone',	'0.3L',	180,	'0195c261ed8a7a51bfbe61fe4ccfb6f4',	1,	NULL),
('0195c26cbe8378d5a1829e6bb8d5f1a1',	'2025-03-23 09:54:21.444',	'2025-03-23 09:54:21.444',	NULL,	'Red Bull',	'Dose',	300,	'0195c261ed8a7a51bfbe61fe4ccfb6f4',	1,	NULL),
('0195c26d87687654923b24e51014a7a2',	'2025-03-23 09:55:12.872',	'2025-04-05 07:03:16.795',	NULL,	'Bier / Radler',	'0.5L',	430,	'0195c261b958786ab41d55edc58a02e8',	1,	0),
('0195c26db6f9792e88553329afabb299',	'2025-03-23 09:55:25.050',	'2025-04-05 07:03:27.515',	NULL,	'Bier / Radler',	'0.3L',	380,	'0195c261b958786ab41d55edc58a02e8',	1,	0),
('0195c26ddc70797394f57288dffc7127',	'2025-03-23 09:55:34.641',	'2025-03-23 09:55:34.641',	NULL,	'Bier',	'Doppler',	1720,	'0195c261b958786ab41d55edc58a02e8',	1,	NULL),
('0195c26e1ca278cea52cb7b9fd9e5a30',	'2025-03-23 09:55:51.075',	'2025-04-19 14:21:42.034',	NULL,	'Spritzer weiß',	'0.5L',	400,	'0195c261b958786ab41d55edc58a02e8',	1,	0),
('0195c26e6b417df5903364fd6496b294',	'2025-03-23 09:56:11.202',	'2025-04-19 14:21:57.445',	NULL,	'Spritzer weiß',	'0.3L',	350,	'0195c261b958786ab41d55edc58a02e8',	1,	0),
('0195c26f7eaa769fb722fdc4a70b3b47',	'2025-03-23 09:57:21.706',	'2025-04-05 07:13:36.659',	NULL,	'Sommer Spritzer',	'0.5L',	350,	'0195c261b958786ab41d55edc58a02e8',	1,	0),
('0195c26f9f14716eb0ead6b4a214c777',	'2025-03-23 09:57:30.004',	'2025-04-05 07:13:24.866',	NULL,	'Sommer Spritzer',	'0.3L',	300,	'0195c261b958786ab41d55edc58a02e8',	1,	0),
('0195c26fc3887233a3a32d732d9f3c08',	'2025-03-23 09:57:39.336',	'2025-04-05 07:13:30.188',	NULL,	'Sommer Spritzer',	'0.25L',	270,	'0195c261b958786ab41d55edc58a02e8',	1,	0),
('0195c270241375a29754d06bb1902c7f',	'2025-03-23 09:58:04.051',	'2025-03-23 09:58:04.051',	NULL,	'Most gspritzt',	'0.5L',	300,	'0195c261b958786ab41d55edc58a02e8',	1,	NULL),
('0195c27050ba70c1ab1d55db6c15b7da',	'2025-03-23 09:58:15.482',	'2025-03-23 09:58:15.482',	NULL,	'Most gspritzt',	'0.3L',	250,	'0195c261b958786ab41d55edc58a02e8',	1,	NULL),
('0195c27076157a08bbd9b0b3f4046689',	'2025-03-23 09:58:25.046',	'2025-03-23 09:58:25.046',	NULL,	'Most gspritzt',	'Doppler',	1200,	'0195c261b958786ab41d55edc58a02e8',	1,	NULL),
('0195c2710ad47cabb38214c41214fc4e',	'2025-03-23 09:59:03.125',	'2025-03-23 10:00:09.775',	NULL,	'Cola weiß',	'0.5L',	600,	'0195c261b958786ab41d55edc58a02e8',	1,	NULL),
('0195c27134ba78fa882ee478e199c476',	'2025-03-23 09:59:13.851',	'2025-03-23 10:00:09.334',	NULL,	'Cola weiß',	'0.3L',	450,	'0195c261b958786ab41d55edc58a02e8',	1,	NULL),
('0195c2716383782ba39d1ecbf038d3cf',	'2025-03-23 09:59:25.828',	'2025-03-23 10:00:08.964',	NULL,	'Cola weiß',	'Doppler',	2400,	'0195c261b958786ab41d55edc58a02e8',	1,	NULL),
('0195c271a0ba769684ab83687f549c24',	'2025-03-23 09:59:41.498',	'2025-03-23 10:00:08.561',	NULL,	'Cola rot',	'0.5L',	600,	'0195c261b958786ab41d55edc58a02e8',	1,	NULL),
('0195c271c80e76408597c377b11eb96a',	'2025-03-23 09:59:51.566',	'2025-03-23 10:00:08.130',	NULL,	'Cola rot',	'0.3L',	450,	'0195c261b958786ab41d55edc58a02e8',	1,	NULL),
('0195c272021b74b8bbba75114b991152',	'2025-03-23 10:00:06.427',	'2025-03-23 10:00:07.730',	NULL,	'Cola rot',	'Doppler',	2400,	'0195c261b958786ab41d55edc58a02e8',	1,	NULL),
('0195c2724cc77a3e87491f67ed9d884e',	'2025-03-23 10:00:25.544',	'2025-03-23 10:00:25.544',	NULL,	'Jägermeister',	'',	300,	'0195c261b958786ab41d55edc58a02e8',	1,	NULL),
('0195c272a7df7820b731e3df0c516385',	'2025-03-23 10:00:48.864',	'2025-04-19 14:19:30.698',	NULL,	'Spritzer süß',	'0.3L',	350,	'0195c261b958786ab41d55edc58a02e8',	1,	0),
('0195c2733ec17029bf190b9da94d8c41',	'2025-03-23 10:01:27.489',	'2025-04-19 14:18:52.804',	NULL,	'Spritzer süß',	'0.5L',	400,	'0195c261b958786ab41d55edc58a02e8',	1,	0),
('0195c273af287165b74ec12be9f34456',	'2025-03-23 10:01:56.264',	'2025-03-23 10:01:56.264',	NULL,	'Wein',	'1/8L',	210,	'0195c261b958786ab41d55edc58a02e8',	1,	NULL),
('0195c273d56776a0a73b71982b1a0ede',	'2025-03-23 10:02:06.055',	'2025-03-23 10:02:08.519',	NULL,	'Wein',	'Flasche',	1600,	'0195c261b958786ab41d55edc58a02e8',	1,	NULL),
('0195c3022c8277bca78a1b23b86f5179',	'2025-03-23 12:37:34.467',	'2025-03-23 12:37:34.467',	NULL,	'Bosner',	'klein',	450,	'0195c26223477a3ab39b8216970ae533',	1,	NULL),
('0195f7179b2b7635872375fcdeb9c47d',	'2025-04-02 15:21:14.283',	'2025-04-05 07:06:50.844',	NULL,	'Kotelett Semmel',	'inkl. Beilagen',	500,	'0195c26223477a3ab39b8216970ae533',	1,	0),
('0195fc40941a7719afe38842ad682cad',	'2025-04-03 17:24:05.531',	'2025-04-03 17:24:05.531',	NULL,	'',	'',	100,	'0195c261b958786ab41d55edc58a02e8',	1,	1),
('01964ded963c79c69297c094ba29a511',	'2025-04-19 14:02:18.301',	'2025-04-19 14:02:18.301',	NULL,	'Käsekrainer',	'mit Semmel',	500,	'0195c26223477a3ab39b8216970ae533',	1,	0),
('01964df5e1237047938d8af1dbaf9779',	'2025-04-19 14:11:21.763',	'2025-04-19 14:11:27.710',	NULL,	'Scharfe Buren',	'mit Semmel',	500,	'0195c26223477a3ab39b8216970ae533',	1,	0),
('01964df684557d29850e369683f2faa0',	'2025-04-19 14:12:03.542',	'2025-04-19 22:34:47.863',	NULL,	'Frankfurter / Debreziner',	'GROSS mit Semmel',	450,	'0195c26223477a3ab39b8216970ae533',	1,	0),
('01964df76d8f7bb286b4450e98478e39',	'2025-04-19 14:13:03.248',	'2025-04-19 14:13:13.159',	NULL,	'Frankfurter / Debreziner',	'KLEIN mit Semmel',	350,	'0195c26223477a3ab39b8216970ae533',	1,	0),
('01964dfc55ee7d0a943f73d59c16b419',	'2025-04-19 14:18:24.879',	'2025-04-19 14:18:24.879',	NULL,	'Mannerschnitten',	'',	150,	'0195c26233897c8387ada0394b675e54',	1,	0),
('01964e00ee1b70629480c8c8a51a7dad',	'2025-04-19 14:23:25.979',	'2025-04-19 14:23:28.970',	NULL,	'Saures Seiterl',	'',	320,	'0195c261b958786ab41d55edc58a02e8',	1,	0);

DROP TABLE IF EXISTS `roles`;
CREATE TABLE `roles` (
  `id` varchar(36) NOT NULL,
  `created_at` datetime(3) DEFAULT NULL,
  `updated_at` datetime(3) DEFAULT NULL,
  `deleted_at` datetime(3) DEFAULT NULL,
  `name` longtext,
  PRIMARY KEY (`id`),
  KEY `idx_roles_deleted_at` (`deleted_at`)
) ENGINE=InnoDB DEFAULT CHARSET=utf8mb4 COLLATE=utf8mb4_0900_ai_ci;

INSERT INTO `roles` (`id`, `created_at`, `updated_at`, `deleted_at`, `name`) VALUES
('0195c25a4d907d7ca2c74413713b6af8',	'2025-03-23 09:34:12.881',	'2025-03-23 09:34:12.881',	NULL,	'admin'),
('0195c25bb0847bbd92db858493588db5',	'2025-03-23 09:35:43.749',	'2025-03-23 09:35:43.749',	NULL,	'Kantine'),
('0195c25bd5be75659abae26c0b14d601',	'2025-03-23 09:35:53.278',	'2025-03-23 09:35:53.278',	NULL,	'Seidlbar'),
('0195c25beee17932b786860593092a8a',	'2025-03-23 09:35:59.714',	'2025-03-23 09:35:59.714',	NULL,	'Hütte');

DROP TABLE IF EXISTS `summaries`;
CREATE TABLE `summaries` (
  `id` varchar(36) NOT NULL,
  `created_at` datetime(3) DEFAULT NULL,
  `updated_at` datetime(3) DEFAULT NULL,
  `deleted_at` datetime(3) DEFAULT NULL,
  `type` tinyint unsigned DEFAULT NULL,
  `content` longtext,
  PRIMARY KEY (`id`),
  KEY `idx_summaries_deleted_at` (`deleted_at`)
) ENGINE=InnoDB DEFAULT CHARSET=utf8mb4 COLLATE=utf8mb4_0900_ai_ci;


DROP TABLE IF EXISTS `transaction_items`;
CREATE TABLE `transaction_items` (
  `transaction_id` varchar(36) NOT NULL,
  `product_id` varchar(36) NOT NULL,
  `qty` tinyint DEFAULT NULL,
  `price` int DEFAULT NULL,
  PRIMARY KEY (`transaction_id`,`product_id`),
  KEY `idx_transaction_items_transaction_id` (`transaction_id`),
  KEY `idx_transaction_items_product_id` (`product_id`),
  CONSTRAINT `fk_transaction_items_product` FOREIGN KEY (`product_id`) REFERENCES `products` (`id`),
  CONSTRAINT `fk_transactions_items` FOREIGN KEY (`transaction_id`) REFERENCES `transactions` (`id`) ON DELETE CASCADE
) ENGINE=InnoDB DEFAULT CHARSET=utf8mb4 COLLATE=utf8mb4_0900_ai_ci;

INSERT INTO `transaction_items` (`transaction_id`, `product_id`, `qty`, `price`) VALUES
('019605d997e97122a524006fbe81b563',	'0195c26cbe8378d5a1829e6bb8d5f1a1',	1,	300),
('019605dec88479ce9cfe19f1305c1747',	'0195c26b498f75e8a8db174507a1e250',	1,	250),
('019605dee0a2798dad667699be98695e',	'0195c26b498f75e8a8db174507a1e250',	1,	250),
('019605ef2c2f795c9cdaccedba9e1fa7',	'0195c26b498f75e8a8db174507a1e250',	1,	250),
('019605f376717ae8a8410110b27af585',	'0195c26c578278dea40fceda969d858f',	1,	230),
('019605f54aff7024acd53ffc23e6882a',	'0195c26a30fe7c8995cb994b97aefac0',	1,	300),
('019605f54aff7024acd53ffc23e6882a',	'0195fc40941a7719afe38842ad682cad',	1,	100),
('019605fac0397b29a48ef849749b8ec6',	'0195c26a30fe7c8995cb994b97aefac0',	1,	300),
('019605fac0397b29a48ef849749b8ec6',	'0195fc40941a7719afe38842ad682cad',	1,	100),
('019605fc8028746bbcf8c6b8377beab9',	'0195c26d87687654923b24e51014a7a2',	1,	430),
('019605fc8028746bbcf8c6b8377beab9',	'0195fc40941a7719afe38842ad682cad',	1,	100),
('019605fcef9e78a6af5ba2985ca6793f',	'0195c264da2c78ac949a2d45897f424f',	1,	250),
('019605fcef9e78a6af5ba2985ca6793f',	'0195f7179b2b7635872375fcdeb9c47d',	1,	500),
('019605fe1e3f71bba1491da2f934ddb0',	'0195c26d87687654923b24e51014a7a2',	2,	430),
('019605fe1e3f71bba1491da2f934ddb0',	'0195fc40941a7719afe38842ad682cad',	2,	100),
('019605fe20ee716d9d046ecfb267d80b',	'0195c264da2c78ac949a2d45897f424f',	1,	250),
('019605ff6bb675b3afc95a1c169ed784',	'0195c26ac6227181ba7afc82f2a831ba',	1,	350),
('019605ff6bb675b3afc95a1c169ed784',	'0195fc40941a7719afe38842ad682cad',	1,	100),
('019605ffcb227b2bbddceaba05aed067',	'0195c26f7eaa769fb722fdc4a70b3b47',	1,	350),
('019605ffcb227b2bbddceaba05aed067',	'0195fc40941a7719afe38842ad682cad',	1,	100),
('01960600eb9a76b2810c21a21a56953b',	'0195c26d87687654923b24e51014a7a2',	2,	430),
('01960600eb9a76b2810c21a21a56953b',	'0195fc40941a7719afe38842ad682cad',	2,	100),
('019606019e23782fb829cd82f5d383c1',	'0195c270241375a29754d06bb1902c7f',	1,	300),
('019606019e23782fb829cd82f5d383c1',	'0195fc40941a7719afe38842ad682cad',	1,	100),
('01960602c18f7632aa6e44b255509ae1',	'0195c26d87687654923b24e51014a7a2',	1,	430),
('0196060941fa7e429eeaebe2e8f13505',	'0195c26433ba7c7da6c5a2d10218dfdb',	1,	100),
('0196060941fa7e429eeaebe2e8f13505',	'0195c26a501d7da88266c3b3ab90df94',	1,	250),
('0196060941fa7e429eeaebe2e8f13505',	'0195fc40941a7719afe38842ad682cad',	1,	100),
('01960609a7627a258ea3bb8b33e19adb',	'0195c270241375a29754d06bb1902c7f',	3,	300),
('0196060d6fde7942860c9fd65e3cbdab',	'0195c2662d4772b4a6950cfe9316cab8',	1,	350),
('0196060e7ae07a38b8e727f6ee189d9b',	'0195c26a30fe7c8995cb994b97aefac0',	1,	300),
('0196060e7ae07a38b8e727f6ee189d9b',	'0195c26d87687654923b24e51014a7a2',	2,	430),
('0196060e7ae07a38b8e727f6ee189d9b',	'0195fc40941a7719afe38842ad682cad',	1,	100),
('019606102ba07e8da484db3a1fb60a6e',	'0195c26d87687654923b24e51014a7a2',	1,	430),
('019606102ba07e8da484db3a1fb60a6e',	'0195fc40941a7719afe38842ad682cad',	1,	100),
('01960611c07a79bb8cd4a9c02efa4f3b',	'0195c26a30fe7c8995cb994b97aefac0',	1,	300),
('01960611c07a79bb8cd4a9c02efa4f3b',	'0195fc40941a7719afe38842ad682cad',	1,	100),
('0196061399e870328db47dd4e06eb0c7',	'0195c26aeb317070a01c4243557edbbc',	1,	300),
('0196061399e870328db47dd4e06eb0c7',	'0195fc40941a7719afe38842ad682cad',	1,	100),
('0196061b73997440860e7c6f671a3f1c',	'0195f7179b2b7635872375fcdeb9c47d',	1,	500),
('0196061ee70974ca92404b0e14ff58cd',	'0195c2662d4772b4a6950cfe9316cab8',	1,	350),
('0196061f02d67dc19fe8297bb5387103',	'0195c2662d4772b4a6950cfe9316cab8',	1,	350),
('01960620e53d7dde995af1be7e08ce38',	'0195c262b02b78c0a6b84ce41186113f',	1,	700),
('01960624cd5b7ea28b97d1163d1e5ddb',	'0195c26a30fe7c8995cb994b97aefac0',	2,	300),
('0196062836af7a4bb3afe2afb1e84b38',	'0195c26a30fe7c8995cb994b97aefac0',	1,	300),
('0196062836af7a4bb3afe2afb1e84b38',	'0195fc40941a7719afe38842ad682cad',	1,	100),
('01960628d9ea7038a66950c8639e0e6d',	'0195c270241375a29754d06bb1902c7f',	1,	300),
('019606294bff744e9c1ce814f604a3ea',	'0195c26d87687654923b24e51014a7a2',	1,	430),
('019606294bff744e9c1ce814f604a3ea',	'0195c26f7eaa769fb722fdc4a70b3b47',	2,	350),
('019606294bff744e9c1ce814f604a3ea',	'0195fc40941a7719afe38842ad682cad',	1,	100),
('0196062aa5997999ba5ea0a00045eb96',	'0195c26f9f14716eb0ead6b4a214c777',	1,	300),
('0196062aa5997999ba5ea0a00045eb96',	'0195fc40941a7719afe38842ad682cad',	1,	100),
('0196062ad778716db75aa49e84e08c76',	'0195f7179b2b7635872375fcdeb9c47d',	1,	500),
('0196062c2f0a7eec8fc6535aa0dee42c',	'0195c26d87687654923b24e51014a7a2',	2,	430),
('0196062fed36798f9e7f5ab7ad3c11a4',	'0195c26f7eaa769fb722fdc4a70b3b47',	1,	350),
('0196062fed36798f9e7f5ab7ad3c11a4',	'0195fc40941a7719afe38842ad682cad',	1,	100),
('019606301ce87c479773b73022b14d02',	'0195c272a7df7820b731e3df0c516385',	1,	380),
('019606305b1176c9b9d3d02eee97bb25',	'0195c26f9f14716eb0ead6b4a214c777',	1,	300),
('019606306c6f7ef69757f4f8668048f8',	'0195c26f9f14716eb0ead6b4a214c777',	1,	300),
('019606313022790196bb0b421547cf3d',	'0195c2662d4772b4a6950cfe9316cab8',	1,	350),
('0196063610b87c299cbfe76fb0379f0f',	'0195c26d87687654923b24e51014a7a2',	1,	430),
('0196063610b87c299cbfe76fb0379f0f',	'0195fc40941a7719afe38842ad682cad',	1,	100),
('01960636cd0074d88cd8b3144768d8fd',	'0195c26bd31878b7a099c89fb57124aa',	1,	200),
('01960636cd0074d88cd8b3144768d8fd',	'0195c26d87687654923b24e51014a7a2',	1,	430),
('01960636cd0074d88cd8b3144768d8fd',	'0195fc40941a7719afe38842ad682cad',	1,	100),
('01960638486375538e41867d0770c5ba',	'0195c26a30fe7c8995cb994b97aefac0',	1,	300),
('0196063851f17ef49e1e54ab5386ecf6',	'0195c270241375a29754d06bb1902c7f',	2,	300),
('01960639de5470ae92abcd9efebb654f',	'0195c26d87687654923b24e51014a7a2',	1,	430),
('01960639de5470ae92abcd9efebb654f',	'0195fc40941a7719afe38842ad682cad',	1,	100),
('0196063adec379afba5251f39c9d6636',	'0195c26d87687654923b24e51014a7a2',	2,	430),
('0196063af58a7a6189175076cb408f18',	'0195c2662d4772b4a6950cfe9316cab8',	1,	350),
('0196063c14e37347b405b5d658aadbd4',	'0195c2662d4772b4a6950cfe9316cab8',	1,	350),
('0196063ed2997ee48be400fafa2706ac',	'0195c26d87687654923b24e51014a7a2',	1,	430),
('0196063ed2997ee48be400fafa2706ac',	'0195fc40941a7719afe38842ad682cad',	1,	100),
('0196063efef376cba6791fe484f93b16',	'0195c26f7eaa769fb722fdc4a70b3b47',	3,	350),
('0196063efef376cba6791fe484f93b16',	'0195fc40941a7719afe38842ad682cad',	3,	100),
('0196063ff1027856b29e989693bda688',	'0195c26b498f75e8a8db174507a1e250',	1,	250),
('0196063ff1027856b29e989693bda688',	'0195c270241375a29754d06bb1902c7f',	1,	300),
('0196063ff1027856b29e989693bda688',	'0195fc40941a7719afe38842ad682cad',	1,	100),
('019606411e28730a9f59b88597271656',	'0195fc40941a7719afe38842ad682cad',	-1,	100),
('019606412e5a7b25b7e2d3d5c3dd3931',	'0195c26d87687654923b24e51014a7a2',	2,	430),
('0196064232d272a69f78f206a7cc4979',	'0195c26d87687654923b24e51014a7a2',	1,	430),
('0196064232d272a69f78f206a7cc4979',	'0195fc40941a7719afe38842ad682cad',	1,	100),
('019606453058729589c15894eecc1121',	'0195c26f7eaa769fb722fdc4a70b3b47',	1,	350),
('019606453058729589c15894eecc1121',	'0195fc40941a7719afe38842ad682cad',	1,	100),
('01960645c05b733bb70f5223d101fbea',	'0195c26a30fe7c8995cb994b97aefac0',	1,	300),
('01960645c05b733bb70f5223d101fbea',	'0195fc40941a7719afe38842ad682cad',	1,	100),
('0196064799a17300a16f2890ec23fc60',	'0195c2662d4772b4a6950cfe9316cab8',	1,	350),
('0196064975697f2b8fb889cb8861e894',	'0195c26d87687654923b24e51014a7a2',	2,	430),
('0196064975697f2b8fb889cb8861e894',	'0195fc40941a7719afe38842ad682cad',	2,	100),
('0196064c05bc7b389096712091a663bc',	'0195c26d87687654923b24e51014a7a2',	1,	430),
('0196064c5beb7f0ba48660da54555bdf',	'0195c26d87687654923b24e51014a7a2',	1,	430),
('0196064c5beb7f0ba48660da54555bdf',	'0195fc40941a7719afe38842ad682cad',	1,	100),
('0196064c5ff97c4f93b373725f8c2571',	'0195c2662d4772b4a6950cfe9316cab8',	1,	350),
('0196064ea12f7cd7aa093b238bf5b2d1',	'0195c269c2cd7698b27b817a4a45beaf',	1,	250),
('0196064ea12f7cd7aa093b238bf5b2d1',	'0195fc40941a7719afe38842ad682cad',	1,	100),
('0196064f08cd76d28b01731ee2e87a22',	'0195c2662d4772b4a6950cfe9316cab8',	1,	350),
('0196064fffaf74be80a6f770b728d102',	'0195c26bd31878b7a099c89fb57124aa',	1,	200),
('0196064fffaf74be80a6f770b728d102',	'0195c270241375a29754d06bb1902c7f',	2,	300),
('0196064fffaf74be80a6f770b728d102',	'0195fc40941a7719afe38842ad682cad',	2,	100),
('01960650482b7a7eb8ffc3946a396061',	'0195c26d87687654923b24e51014a7a2',	1,	430),
('01960650482b7a7eb8ffc3946a396061',	'0195fc40941a7719afe38842ad682cad',	1,	100),
('019606506df17556bfb423ed6487408f',	'0195c26ac6227181ba7afc82f2a831ba',	1,	350),
('019606506df17556bfb423ed6487408f',	'0195c26d87687654923b24e51014a7a2',	1,	430),
('01960650af6372a6b28c074a71853e46',	'0195c26d87687654923b24e51014a7a2',	1,	430),
('01960650af6372a6b28c074a71853e46',	'0195fc40941a7719afe38842ad682cad',	1,	100),
('0196065104997597ab8ec4b926731853',	'0195c2662d4772b4a6950cfe9316cab8',	2,	350),
('0196065176ca7c85815ee616271de8c4',	'0195c26db6f9792e88553329afabb299',	3,	380),
('0196065176ca7c85815ee616271de8c4',	'0195fc40941a7719afe38842ad682cad',	3,	100),
('0196065181d07a3a9b397b916d93b2d2',	'0195c26d87687654923b24e51014a7a2',	1,	430),
('0196065181d07a3a9b397b916d93b2d2',	'0195fc40941a7719afe38842ad682cad',	1,	100),
('019606518f517cc1b32df0251da523d0',	'0195c26d87687654923b24e51014a7a2',	1,	430),
('019606518f517cc1b32df0251da523d0',	'0195fc40941a7719afe38842ad682cad',	1,	100),
('019606523a817852a9c060d13479018f',	'0195c26d87687654923b24e51014a7a2',	1,	430),
('0196065509ef7aa7b4a47d019f4a35c7',	'0195f7179b2b7635872375fcdeb9c47d',	1,	500),
('019606551e0f78bf9b1bce29e21b0774',	'0195c26d87687654923b24e51014a7a2',	1,	430),
('019606551e0f78bf9b1bce29e21b0774',	'0195fc40941a7719afe38842ad682cad',	1,	100),
('019606552b1279048c43db46b845b31e',	'0195c270241375a29754d06bb1902c7f',	1,	300),
('019606555ce77305a74ec118604eb006',	'0195c26d87687654923b24e51014a7a2',	1,	430),
('019606555ce77305a74ec118604eb006',	'0195c270241375a29754d06bb1902c7f',	2,	300),
('019606555ce77305a74ec118604eb006',	'0195fc40941a7719afe38842ad682cad',	3,	100),
('01960655728e73689d6583a944f3c161',	'0195c26f7eaa769fb722fdc4a70b3b47',	1,	350),
('01960655728e73689d6583a944f3c161',	'0195fc40941a7719afe38842ad682cad',	1,	100),
('01960655870d7d60aa48fe9d39036d78',	'0195c26d87687654923b24e51014a7a2',	1,	430),
('01960655870d7d60aa48fe9d39036d78',	'0195fc40941a7719afe38842ad682cad',	1,	100),
('01960655ef577b77afe253f236693935',	'0195c2662d4772b4a6950cfe9316cab8',	1,	350),
('01960657321b708d807a3a5b4779daa3',	'0195c26a30fe7c8995cb994b97aefac0',	2,	300),
('01960657321b708d807a3a5b4779daa3',	'0195c26d87687654923b24e51014a7a2',	1,	430),
('01960657321b708d807a3a5b4779daa3',	'0195fc40941a7719afe38842ad682cad',	3,	100),
('01960657af0878d382bf62f63ebc766e',	'0195c26d87687654923b24e51014a7a2',	1,	430),
('01960657af0878d382bf62f63ebc766e',	'0195fc40941a7719afe38842ad682cad',	1,	100),
('019606587db1760cb7e0dda22eb3d839',	'0195c2662d4772b4a6950cfe9316cab8',	1,	350),
('01960658c21273ea93f83dff7be92a75',	'0195c26aeb317070a01c4243557edbbc',	1,	300),
('01960658d5fc7190865c60c5a03cae8a',	'0195c26ac6227181ba7afc82f2a831ba',	1,	350),
('01960658f0647487a4f12f9d4b42688c',	'0195c26c578278dea40fceda969d858f',	1,	230),
('01960659f35d7a338cf4dcd9073ef08f',	'0195c26d87687654923b24e51014a7a2',	1,	430),
('01960659f35d7a338cf4dcd9073ef08f',	'0195fc40941a7719afe38842ad682cad',	1,	100),
('0196065a7ce17c5988ad1a3a9c71f8de',	'0195c26d87687654923b24e51014a7a2',	1,	430),
('0196065a7ce17c5988ad1a3a9c71f8de',	'0195fc40941a7719afe38842ad682cad',	1,	100),
('0196065b8fce76f2b318dfdf30d5d36c',	'0195c26d87687654923b24e51014a7a2',	1,	430),
('0196065b8fce76f2b318dfdf30d5d36c',	'0195fc40941a7719afe38842ad682cad',	1,	100),
('0196065be81f7e2798a398025be4948f',	'0195c26d87687654923b24e51014a7a2',	1,	430),
('0196065ccfda72a38a21a43c6f7c2feb',	'0195c26d87687654923b24e51014a7a2',	1,	430),
('0196065ccfda72a38a21a43c6f7c2feb',	'0195fc40941a7719afe38842ad682cad',	1,	100),
('0196065d265b747fa0c8d66e56b2552c',	'0195c26d87687654923b24e51014a7a2',	1,	430),
('0196065d265b747fa0c8d66e56b2552c',	'0195fc40941a7719afe38842ad682cad',	1,	100),
('0196065d4dd673449c07121adc45d866',	'0195c26d87687654923b24e51014a7a2',	3,	430),
('0196065d4dd673449c07121adc45d866',	'0195fc40941a7719afe38842ad682cad',	3,	100),
('0196065d951f74748978a88eaf6720ca',	'0195c2662d4772b4a6950cfe9316cab8',	1,	350),
('0196065d951f74748978a88eaf6720ca',	'0195f7179b2b7635872375fcdeb9c47d',	1,	500),
('0196065e0ab672f5ba0a8fe30bf0fa0d',	'0195c270241375a29754d06bb1902c7f',	2,	300),
('0196065e0ab672f5ba0a8fe30bf0fa0d',	'0195fc40941a7719afe38842ad682cad',	2,	100),
('0196065e8e4c7d2baf641856f8ed0100',	'0195c26d87687654923b24e51014a7a2',	1,	430),
('0196065f5f6c77169aeb43232ae4edd3',	'0195c26a30fe7c8995cb994b97aefac0',	1,	300),
('0196065f5f6c77169aeb43232ae4edd3',	'0195c26d87687654923b24e51014a7a2',	2,	430),
('0196065f5f6c77169aeb43232ae4edd3',	'0195fc40941a7719afe38842ad682cad',	1,	100),
('0196065fa2ce703ca26d8f1dc2131422',	'0195c270241375a29754d06bb1902c7f',	1,	300),
('0196065fa2ce703ca26d8f1dc2131422',	'0195fc40941a7719afe38842ad682cad',	1,	100),
('0196065fcb1175b486cef8be6e5a5ec8',	'0195c269c2cd7698b27b817a4a45beaf',	1,	250),
('0196065fcb1175b486cef8be6e5a5ec8',	'0195fc40941a7719afe38842ad682cad',	1,	100),
('01960660d29274f8b759680f10d0593f',	'0195c2662d4772b4a6950cfe9316cab8',	4,	350),
('01960660d29274f8b759680f10d0593f',	'0195f7179b2b7635872375fcdeb9c47d',	1,	500),
('01960660dbe67aea855f599a8d5d5b53',	'0195c26f7eaa769fb722fdc4a70b3b47',	1,	350),
('0196066114237e24bf1f3fb213be0d86',	'0195c270241375a29754d06bb1902c7f',	2,	300),
('0196066114237e24bf1f3fb213be0d86',	'0195fc40941a7719afe38842ad682cad',	2,	100),
('0196066183eb72a29526be08958b6bc6',	'0195c2662d4772b4a6950cfe9316cab8',	1,	350),
('01960661ece979ba8e8b057e7e0b720f',	'0195c26d87687654923b24e51014a7a2',	1,	430),
('01960661ece979ba8e8b057e7e0b720f',	'0195fc40941a7719afe38842ad682cad',	1,	100),
('01960663d87171db93bc842e733e21a8',	'0195c26a30fe7c8995cb994b97aefac0',	1,	300),
('01960664bc6e78a097252f88c18960f8',	'0195c26a30fe7c8995cb994b97aefac0',	2,	300),
('01960664bc6e78a097252f88c18960f8',	'0195fc40941a7719afe38842ad682cad',	2,	100),
('019606653c8d7e468e124585760ceef1',	'0195c2662d4772b4a6950cfe9316cab8',	1,	350),
('019606656bda7c76b7aaa5265917ce55',	'0195c270241375a29754d06bb1902c7f',	2,	300),
('019606656bda7c76b7aaa5265917ce55',	'0195fc40941a7719afe38842ad682cad',	2,	100),
('0196066589c07633b49a2e3dd884237c',	'0195c26f9f14716eb0ead6b4a214c777',	1,	300),
('01960665990673e9bd1f72b554e00a00',	'0195c26f9f14716eb0ead6b4a214c777',	1,	300),
('01960665ac1174e9a5d732e1182b8b6a',	'0195c26aeb317070a01c4243557edbbc',	1,	300),
('01960667003876e586ca4f2419f7193d',	'0195c26d87687654923b24e51014a7a2',	1,	430),
('01960667003876e586ca4f2419f7193d',	'0195c270241375a29754d06bb1902c7f',	1,	300),
('019606678fb77249a64b1097a935e905',	'0195c26d87687654923b24e51014a7a2',	4,	430),
('019606678fb77249a64b1097a935e905',	'0195c26f7eaa769fb722fdc4a70b3b47',	3,	350),
('019606678fb77249a64b1097a935e905',	'0195fc40941a7719afe38842ad682cad',	2,	100),
('01960667d50b71129b6951a26a0c99ad',	'0195c26d87687654923b24e51014a7a2',	1,	430),
('01960667d50b71129b6951a26a0c99ad',	'0195fc40941a7719afe38842ad682cad',	1,	100),
('01960668dc04706e956ac643d09903c5',	'0195c2662d4772b4a6950cfe9316cab8',	1,	350),
('019606695f6e7c24b097b450d34a788c',	'0195c26a30fe7c8995cb994b97aefac0',	2,	300),
('019606695f6e7c24b097b450d34a788c',	'0195c26db6f9792e88553329afabb299',	4,	380),
('019606695f6e7c24b097b450d34a788c',	'0195c26f7eaa769fb722fdc4a70b3b47',	1,	350),
('019606695f6e7c24b097b450d34a788c',	'0195fc40941a7719afe38842ad682cad',	1,	100),
('01960669dba3750e95a0513544cd7079',	'0195f7179b2b7635872375fcdeb9c47d',	4,	500),
('0196066b3b0574e88c59a5821222533d',	'0195c26d87687654923b24e51014a7a2',	1,	430),
('0196066b3b0574e88c59a5821222533d',	'0195fc40941a7719afe38842ad682cad',	1,	100),
('0196066b536a76218009d50120dab7b1',	'0195c264da2c78ac949a2d45897f424f',	1,	300),
('0196066c0837705c865e2466f35bfa99',	'0195c2662d4772b4a6950cfe9316cab8',	1,	350),
('0196066c18cb7a7391b905b6e27dff06',	'0195c26d87687654923b24e51014a7a2',	1,	430),
('0196066c18cb7a7391b905b6e27dff06',	'0195fc40941a7719afe38842ad682cad',	1,	100),
('0196066d3efb70eeaf107ba6636d8f84',	'0195f7179b2b7635872375fcdeb9c47d',	1,	500),
('0196066dde5279f08266b3409c655642',	'0195c26a30fe7c8995cb994b97aefac0',	1,	300),
('0196066e092971ab9afb972ce8c3a290',	'0195fc40941a7719afe38842ad682cad',	1,	100),
('0196066f7a3b78a89ffab8ee745c100b',	'0195c26a30fe7c8995cb994b97aefac0',	1,	300),
('0196066f7a3b78a89ffab8ee745c100b',	'0195fc40941a7719afe38842ad682cad',	1,	100),
('0196067022fb778dbecc631ef51bc098',	'0195f7179b2b7635872375fcdeb9c47d',	1,	500),
('019606712ce87d61b699692b14006cf5',	'0195c26a30fe7c8995cb994b97aefac0',	1,	300),
('019606719de07a8abe6d32decabe9707',	'0195c2662d4772b4a6950cfe9316cab8',	1,	350),
('01960671a0e27db7b21910e6017b9698',	'0195c26d87687654923b24e51014a7a2',	2,	430),
('01960672c5637f25ab18403fcd454747',	'0195c26d87687654923b24e51014a7a2',	1,	430),
('01960673f1037f03a5a90e98dd47d1f4',	'0195c26d87687654923b24e51014a7a2',	1,	430),
('0196067409437bcdb4f5c790825e60ef',	'0195c26d87687654923b24e51014a7a2',	1,	430),
('01960674c9c3705abb09137738fc5f16',	'0195c270241375a29754d06bb1902c7f',	1,	300),
('019606756f2179af962fb3b4155ad570',	'0195c26433ba7c7da6c5a2d10218dfdb',	1,	100),
('01960675e76278758c8c3c718d0d9918',	'0195c26a30fe7c8995cb994b97aefac0',	1,	300),
('01960675e76278758c8c3c718d0d9918',	'0195fc40941a7719afe38842ad682cad',	2,	100),
('0196067623ad727b81622e2de8c3a574',	'0195c26a30fe7c8995cb994b97aefac0',	1,	300),
('0196067705e7721383209d4dd313ce66',	'0195c26d87687654923b24e51014a7a2',	1,	430),
('0196067705e7721383209d4dd313ce66',	'0195fc40941a7719afe38842ad682cad',	1,	100),
('019606781c107ae28acef7358deb9070',	'0195c26d87687654923b24e51014a7a2',	1,	430),
('019606781c107ae28acef7358deb9070',	'0195c26f7eaa769fb722fdc4a70b3b47',	1,	350),
('01960679b549742eaffa899a0634af9b',	'0195c26f7eaa769fb722fdc4a70b3b47',	1,	350),
('01960679b549742eaffa899a0634af9b',	'0195fc40941a7719afe38842ad682cad',	1,	100),
('0196067a8846711da460aca2486b81b6',	'0195c2662d4772b4a6950cfe9316cab8',	2,	350),
('0196067a8846711da460aca2486b81b6',	'0195f7179b2b7635872375fcdeb9c47d',	1,	500),
('0196067c77d77e1a91052d81fbcb694f',	'0195c26d87687654923b24e51014a7a2',	1,	430),
('0196067c77d77e1a91052d81fbcb694f',	'0195c270241375a29754d06bb1902c7f',	1,	300),
('0196067c77d77e1a91052d81fbcb694f',	'0195fc40941a7719afe38842ad682cad',	3,	100),
('0196067d4bb87b7d981fe0c5b16708b8',	'0195c270241375a29754d06bb1902c7f',	1,	300),
('0196067d6f6f7b8eb6df163a1e0bf69c',	'0195c26d87687654923b24e51014a7a2',	3,	430),
('0196067ec5897668a9ccf296543e5a91',	'0195c26d87687654923b24e51014a7a2',	1,	430),
('0196067ec5897668a9ccf296543e5a91',	'0195c26f9f14716eb0ead6b4a214c777',	1,	300),
('0196067ec5897668a9ccf296543e5a91',	'0195fc40941a7719afe38842ad682cad',	2,	100),
('0196067f71c370948e311ce13d8b7828',	'0195f7179b2b7635872375fcdeb9c47d',	1,	500),
('019606804eab76f187353f334d85b3fc',	'0195c2662d4772b4a6950cfe9316cab8',	1,	350),
('019606804eab76f187353f334d85b3fc',	'0195f7179b2b7635872375fcdeb9c47d',	1,	500),
('01960680572f72928f6f2429ef85a043',	'0195c269c2cd7698b27b817a4a45beaf',	1,	250),
('01960680572f72928f6f2429ef85a043',	'0195c26aeb317070a01c4243557edbbc',	1,	300),
('01960680572f72928f6f2429ef85a043',	'0195fc40941a7719afe38842ad682cad',	1,	100),
('01960680655a7c4fb408fd03311be0b5',	'0195c270241375a29754d06bb1902c7f',	2,	300),
('01960680655a7c4fb408fd03311be0b5',	'0195fc40941a7719afe38842ad682cad',	1,	100),
('01960681841b752596c2aba9ac6445bb',	'0195f7179b2b7635872375fcdeb9c47d',	2,	500),
('0196068185f57c6fb6c34f3eb8e50dc5',	'0195c26ac6227181ba7afc82f2a831ba',	1,	350),
('0196068185f57c6fb6c34f3eb8e50dc5',	'0195fc40941a7719afe38842ad682cad',	1,	100),
('01960681949a7591a6fddc7320ade77e',	'0195c2662d4772b4a6950cfe9316cab8',	1,	350),
('01960681949a7591a6fddc7320ade77e',	'0195f7179b2b7635872375fcdeb9c47d',	1,	500),
('01960681bb1d78128e025bcfec2d62cf',	'0195c26aeb317070a01c4243557edbbc',	1,	300),
('01960681c668722ca9e8964ae8fa4785',	'0195c26d87687654923b24e51014a7a2',	5,	430),
('01960682074f73798bb495c23d2d25f7',	'0195c2662d4772b4a6950cfe9316cab8',	2,	350),
('019606825f627f13b236e6d77002e323',	'0195f7179b2b7635872375fcdeb9c47d',	1,	500),
('01960682675e783e801befe2efa261a8',	'0195c26ac6227181ba7afc82f2a831ba',	1,	350),
('01960682675e783e801befe2efa261a8',	'0195fc40941a7719afe38842ad682cad',	1,	100),
('0196068286c57cd6a34a6941a0e059ea',	'0195c26d87687654923b24e51014a7a2',	1,	430),
('01960682ef057684a86261957b05b709',	'0195c26d87687654923b24e51014a7a2',	1,	430),
('01960682ef057684a86261957b05b709',	'0195c26f7eaa769fb722fdc4a70b3b47',	1,	350),
('019606845b617b3e88a5b298de4f08e8',	'0195c26d87687654923b24e51014a7a2',	1,	430),
('01960684c58178649c89900a5d68be93',	'0195c26ac6227181ba7afc82f2a831ba',	1,	350),
('01960684c58178649c89900a5d68be93',	'0195fc40941a7719afe38842ad682cad',	1,	100),
('01960685096d7accbb5fbbda4b1a21e4',	'0195c26d87687654923b24e51014a7a2',	1,	430),
('01960685096d7accbb5fbbda4b1a21e4',	'0195fc40941a7719afe38842ad682cad',	1,	100),
('01960685cace73598cb9bfd7849c2542',	'0195c26a30fe7c8995cb994b97aefac0',	1,	300),
('01960685cace73598cb9bfd7849c2542',	'0195c26ac6227181ba7afc82f2a831ba',	1,	350),
('0196068635c77defa39190b4e5caf10e',	'0195fc40941a7719afe38842ad682cad',	-3,	100),
('0196068797a676dba162265daa0e9ee2',	'0195c26d87687654923b24e51014a7a2',	1,	430),
('0196068797a676dba162265daa0e9ee2',	'0195fc40941a7719afe38842ad682cad',	1,	100),
('019606879e617c61b5e910303ee8d63b',	'0195c26d87687654923b24e51014a7a2',	2,	430),
('019606879e617c61b5e910303ee8d63b',	'0195fc40941a7719afe38842ad682cad',	2,	100),
('01960687e0027b2cbd6b05f9f1fb3dba',	'0195c2649e3974309196e10c4a5162ca',	2,	350),
('01960687e0027b2cbd6b05f9f1fb3dba',	'0195c2662d4772b4a6950cfe9316cab8',	3,	350),
('01960687e0027b2cbd6b05f9f1fb3dba',	'0195f7179b2b7635872375fcdeb9c47d',	3,	500),
('01960687fc927715a74a4be624856f54',	'0195c26f7eaa769fb722fdc4a70b3b47',	1,	350),
('0196068810c9752f8aa5c55bd91427bb',	'0195c270241375a29754d06bb1902c7f',	3,	300),
('0196068810c9752f8aa5c55bd91427bb',	'0195fc40941a7719afe38842ad682cad',	2,	100),
('01960688fa327e60be331d31da628225',	'0195c2662d4772b4a6950cfe9316cab8',	1,	350),
('01960688fa327e60be331d31da628225',	'0195f7179b2b7635872375fcdeb9c47d',	1,	500),
('01960689043f753b8cefa847c25259c5',	'0195c26db6f9792e88553329afabb299',	2,	380),
('019606892aa27e07a3a9181edba1cdd6',	'0195c26aeb317070a01c4243557edbbc',	1,	300),
('019606892aa27e07a3a9181edba1cdd6',	'0195fc40941a7719afe38842ad682cad',	1,	100),
('019606894df07ea2b407dfc9b2eadd6c',	'0195c26bd31878b7a099c89fb57124aa',	1,	200),
('019606894df07ea2b407dfc9b2eadd6c',	'0195fc40941a7719afe38842ad682cad',	1,	100),
('019606896e9972e1a3ba42f23a4984c6',	'0195c26db6f9792e88553329afabb299',	1,	380),
('01960689b9d7780a90c17553fc8bc1b5',	'0195c2649e3974309196e10c4a5162ca',	1,	350),
('01960689b9d7780a90c17553fc8bc1b5',	'0195f7179b2b7635872375fcdeb9c47d',	1,	500),
('0196068aabda7934ae85443a0522c022',	'0195c26a30fe7c8995cb994b97aefac0',	1,	300),
('0196068c30aa7d40947f889d8ca5bc35',	'0195f7179b2b7635872375fcdeb9c47d',	3,	500),
('0196068df7437101a9aece20d0003100',	'0195c26d87687654923b24e51014a7a2',	1,	430),
('0196068df7437101a9aece20d0003100',	'0195fc40941a7719afe38842ad682cad',	1,	100),
('0196068f053a702990fa90acb8bf45b9',	'0195c2662d4772b4a6950cfe9316cab8',	1,	350),
('0196068f053a702990fa90acb8bf45b9',	'0195f7179b2b7635872375fcdeb9c47d',	2,	500),
('0196068f312172b0a3de511da07ca6cf',	'0195c26d87687654923b24e51014a7a2',	2,	430),
('0196068f312172b0a3de511da07ca6cf',	'0195c26f7eaa769fb722fdc4a70b3b47',	1,	350),
('0196068f312172b0a3de511da07ca6cf',	'0195fc40941a7719afe38842ad682cad',	-1,	100),
('0196068f4c917ed5936c697f154f1993',	'0195c26d87687654923b24e51014a7a2',	2,	430),
('0196068f9ce6737687be4acda7751a18',	'0195c26d87687654923b24e51014a7a2',	2,	430),
('0196069058f77cebae22c934cbbf77d6',	'0195c26d87687654923b24e51014a7a2',	1,	430),
('0196069084627d438366e24a3ac3d4f7',	'0195c2649e3974309196e10c4a5162ca',	1,	350),
('0196069084627d438366e24a3ac3d4f7',	'0195f7179b2b7635872375fcdeb9c47d',	1,	500),
('01960690d3ec74f39413dc9a199d2b93',	'0195c26d87687654923b24e51014a7a2',	1,	430),
('01960690d3ec74f39413dc9a199d2b93',	'0195c26f7eaa769fb722fdc4a70b3b47',	1,	350),
('0196069158e375ab9138c9db982370d7',	'0195c26d87687654923b24e51014a7a2',	1,	430),
('0196069158e375ab9138c9db982370d7',	'0195fc40941a7719afe38842ad682cad',	1,	100),
('0196069217c6769383a20a66e1a09827',	'0195c26d87687654923b24e51014a7a2',	2,	430),
('01960693441e78d2a3b8c74a5c61adda',	'0195c26d87687654923b24e51014a7a2',	1,	430),
('019606934b657371b732dce235a6ee1f',	'0195c26d87687654923b24e51014a7a2',	1,	430),
('0196069368a6770cbc4d190835d07032',	'0195c270241375a29754d06bb1902c7f',	1,	300),
('0196069368a6770cbc4d190835d07032',	'0195fc40941a7719afe38842ad682cad',	1,	100),
('01960694b9c77e3782a7dbad4d890710',	'0195c2662d4772b4a6950cfe9316cab8',	2,	350),
('019606951d4776e3a41fc318ca8a49da',	'0195c26d87687654923b24e51014a7a2',	1,	430),
('019606951d4776e3a41fc318ca8a49da',	'0195c26f9f14716eb0ead6b4a214c777',	1,	300),
('0196069555cb77cf8b537cc38232e1fc',	'0195f7179b2b7635872375fcdeb9c47d',	1,	500),
('019606956f91711db53c63b87b349f4c',	'0195c26db6f9792e88553329afabb299',	3,	380),
('019606956f91711db53c63b87b349f4c',	'0195fc40941a7719afe38842ad682cad',	1,	100),
('01960695a39879c69079259d2789754b',	'0195c270241375a29754d06bb1902c7f',	1,	300),
('01960695a39879c69079259d2789754b',	'0195fc40941a7719afe38842ad682cad',	1,	100),
('019606963f627dbeaf1a0b800d4ae94c',	'0195c2662d4772b4a6950cfe9316cab8',	1,	350),
('01960697a6c372ea8a30601d0b4a0814',	'0195c2662d4772b4a6950cfe9316cab8',	1,	350),
('01960697a6c372ea8a30601d0b4a0814',	'0195f7179b2b7635872375fcdeb9c47d',	2,	500),
('019606983aae78068cbae23d031ca979',	'0195c26d87687654923b24e51014a7a2',	1,	430),
('01960698845f746494e8e8cee0028d18',	'0195c270241375a29754d06bb1902c7f',	1,	300),
('01960699338677bc855ada88d13ed1ca',	'0195c2649e3974309196e10c4a5162ca',	1,	350),
('01960699338677bc855ada88d13ed1ca',	'0195c2662d4772b4a6950cfe9316cab8',	1,	350),
('01960699f4f37ddcbcf474ff266694c6',	'0195c2662d4772b4a6950cfe9316cab8',	2,	350),
('01960699f4f37ddcbcf474ff266694c6',	'0195f7179b2b7635872375fcdeb9c47d',	2,	500),
('01960699f7c9782db4ea925c4a49312d',	'0195c26a30fe7c8995cb994b97aefac0',	1,	300),
('0196069aea90716f81305b48aa1d4b43',	'0195c26a30fe7c8995cb994b97aefac0',	1,	300),
('0196069b902a763da703262b555abb85',	'0195c26f9f14716eb0ead6b4a214c777',	1,	300),
('0196069c0df575cd9e73ace49e6678de',	'0195f7179b2b7635872375fcdeb9c47d',	1,	500),
('0196069c81b97b4e8339d4fe94791f4d',	'0195c26aeb317070a01c4243557edbbc',	1,	300),
('0196069c81b97b4e8339d4fe94791f4d',	'0195fc40941a7719afe38842ad682cad',	2,	100),
('0196069cebaa7455be8b422fafd400c3',	'0195c26a30fe7c8995cb994b97aefac0',	1,	300),
('0196069cebaa7455be8b422fafd400c3',	'0195fc40941a7719afe38842ad682cad',	1,	100),
('0196069d09337bb08674fc4080c60e89',	'0195f7179b2b7635872375fcdeb9c47d',	2,	500),
('0196069d57c97c6da2d250d9c139ec98',	'0195c26d87687654923b24e51014a7a2',	3,	430),
('0196069e756973c798bc04429f9915be',	'0195c2649e3974309196e10c4a5162ca',	1,	350),
('0196069e756973c798bc04429f9915be',	'0195f7179b2b7635872375fcdeb9c47d',	1,	500),
('0196069f16547cd59ae8897aa3c21dea',	'0195c270241375a29754d06bb1902c7f',	3,	300),
('0196069fd752708fac3a13fff974da1c',	'0195c2662d4772b4a6950cfe9316cab8',	2,	350),
('019606a010a37427b9c364f706e20bf3',	'0195c26d87687654923b24e51014a7a2',	1,	430),
('019606a010a37427b9c364f706e20bf3',	'0195c270241375a29754d06bb1902c7f',	3,	300),
('019606a0eaf675aebf9f1fdc8e15b125',	'0195c26ac6227181ba7afc82f2a831ba',	1,	350),
('019606a0eaf675aebf9f1fdc8e15b125',	'0195fc40941a7719afe38842ad682cad',	1,	100),
('019606a204fd7affaf399d891e856aad',	'0195c26d87687654923b24e51014a7a2',	1,	430),
('019606a2205a76f2bbb3cd49e7f0c521',	'0195c26f9f14716eb0ead6b4a214c777',	1,	300),
('019606a255c37191a4c7b784e262f5e7',	'0195c2662d4772b4a6950cfe9316cab8',	1,	350),
('019606a255c37191a4c7b784e262f5e7',	'0195f7179b2b7635872375fcdeb9c47d',	2,	500),
('019606a27af4740c9d4466db5ff705ea',	'0195c26d87687654923b24e51014a7a2',	3,	430),
('019606a3261275d38e75670e17089f4b',	'0195c270241375a29754d06bb1902c7f',	2,	300),
('019606a354847cebaa2be5989b3d90a3',	'0195c270241375a29754d06bb1902c7f',	1,	300),
('019606a3940971df9a9d2f2181e1bb09',	'0195c2662d4772b4a6950cfe9316cab8',	1,	350),
('019606a3da7678c386697fe28c2f3d77',	'0195c26d87687654923b24e51014a7a2',	1,	430),
('019606a60cb07acfb48bfc63226b4f5e',	'0195c26d87687654923b24e51014a7a2',	1,	430),
('019606a614a579a0b9be05a22758ee11',	'0195c26d87687654923b24e51014a7a2',	1,	430),
('019606a7219f7a45abe66b76ddb14377',	'0195fc40941a7719afe38842ad682cad',	-2,	100),
('019606a7888a7bf2800c9da5fb495ee0',	'0195c270241375a29754d06bb1902c7f',	4,	300),
('019606a79b3177db87c072fbd4771a65',	'0195c26433ba7c7da6c5a2d10218dfdb',	1,	100),
('019606a7f6b1784f89cf886448f0bfe3',	'0195c26d87687654923b24e51014a7a2',	6,	430),
('019606a98e9676e596ab23b59f1b0d8d',	'0195c2662d4772b4a6950cfe9316cab8',	1,	350),
('019606a98e9676e596ab23b59f1b0d8d',	'0195f7179b2b7635872375fcdeb9c47d',	2,	500),
('019606aa3f95725aa6863ba05668c46b',	'0195c2662d4772b4a6950cfe9316cab8',	1,	350),
('019606aa9b1b7df2a66e5edb8c32f095',	'0195f7179b2b7635872375fcdeb9c47d',	1,	500),
('019606ac03b87dc299577d6be2d678a7',	'0195c27050ba70c1ab1d55db6c15b7da',	2,	250),
('019606ac03b87dc299577d6be2d678a7',	'0195fc40941a7719afe38842ad682cad',	-1,	100),
('019606ad3d107ed1bf8d7c813b347c97',	'0195c26d87687654923b24e51014a7a2',	1,	430),
('019606ad6ae076108f2eed40aacd3bc7',	'0195c26d87687654923b24e51014a7a2',	-1,	430),
('019606ad6ae076108f2eed40aacd3bc7',	'0195fc40941a7719afe38842ad682cad',	1,	100),
('019606ad729f7e0a9925e5d678a8082f',	'0195c26d87687654923b24e51014a7a2',	2,	430),
('019606ad729f7e0a9925e5d678a8082f',	'0195c26f7eaa769fb722fdc4a70b3b47',	1,	350),
('019606addcf57f2fa9f9a601d269c23a',	'0195c2662d4772b4a6950cfe9316cab8',	2,	350),
('019606ae8288726097c90a14d104552a',	'0195c26bd31878b7a099c89fb57124aa',	2,	200),
('019606ae8288726097c90a14d104552a',	'0195c26d87687654923b24e51014a7a2',	3,	430),
('019606ae8288726097c90a14d104552a',	'0195fc40941a7719afe38842ad682cad',	1,	100),
('019606aee1c97a4a91c22f15e171d25c',	'0195fc40941a7719afe38842ad682cad',	-1,	100),
('019606af60fa7efda5fa4165456a5097',	'0195fc40941a7719afe38842ad682cad',	-4,	100),
('019606afb7d77b33a29055e114c58f31',	'0195c26f7eaa769fb722fdc4a70b3b47',	2,	350),
('019606afb7d77b33a29055e114c58f31',	'0195c26f9f14716eb0ead6b4a214c777',	1,	300),
('019606afd7c37317aa694673a5f93b6b',	'0195c26db6f9792e88553329afabb299',	1,	380),
('019606b07e07753499cc4ea46695dd34',	'0195c269f11b748cb6bcd4060a17d3e9',	1,	200),
('019606b07e07753499cc4ea46695dd34',	'0195fc40941a7719afe38842ad682cad',	1,	100),
('019606b12ce7786e9a85156cf2f68fb2',	'0195c26bd31878b7a099c89fb57124aa',	1,	200),
('019606b192c479d1a0e46e758c2a99db',	'0195c26d87687654923b24e51014a7a2',	1,	430),
('019606b1fd69797b9ad242a9b60341b0',	'0195f7179b2b7635872375fcdeb9c47d',	1,	500),
('019606b303b57749bb436fe01e7cf0bc',	'0195c26d87687654923b24e51014a7a2',	3,	430),
('019606b39ec67df8a0a6507b45685665',	'0195c270241375a29754d06bb1902c7f',	1,	300),
('019606b600f070c9b0aea5486cdaed45',	'0195c26d87687654923b24e51014a7a2',	2,	430),
('019606b7020b79b08a071632f8e9380c',	'0195fc40941a7719afe38842ad682cad',	-1,	100),
('019606b9c13b7c4cb7c233f8bd2635e0',	'0195c26f9f14716eb0ead6b4a214c777',	1,	300),
('019606bafb5b76c3aa6d88c8062fade8',	'0195c26db6f9792e88553329afabb299',	2,	380),
('019606bafb5b76c3aa6d88c8062fade8',	'0195fc40941a7719afe38842ad682cad',	1,	100),
('019606bb5048722fbd9587895dc861a6',	'0195fc40941a7719afe38842ad682cad',	-1,	100),
('019606bdc0537c11a6f72316aabdb0e0',	'0195c26aeb317070a01c4243557edbbc',	1,	300),
('019606bdc0537c11a6f72316aabdb0e0',	'0195fc40941a7719afe38842ad682cad',	1,	100),
('019606be4cbb7d45a153bf4915e47fb5',	'0195c26d87687654923b24e51014a7a2',	2,	430),
('019606be84247966901e6f2ea2111fe8',	'0195c26d87687654923b24e51014a7a2',	1,	430),
('019606be84247966901e6f2ea2111fe8',	'0195c26f7eaa769fb722fdc4a70b3b47',	1,	350),
('019606c04bcc71a6b1f44a58fb8476f9',	'0195fc40941a7719afe38842ad682cad',	-1,	100),
('019606c082a87c0eab37e8cf0838d3b5',	'0195c26ddc70797394f57288dffc7127',	1,	1720),
('019606c4145a7b878a9d8fb63c44aedd',	'0195c26ddc70797394f57288dffc7127',	1,	1720),
('019606c426e17b9fb769104ce25115ed',	'0195fc40941a7719afe38842ad682cad',	-2,	100),
('019606c4523a7aec949590658f854568',	'0195fc40941a7719afe38842ad682cad',	-1,	100),
('019606c520ac71bc900a7d33e2c8f5c6',	'0195fc40941a7719afe38842ad682cad',	-2,	100),
('019606c555e97ae28c27b4a014ef628b',	'0195fc40941a7719afe38842ad682cad',	-2,	100),
('019606c5aa2073a788140c99b6359102',	'0195c2662d4772b4a6950cfe9316cab8',	1,	350),
('019606c5d9c97ab6afaddaca96c2bc59',	'0195fc40941a7719afe38842ad682cad',	-7,	100),
('019606c7ce20752ea28cca914ee5689f',	'0195c26433ba7c7da6c5a2d10218dfdb',	1,	100),
('019606c818437e0c91b40a363db61b63',	'0195c26d87687654923b24e51014a7a2',	3,	430),
('019606c8da8676be9262529474b16626',	'0195fc40941a7719afe38842ad682cad',	-4,	100),
('019606c8e66c712cb1ee3a6716be9ba1',	'0195fc40941a7719afe38842ad682cad',	-2,	100),
('019606c8e86f7763bfd1e9d2ef3827e9',	'0195c26e1ca278cea52cb7b9fd9e5a30',	1,	550),
('019606c97a4e72899a31731d96014d9c',	'0195c26f7eaa769fb722fdc4a70b3b47',	1,	350),
('019606c98766718a81351559c1223995',	'0195c26d87687654923b24e51014a7a2',	3,	430),
('019606c98766718a81351559c1223995',	'0195c26f7eaa769fb722fdc4a70b3b47',	1,	350),
('019606ca27ea76ac860b216d0188a14e',	'0195c2662d4772b4a6950cfe9316cab8',	2,	350),
('019606ca338675e3b7bd2799e206c9f4',	'0195f7179b2b7635872375fcdeb9c47d',	1,	500),
('019606cac1937e42ac556285c4a56548',	'0195c26d87687654923b24e51014a7a2',	4,	430),
('019606cac1937e42ac556285c4a56548',	'0195fc40941a7719afe38842ad682cad',	-1,	100),
('019606cb16427dde9fd71c6de53b1955',	'0195fc40941a7719afe38842ad682cad',	-6,	100),
('019606cb35dd770196718b577d04e6a2',	'0195fc40941a7719afe38842ad682cad',	-1,	100),
('019606cb675978ca8c3ee07e5dc823ed',	'0195c26db6f9792e88553329afabb299',	1,	380),
('019606cbcf947aff892f48d7fd901a5d',	'0195c26d87687654923b24e51014a7a2',	1,	430),
('019606cbdfb77967940bea44aa5e8626',	'0195c2662d4772b4a6950cfe9316cab8',	1,	350),
('019606cbe72f7db9a5ac328143fdac95',	'0195fc40941a7719afe38842ad682cad',	-2,	100),
('019606cc9fe576c89a428b05e94a3f78',	'0195c26d87687654923b24e51014a7a2',	2,	430),
('019606cc9fe576c89a428b05e94a3f78',	'0195fc40941a7719afe38842ad682cad',	1,	100),
('019606ce34b27476898dec956f674772',	'0195c270241375a29754d06bb1902c7f',	4,	300),
('019606cf1f6571dfb747a2fda7c60ae8',	'0195c2662d4772b4a6950cfe9316cab8',	2,	350),
('019606cf29447a63b709d474fbce42ca',	'0195c26d87687654923b24e51014a7a2',	2,	430),
('019606cf29447a63b709d474fbce42ca',	'0195fc40941a7719afe38842ad682cad',	2,	100),
('019606cf34b5756eb6bed97be36ec11e',	'0195c26d87687654923b24e51014a7a2',	-1,	430),
('019606cf34b5756eb6bed97be36ec11e',	'0195fc40941a7719afe38842ad682cad',	1,	100),
('019606cfaf9a7c7dbb55b03021b108a5',	'0195fc40941a7719afe38842ad682cad',	-1,	100),
('019606d0196372379d45baf265c0057e',	'0195fc40941a7719afe38842ad682cad',	-2,	100),
('019606d14ef77341adf944866deced1b',	'0195c26d87687654923b24e51014a7a2',	1,	430),
('019606d14ef77341adf944866deced1b',	'0195fc40941a7719afe38842ad682cad',	1,	100),
('019606d157b273ec885fb8bfc4b88dec',	'0195c26f7eaa769fb722fdc4a70b3b47',	1,	350),
('019606d157b273ec885fb8bfc4b88dec',	'0195fc40941a7719afe38842ad682cad',	1,	100),
('019606d1a07a73138a1cf19899de65da',	'0195fc40941a7719afe38842ad682cad',	-4,	100),
('019606d212f272e494c0bcda34e20199',	'0195fc40941a7719afe38842ad682cad',	-2,	100),
('019606d2333e7a3aa6430928ec45feba',	'0195c270241375a29754d06bb1902c7f',	2,	300),
('019606d3420f78b693c402285c6ecbae',	'0195c26ac6227181ba7afc82f2a831ba',	4,	350),
('019606d3420f78b693c402285c6ecbae',	'0195c270241375a29754d06bb1902c7f',	1,	300),
('019606d510a97d22a032763147edbd9a',	'0195c26db6f9792e88553329afabb299',	1,	380),
('019606d5dee2751e9c13f2b86612c579',	'0195c26bf4bc7ba3ac73d0c7de6dd74d',	1,	150),
('019606d5dee2751e9c13f2b86612c579',	'0195fc40941a7719afe38842ad682cad',	1,	100),
('019606d6957776b79600e07e22274970',	'0195c26d87687654923b24e51014a7a2',	3,	430),
('019606d6957776b79600e07e22274970',	'0195c26f7eaa769fb722fdc4a70b3b47',	1,	350),
('019606d6957776b79600e07e22274970',	'0195fc40941a7719afe38842ad682cad',	4,	100),
('019606d6ead777b7a548600a8a3ff954',	'0195c26d87687654923b24e51014a7a2',	2,	430),
('019606d6ead777b7a548600a8a3ff954',	'0195fc40941a7719afe38842ad682cad',	2,	100),
('019606d82f6e75dc84b36beac7c15818',	'0195c26d87687654923b24e51014a7a2',	1,	430),
('019606d82f6e75dc84b36beac7c15818',	'0195c26db6f9792e88553329afabb299',	1,	380),
('019606d82f6e75dc84b36beac7c15818',	'0195fc40941a7719afe38842ad682cad',	1,	100),
('019606d8562a7b83b277696115aeec78',	'0195c269c2cd7698b27b817a4a45beaf',	1,	250),
('019606d8fc407218b7fee1006d3e4920',	'0195c264da2c78ac949a2d45897f424f',	1,	300),
('019606d8fc407218b7fee1006d3e4920',	'0195f7179b2b7635872375fcdeb9c47d',	1,	500),
('019606d901db7e839d8581b169822962',	'0195c26d87687654923b24e51014a7a2',	1,	430),
('019606d901db7e839d8581b169822962',	'0195fc40941a7719afe38842ad682cad',	1,	100),
('019606da0f157c2b8e17e340e83685ac',	'0195c26d87687654923b24e51014a7a2',	1,	430),
('019606da0f157c2b8e17e340e83685ac',	'0195fc40941a7719afe38842ad682cad',	1,	100),
('019606db1d5b7f16bed3016cfedfb49f',	'0195c26d87687654923b24e51014a7a2',	1,	430),
('019606db1d5b7f16bed3016cfedfb49f',	'0195fc40941a7719afe38842ad682cad',	1,	100),
('019606db337071968fef7a8a26e4960b',	'0195c26d87687654923b24e51014a7a2',	1,	430),
('019606db337071968fef7a8a26e4960b',	'0195fc40941a7719afe38842ad682cad',	1,	100),
('019606dcbf887492966faba684024537',	'0195c26db6f9792e88553329afabb299',	1,	380),
('019606dcbf887492966faba684024537',	'0195fc40941a7719afe38842ad682cad',	1,	100),
('019606ddb7b07ba5a6895f962e938dfd',	'0195c26d87687654923b24e51014a7a2',	1,	430),
('019606ddb7b07ba5a6895f962e938dfd',	'0195fc40941a7719afe38842ad682cad',	1,	100),
('019606ddcb8d755ba3a83222352a6e1e',	'0195c26aeb317070a01c4243557edbbc',	1,	300),
('019606ddcb8d755ba3a83222352a6e1e',	'0195fc40941a7719afe38842ad682cad',	1,	100),
('019606ddd97877c69fe5d610c0c762b5',	'0195fc40941a7719afe38842ad682cad',	-1,	100),
('019606de590874b8968779b19a225274',	'0195c26f9f14716eb0ead6b4a214c777',	1,	300),
('019606de7dc2751dab408333cfc28a3e',	'0195c26bd31878b7a099c89fb57124aa',	1,	200),
('019606e00b4a76d4a105eca38fde0039',	'0195c26d87687654923b24e51014a7a2',	1,	430),
('019606e0e5347565a11592394c58823f',	'0195c26db6f9792e88553329afabb299',	1,	380),
('019606e19c0d735191225a4427979abc',	'0195c264da2c78ac949a2d45897f424f',	3,	300),
('019606e19c0d735191225a4427979abc',	'0195f7179b2b7635872375fcdeb9c47d',	1,	500),
('019606e1bb577ce1ae1a2dbb0a92cd14',	'0195c26a30fe7c8995cb994b97aefac0',	1,	300),
('019606e1bb577ce1ae1a2dbb0a92cd14',	'0195fc40941a7719afe38842ad682cad',	1,	100),
('019606e251bb77d59868bfc4a7f57286',	'0195c26d87687654923b24e51014a7a2',	1,	430),
('019606e34ae07d31ae6bae0f915cfdc9',	'0195c270241375a29754d06bb1902c7f',	1,	300),
('019606e4d3387b7dac8bb71b2d694754',	'0195c26a501d7da88266c3b3ab90df94',	1,	250),
('019606e4d3387b7dac8bb71b2d694754',	'0195fc40941a7719afe38842ad682cad',	1,	100),
('019606e587cb7589a9c91ead539b57a7',	'0195c270241375a29754d06bb1902c7f',	1,	300),
('019606e587cb7589a9c91ead539b57a7',	'0195c27050ba70c1ab1d55db6c15b7da',	1,	250),
('019606e587cb7589a9c91ead539b57a7',	'0195fc40941a7719afe38842ad682cad',	5,	100),
('019606e6ac9e709db6ecd4cd8a6371ad',	'0195c26db6f9792e88553329afabb299',	1,	380),
('019606e6ac9e709db6ecd4cd8a6371ad',	'0195fc40941a7719afe38842ad682cad',	1,	100),
('019606e6d52477fdb72d854438d52a5e',	'0195f7179b2b7635872375fcdeb9c47d',	1,	500),
('019606e7c8bd75059300d93c997339ca',	'0195c26d87687654923b24e51014a7a2',	3,	430),
('019606e7c8bd75059300d93c997339ca',	'0195fc40941a7719afe38842ad682cad',	1,	100),
('019606e7eeac7d80a348e2bdee18a66b',	'0195c26d87687654923b24e51014a7a2',	1,	430),
('019606e91b4e78099a13dfa091304cb9',	'0195f7179b2b7635872375fcdeb9c47d',	2,	500),
('019606e962d179c4a745a82285a76e43',	'0195c26db6f9792e88553329afabb299',	1,	380),
('019606e980067b51973a24b8ac22a150',	'0195fc40941a7719afe38842ad682cad',	-1,	100),
('019606eade45740a9c5947d20e19c731',	'0195f7179b2b7635872375fcdeb9c47d',	1,	500),
('019606eae2937a2cbda24bb3ee848131',	'0195c26db6f9792e88553329afabb299',	2,	380),
('019606eae2937a2cbda24bb3ee848131',	'0195fc40941a7719afe38842ad682cad',	1,	100),
('019606eb3ab976ecaa7b939c9f1ff662',	'0195f7179b2b7635872375fcdeb9c47d',	1,	500),
('019606eba17b79b89c18822612fd150a',	'0195c26d87687654923b24e51014a7a2',	1,	430),
('019606ed1abb77bea9d14b5aa0c633db',	'0195c26d87687654923b24e51014a7a2',	1,	430),
('019606ed342e729ab3ec6dc5b37ddb5b',	'0195c26d87687654923b24e51014a7a2',	1,	430),
('019606ed7a48778e9525857945673e1f',	'0195c26d87687654923b24e51014a7a2',	4,	430),
('019606edb219764c9298bd90dde19a64',	'0195c269f11b748cb6bcd4060a17d3e9',	1,	200),
('019606edb219764c9298bd90dde19a64',	'0195fc40941a7719afe38842ad682cad',	1,	100),
('019606ee119c7ce58e55e7f5b3b9acc0',	'0195c26d87687654923b24e51014a7a2',	1,	430),
('019606ee119c7ce58e55e7f5b3b9acc0',	'0195c26f7eaa769fb722fdc4a70b3b47',	1,	350),
('019606ee119c7ce58e55e7f5b3b9acc0',	'0195fc40941a7719afe38842ad682cad',	-1,	100),
('019606ee2b83733493bfa0fe89810639',	'0195c26d87687654923b24e51014a7a2',	1,	430),
('019606ee2b83733493bfa0fe89810639',	'0195c26f7eaa769fb722fdc4a70b3b47',	2,	350),
('019606ee2b83733493bfa0fe89810639',	'0195fc40941a7719afe38842ad682cad',	-5,	100),
('019606efc28875d69dfbcdd1bd2094c7',	'0195c26a30fe7c8995cb994b97aefac0',	1,	300),
('019606efc28875d69dfbcdd1bd2094c7',	'0195fc40941a7719afe38842ad682cad',	1,	100),
('019606f137df782587f98c243d4c7012',	'0195c26d87687654923b24e51014a7a2',	1,	430),
('019606f137df782587f98c243d4c7012',	'0195fc40941a7719afe38842ad682cad',	1,	100),
('019606f19cb974a79f68058efba03fbd',	'0195c26d87687654923b24e51014a7a2',	3,	430),
('019606f2a20b7c6fadefecc10acb4076',	'0195f7179b2b7635872375fcdeb9c47d',	1,	500),
('019606f3e5007bb0b4b3f765279b3f7b',	'0195c26db6f9792e88553329afabb299',	2,	380),
('019606f4e5d87207b3737b4ec6be8e46',	'0195c26d87687654923b24e51014a7a2',	2,	430),
('019606f4e5d87207b3737b4ec6be8e46',	'0195c26db6f9792e88553329afabb299',	1,	380),
('019606f619e177d1b990e8de0394395e',	'0195c26d87687654923b24e51014a7a2',	1,	430),
('019606f71b607258b704442347ae411b',	'0195c26d87687654923b24e51014a7a2',	1,	430),
('019606f754b67bcc99d2557d550d6404',	'0195c26d87687654923b24e51014a7a2',	3,	430),
('019606f7d9f876f2bac3a4cb638c248b',	'0195c26d87687654923b24e51014a7a2',	2,	430),
('019606f8193c755bb928e85b6fe2185e',	'0195fc40941a7719afe38842ad682cad',	-1,	100),
('019606f825f1780880af7e10712d78ce',	'0195fc40941a7719afe38842ad682cad',	-1,	100),
('019606f9fb1a70308bf347c00d4a39f4',	'0195c270241375a29754d06bb1902c7f',	1,	300),
('019606f9fb1a70308bf347c00d4a39f4',	'0195fc40941a7719afe38842ad682cad',	1,	100),
('019606fa20c576679e94317012df757c',	'0195c26d87687654923b24e51014a7a2',	1,	430),
('019606faf9397d7fb2a8769a89f5532c',	'0195c26a30fe7c8995cb994b97aefac0',	3,	300),
('019606faf9397d7fb2a8769a89f5532c',	'0195c270241375a29754d06bb1902c7f',	1,	300),
('019606faf9397d7fb2a8769a89f5532c',	'0195fc40941a7719afe38842ad682cad',	-6,	100),
('019606fc911b7f22a1d09802f55dc5a9',	'0195c270241375a29754d06bb1902c7f',	1,	300),
('019606fd6d0a7004b5c14824829fab5f',	'0195c26d87687654923b24e51014a7a2',	1,	430),
('019606fe264872f2b64b610f336b68a6',	'0195c270241375a29754d06bb1902c7f',	7,	300),
('019606fe264872f2b64b610f336b68a6',	'0195fc40941a7719afe38842ad682cad',	-2,	100),
('019606feda28757396be36d1b4fb944b',	'0195c26d87687654923b24e51014a7a2',	1,	430),
('01960700e0927bfcb753d619bc66f6a4',	'0195c26d87687654923b24e51014a7a2',	2,	430),
('01960700e0927bfcb753d619bc66f6a4',	'0195c270241375a29754d06bb1902c7f',	1,	300),
('01960700e0927bfcb753d619bc66f6a4',	'0195fc40941a7719afe38842ad682cad',	1,	100),
('01960705ef1971a7884e480b7052f826',	'0195c26bd31878b7a099c89fb57124aa',	1,	200),
('01960706153974638791913fbaf9aee2',	'0195c26d87687654923b24e51014a7a2',	1,	430),
('0196070c3f0d77fc9d3b76aa5bf09e37',	'0195c26d87687654923b24e51014a7a2',	3,	430),
('0196070c3f0d77fc9d3b76aa5bf09e37',	'0195fc40941a7719afe38842ad682cad',	-4,	100),
('0196070c5fb577359e63e89f2ef30234',	'0195c26db6f9792e88553329afabb299',	1,	380),
('0196070eaf6a72c1acdcc510188c2e06',	'0195c26db6f9792e88553329afabb299',	1,	380),
('0196071066577090abed562de4323418',	'0195c26d87687654923b24e51014a7a2',	2,	430),
('0196071140bd7153b963e222d28f4c34',	'0195c26d87687654923b24e51014a7a2',	1,	430),
('0196071ad6157ab9a7fc15053c592e5c',	'0195c26d87687654923b24e51014a7a2',	2,	430),
('0196071af50171798f8ec862d430a220',	'0195c270241375a29754d06bb1902c7f',	3,	300),
('0196071af50171798f8ec862d430a220',	'0195fc40941a7719afe38842ad682cad',	-7,	100),
('0196071f5c0a78d78a060f59a9f9868e',	'0195c270241375a29754d06bb1902c7f',	3,	300),
('0196071f5c0a78d78a060f59a9f9868e',	'0195fc40941a7719afe38842ad682cad',	-1,	100),
('01960720d51677358f476f2bc3f58e87',	'0195c26d87687654923b24e51014a7a2',	1,	430),
('0196072b9efc799d889824ccdce4ec4a',	'0195c26d87687654923b24e51014a7a2',	2,	430),
('0196072b9efc799d889824ccdce4ec4a',	'0195c26db6f9792e88553329afabb299',	1,	380),
('019607324aee7ad4a031f102b1df848a',	'0195fc40941a7719afe38842ad682cad',	-1,	100),
('019607365c2272df9d9a1f8b0d631a7e',	'0195c267068f7c6baac4c734bb489a89',	7,	350),
('01960739f8f37e35996dc08292f4a9e6',	'0195c26d87687654923b24e51014a7a2',	2,	430),
('019607411e8d7d969efc6ee5311bf9d0',	'0195c267068f7c6baac4c734bb489a89',	7,	350),
('01960743f8d27da5ac04acc08859b29a',	'0195c267068f7c6baac4c734bb489a89',	4,	350),
('01960744cf6e7b17ba4a5a1af664fe60',	'0195c26d87687654923b24e51014a7a2',	3,	430),
('0196074a8e087b219d5f9f39fbed65a2',	'0195c26cbe8378d5a1829e6bb8d5f1a1',	1,	300),
('0196074deb617ba49b882ff9c9120d29',	'0195c26794c77ec9b6b7a8b6a6b6d9ff',	7,	350),
('0196074ed0a97140a8ca492b1409ea0b',	'0195c26d87687654923b24e51014a7a2',	2,	430),
('019607502aeb706a917d82522a7b7d4f',	'0195c26db6f9792e88553329afabb299',	2,	380),
('0196075c484a7914810dfb55b36dc428',	'0195c2724cc77a3e87491f67ed9d884e',	8,	300),
('0196075cde2778908c3de678ed7bcd65',	'0195c26d87687654923b24e51014a7a2',	2,	430),
('0196075fd8ca769aa398d637675df749',	'0195c270241375a29754d06bb1902c7f',	5,	300),
('01960768b0077cc1977f1469dda613d1',	'0195c26794c77ec9b6b7a8b6a6b6d9ff',	8,	350),
('01960770df3272dca963d27117731cfa',	'0195c26d87687654923b24e51014a7a2',	3,	430),
('01960772128b7855addd96fac0e6ddc3',	'0195c26db6f9792e88553329afabb299',	1,	380),
('01960772128b7855addd96fac0e6ddc3',	'0195c2724cc77a3e87491f67ed9d884e',	6,	300),
('01960775f8bb7b328673cb0a99085dad',	'0195c26db6f9792e88553329afabb299',	1,	380),
('01960775f8bb7b328673cb0a99085dad',	'0195c2724cc77a3e87491f67ed9d884e',	6,	300),
('0196077c2ca37138a6b04447ab1212f9',	'0195c26d87687654923b24e51014a7a2',	1,	430),
('0196077c2ca37138a6b04447ab1212f9',	'0195c270241375a29754d06bb1902c7f',	1,	300),
('0196077fe3177263aab1c0f04c2c618e',	'0195c2724cc77a3e87491f67ed9d884e',	8,	300),
('019607846f567d958acc649084bc7f87',	'0195c26d87687654923b24e51014a7a2',	1,	430),
('0196078576dc77dc8d702b449c3cbe33',	'0195c26c578278dea40fceda969d858f',	1,	230),
('019607862e647addbc406b4998f1d301',	'0195c26d87687654923b24e51014a7a2',	1,	430),
('01960787cdf17bf8bb4c87b6341bbeb4',	'0195c267068f7c6baac4c734bb489a89',	8,	350),
('0196078baf087e349005e81a4879fe1e',	'0195c26f7eaa769fb722fdc4a70b3b47',	3,	350),
('0196078d9b9a75deaa995a9cc92647b7',	'0195c26d87687654923b24e51014a7a2',	1,	430),
('0196078d9b9a75deaa995a9cc92647b7',	'0195c26db6f9792e88553329afabb299',	1,	380),
('0196079463da73c3ae7047b8a9772043',	'0195c267068f7c6baac4c734bb489a89',	6,	350),
('019607a4b9937befa01d57e2b62d1799',	'0195c26794c77ec9b6b7a8b6a6b6d9ff',	1,	350),
('019607a4b9937befa01d57e2b62d1799',	'0195c26f7eaa769fb722fdc4a70b3b47',	1,	350),
('019607a4ef787b25a675a725f2d37749',	'0195c26794c77ec9b6b7a8b6a6b6d9ff',	5,	350),
('019607a4ef787b25a675a725f2d37749',	'0195c2724cc77a3e87491f67ed9d884e',	1,	300),
('019607a51a7373c79cf4a5aadbe93473',	'0195c26794c77ec9b6b7a8b6a6b6d9ff',	5,	350),
('019607a51a7373c79cf4a5aadbe93473',	'0195c2724cc77a3e87491f67ed9d884e',	1,	300),
('019607a848fe7945a1f9341a676efc3e',	'0195c26d87687654923b24e51014a7a2',	2,	430),
('019607a848fe7945a1f9341a676efc3e',	'0195c26db6f9792e88553329afabb299',	3,	380),
('019607a8fdc27cb39de337f7ccc29cd2',	'0195c26c7a58737b8daf1023fd96fffe',	1,	180),
('019607bab0887c8b8e4fa743173f4373',	'0195c26db6f9792e88553329afabb299',	2,	380),
('019607bce775767b80646ed4bb96c3ec',	'0195c26d87687654923b24e51014a7a2',	1,	430),
('019607bce775767b80646ed4bb96c3ec',	'0195c26db6f9792e88553329afabb299',	1,	380),
('019607cef5227ce3867fcc3e85811f22',	'0195c270241375a29754d06bb1902c7f',	3,	300),
('019607cfaf5e715484427b7ccecd4ed9',	'0195c26c578278dea40fceda969d858f',	2,	230),
('019607cfaf5e715484427b7ccecd4ed9',	'0195c26d87687654923b24e51014a7a2',	1,	430),
('019607cfaf5e715484427b7ccecd4ed9',	'0195c270241375a29754d06bb1902c7f',	1,	300),
('019607d42c6c7e77923b527f1f922415',	'0195c2724cc77a3e87491f67ed9d884e',	4,	300),
('01964dfb53ab71d2b4d7cc99ba36b2f3',	'0195c26b498f75e8a8db174507a1e250',	1,	250),
('01964e0470cc7b2ba48962c4a24b9129',	'0195c26cbe8378d5a1829e6bb8d5f1a1',	1,	300),
('01964e05d3497615a60194851606e55d',	'0195c26a30fe7c8995cb994b97aefac0',	1,	300),
('01964e05d3497615a60194851606e55d',	'0195fc40941a7719afe38842ad682cad',	1,	100),
('01964e0fd1bd705b92bd5810160fbc95',	'0195c26e1ca278cea52cb7b9fd9e5a30',	1,	400),
('01964e0fd1bd705b92bd5810160fbc95',	'0195fc40941a7719afe38842ad682cad',	1,	100),
('01964e116a567d9382b08818db0ac773',	'0195c26433ba7c7da6c5a2d10218dfdb',	1,	100),
('01964e13031378efb12f3f31f809e93e',	'0195c26e1ca278cea52cb7b9fd9e5a30',	1,	400),
('01964e13031378efb12f3f31f809e93e',	'0195fc40941a7719afe38842ad682cad',	2,	100),
('01964e133093755ea0c14d9770aea3d9',	'0195fc40941a7719afe38842ad682cad',	-1,	100),
('01964e1389eb7dffba2dc9e1947ba277',	'0195c26e1ca278cea52cb7b9fd9e5a30',	1,	400),
('01964e1549e37cd5b8a038fb640f3eda',	'0195c26d87687654923b24e51014a7a2',	4,	430),
('01964e1549e37cd5b8a038fb640f3eda',	'0195fc40941a7719afe38842ad682cad',	4,	100),
('01964e224f4c72caa90f968b8d926536',	'0195c26a30fe7c8995cb994b97aefac0',	1,	300),
('01964e224f4c72caa90f968b8d926536',	'0195fc40941a7719afe38842ad682cad',	1,	100),
('01964e23510b7b93b81a7b97d38ce262',	'0195c26d87687654923b24e51014a7a2',	1,	430),
('01964e237b58718792a18f94b1e9b14d',	'0195c26a30fe7c8995cb994b97aefac0',	1,	300),
('01964e27e8a07046928d9c6230108f63',	'0195c26a501d7da88266c3b3ab90df94',	1,	250),
('01964e27e8a07046928d9c6230108f63',	'0195fc40941a7719afe38842ad682cad',	1,	100),
('01964e2b70a57aa2b3c0163aef6cb7ef',	'0195c26ac6227181ba7afc82f2a831ba',	1,	350),
('01964e2b70a57aa2b3c0163aef6cb7ef',	'0195c26b498f75e8a8db174507a1e250',	1,	250),
('01964e2b70a57aa2b3c0163aef6cb7ef',	'0195c26bd31878b7a099c89fb57124aa',	1,	200),
('01964e2b70a57aa2b3c0163aef6cb7ef',	'0195fc40941a7719afe38842ad682cad',	2,	100),
('01964e2c39eb7017944a52fa8da84207',	'0195c26a30fe7c8995cb994b97aefac0',	1,	300),
('01964e2d22ca784eb84838403842d7bd',	'0195c26d87687654923b24e51014a7a2',	3,	430),
('01964e2d22ca784eb84838403842d7bd',	'0195c270241375a29754d06bb1902c7f',	1,	300),
('01964e2d2d3971b8af835cc61caa0cac',	'0195c26aeb317070a01c4243557edbbc',	2,	300),
('01964e2d2d3971b8af835cc61caa0cac',	'0195fc40941a7719afe38842ad682cad',	1,	100),
('01964e2de9027c6fb411b0bed1528b8e',	'0195c26f7eaa769fb722fdc4a70b3b47',	1,	350),
('01964e2de9027c6fb411b0bed1528b8e',	'0195fc40941a7719afe38842ad682cad',	1,	100),
('01964e317d46762aae54e9c0145cce30',	'0195c270241375a29754d06bb1902c7f',	2,	300),
('01964e317d46762aae54e9c0145cce30',	'0195fc40941a7719afe38842ad682cad',	1,	100),
('01964e32a12371efb53c5ea6ff1d0a4a',	'0195c26d87687654923b24e51014a7a2',	1,	430),
('01964e335ed27c1eb3551a1ba513f005',	'0195c270241375a29754d06bb1902c7f',	2,	300),
('01964e35c06a76f28a8c3091caf9fa66',	'0195c270241375a29754d06bb1902c7f',	2,	300),
('01964e3895f37f1fb449bb2be2a4cd7e',	'0195c2631a1c7ea28d378570e50882ac',	1,	200),
('01964e3895f37f1fb449bb2be2a4cd7e',	'0195c26ac6227181ba7afc82f2a831ba',	1,	350),
('01964e3895f37f1fb449bb2be2a4cd7e',	'0195fc40941a7719afe38842ad682cad',	1,	100),
('01964e3a5ccb791ea6b7641cbd9ea742',	'0195c26a30fe7c8995cb994b97aefac0',	1,	300),
('01964e3a5ccb791ea6b7641cbd9ea742',	'0195c26bd31878b7a099c89fb57124aa',	3,	200),
('01964e3a5ccb791ea6b7641cbd9ea742',	'0195fc40941a7719afe38842ad682cad',	4,	100),
('01964e3a79b675c68db56b95bef3a9dc',	'0195c26d87687654923b24e51014a7a2',	1,	430),
('01964e3a79b675c68db56b95bef3a9dc',	'0195fc40941a7719afe38842ad682cad',	1,	100),
('01964e3b810b7f2696dab52dbe706fb0',	'0195c26d87687654923b24e51014a7a2',	1,	430),
('01964e3c454c732090af91d788bfde43',	'0195c26f7eaa769fb722fdc4a70b3b47',	1,	350),
('01964e3c454c732090af91d788bfde43',	'0195fc40941a7719afe38842ad682cad',	1,	100),
('01964e4999f67547b9164b73a78b665a',	'0195c26cbe8378d5a1829e6bb8d5f1a1',	2,	300),
('01964e4b645a72a89752c65c7c542ee0',	'0195c26d87687654923b24e51014a7a2',	1,	430),
('01964e4bf6297b6d8660415e9839ffa1',	'0195fc40941a7719afe38842ad682cad',	-1,	100),
('01964e4d0ce270728aa24db97b1db67e',	'0195fc40941a7719afe38842ad682cad',	-1,	100),
('01964e50d63c7a238633cca5c925f2f6',	'0195c26d87687654923b24e51014a7a2',	1,	430),
('01964e50d63c7a238633cca5c925f2f6',	'0195fc40941a7719afe38842ad682cad',	1,	100),
('01964e5324e77aa2aaa36b4b6482ceda',	'0195c26bd31878b7a099c89fb57124aa',	1,	200),
('01964e5324e77aa2aaa36b4b6482ceda',	'0195fc40941a7719afe38842ad682cad',	1,	100),
('01964e5373d1719aa6fb609469a7ecfb',	'0195c270241375a29754d06bb1902c7f',	2,	300),
('01964e549da476fd9a38978b18a89ae3',	'0195c26d87687654923b24e51014a7a2',	1,	430),
('01964e549da476fd9a38978b18a89ae3',	'0195fc40941a7719afe38842ad682cad',	1,	100),
('01964e561ce07e22b8ccd0f91cfbc0ed',	'0195c26ac6227181ba7afc82f2a831ba',	2,	350),
('01964e561ce07e22b8ccd0f91cfbc0ed',	'0195fc40941a7719afe38842ad682cad',	1,	100),
('01964e563ba876fd8f89605812a34796',	'0195c26bd31878b7a099c89fb57124aa',	2,	200),
('01964e563ba876fd8f89605812a34796',	'0195fc40941a7719afe38842ad682cad',	2,	100),
('01964e563f497344bd1c940f6714f215',	'0195c26d87687654923b24e51014a7a2',	4,	430),
('01964e571e627a23ae5c44123951e207',	'0195c26d87687654923b24e51014a7a2',	1,	430),
('01964e571e627a23ae5c44123951e207',	'0195fc40941a7719afe38842ad682cad',	1,	100),
('01964e57533b7d0fafe4bf16d01f362c',	'0195c26d87687654923b24e51014a7a2',	1,	430),
('01964e57533b7d0fafe4bf16d01f362c',	'0195c26db6f9792e88553329afabb299',	1,	380),
('01964e57b24f7b5195e8479a3cdcc895',	'0195c26d87687654923b24e51014a7a2',	1,	430),
('01964e58189176959efb8f45b209577e',	'0195c26d87687654923b24e51014a7a2',	1,	430),
('01964e5a82d276a1b7e1580390469024',	'0195c2662d4772b4a6950cfe9316cab8',	1,	350),
('01964e5a82d276a1b7e1580390469024',	'01964ded963c79c69297c094ba29a511',	2,	500),
('01964e5c470275758d3eeb4907a665b3',	'0195c270241375a29754d06bb1902c7f',	2,	300),
('01964e5c736971c9b37f8f446021f0d1',	'0195c26d87687654923b24e51014a7a2',	2,	430),
('01964e5c736971c9b37f8f446021f0d1',	'0195fc40941a7719afe38842ad682cad',	2,	100),
('01964e5c8ee9708d8f6a30d57325d094',	'0195c26a30fe7c8995cb994b97aefac0',	1,	300),
('01964e5c8ee9708d8f6a30d57325d094',	'0195c26a501d7da88266c3b3ab90df94',	2,	250),
('01964e5c8ee9708d8f6a30d57325d094',	'0195fc40941a7719afe38842ad682cad',	3,	100),
('01964e5d23d173debca04db92a771182',	'0195c270241375a29754d06bb1902c7f',	1,	300),
('01964e5da0c370e4963c3d78c53ff1c9',	'0195c26bd31878b7a099c89fb57124aa',	1,	200),
('01964e5da0c370e4963c3d78c53ff1c9',	'0195fc40941a7719afe38842ad682cad',	1,	100),
('01964e5e0b0a774f97436b130f64e660',	'0195c270241375a29754d06bb1902c7f',	1,	300),
('01964e5e0b0a774f97436b130f64e660',	'0195fc40941a7719afe38842ad682cad',	1,	100),
('01964e5f034d78e2bb80c0489ed7ad57',	'0195c269f11b748cb6bcd4060a17d3e9',	1,	200),
('01964e5f034d78e2bb80c0489ed7ad57',	'0195c26aeb317070a01c4243557edbbc',	3,	300),
('01964e5f034d78e2bb80c0489ed7ad57',	'0195c26d87687654923b24e51014a7a2',	1,	430),
('01964e5f034d78e2bb80c0489ed7ad57',	'0195fc40941a7719afe38842ad682cad',	1,	100),
('01964e5fedd17f269d2ba29d2d7cda98',	'0195c26f7eaa769fb722fdc4a70b3b47',	2,	350),
('01964e5fedd17f269d2ba29d2d7cda98',	'0195fc40941a7719afe38842ad682cad',	2,	100),
('01964e60c81c720a83551803e5733306',	'0195c269c2cd7698b27b817a4a45beaf',	1,	250),
('01964e60c81c720a83551803e5733306',	'0195fc40941a7719afe38842ad682cad',	1,	100),
('01964e61857c75a3a2dd5aeaf9cf3d8d',	'0195c270241375a29754d06bb1902c7f',	1,	300),
('01964e624f5a7e649c1db801d9f4a25b',	'0195c26ddc70797394f57288dffc7127',	1,	1720),
('01964e62ef9c7371a8e6a992f6a298be',	'0195c2662d4772b4a6950cfe9316cab8',	2,	350),
('01964e62ef9c7371a8e6a992f6a298be',	'01964df684557d29850e369683f2faa0',	1,	450),
('01964e62ff567940b8d3e0c43507d272',	'0195c26d87687654923b24e51014a7a2',	2,	430),
('01964e62ff567940b8d3e0c43507d272',	'0195fc40941a7719afe38842ad682cad',	2,	100),
('01964e633f61747a945fe658bdcdbebb',	'0195c26f9f14716eb0ead6b4a214c777',	1,	300),
('01964e633f61747a945fe658bdcdbebb',	'0195fc40941a7719afe38842ad682cad',	1,	100),
('01964e63c77d7cfaad48d559a568a6c4',	'0195c270241375a29754d06bb1902c7f',	4,	300),
('01964e63c77d7cfaad48d559a568a6c4',	'0195fc40941a7719afe38842ad682cad',	4,	100),
('01964e653c9b78c4839ee9e9607d943f',	'0195c2662d4772b4a6950cfe9316cab8',	1,	350),
('01964e675e6d72d39aa5b1a62be1255e',	'0195c26a30fe7c8995cb994b97aefac0',	1,	300),
('01964e675e6d72d39aa5b1a62be1255e',	'0195fc40941a7719afe38842ad682cad',	1,	100),
('01964e67bddb70fcb6788c70fe9880fe',	'0195c26bd31878b7a099c89fb57124aa',	2,	200),
('01964e67bddb70fcb6788c70fe9880fe',	'0195c26f7eaa769fb722fdc4a70b3b47',	2,	350),
('01964e67bddb70fcb6788c70fe9880fe',	'0195fc40941a7719afe38842ad682cad',	1,	100),
('01964e68a1d17d86a183a37bf6940374',	'0195c26d87687654923b24e51014a7a2',	1,	430),
('01964e69b2747bb7afe01e2c077ce109',	'0195c26f7eaa769fb722fdc4a70b3b47',	1,	350),
('01964e69b2747bb7afe01e2c077ce109',	'0195fc40941a7719afe38842ad682cad',	1,	100),
('01964e6a68ad795cb6020bc8dcc2d95c',	'0195c26a30fe7c8995cb994b97aefac0',	1,	300),
('01964e6ae4387d92b148dcbbdfeb11c5',	'0195c2662d4772b4a6950cfe9316cab8',	2,	350),
('01964e6b06a070cfbce915d439bcc575',	'0195c2662d4772b4a6950cfe9316cab8',	1,	350),
('01964e6b997b71608b027ab8be3e1aa7',	'0195c26d87687654923b24e51014a7a2',	1,	430),
('01964e6b997b71608b027ab8be3e1aa7',	'0195fc40941a7719afe38842ad682cad',	1,	100),
('01964e6beb2a73a2b4def5fdb5e9a514',	'0195c26d87687654923b24e51014a7a2',	1,	430),
('01964e6beb2a73a2b4def5fdb5e9a514',	'0195c270241375a29754d06bb1902c7f',	1,	300),
('01964e6beb2a73a2b4def5fdb5e9a514',	'0195fc40941a7719afe38842ad682cad',	2,	100),
('01964e6cbe3675418c98aa9829393d9a',	'0195c270241375a29754d06bb1902c7f',	1,	300),
('01964e6d484c75ab80d0f0867107a03b',	'0195c270241375a29754d06bb1902c7f',	3,	300),
('01964e6d484c75ab80d0f0867107a03b',	'0195fc40941a7719afe38842ad682cad',	2,	100),
('01964e6df89175ea960d3f950eef4797',	'0195c264da2c78ac949a2d45897f424f',	1,	300),
('01964e6dfde8755c8151fa7e14841034',	'0195c26d87687654923b24e51014a7a2',	1,	430),
('01964e6dfde8755c8151fa7e14841034',	'0195fc40941a7719afe38842ad682cad',	1,	100),
('01964e6e2dcd7c8597898dcc84df7397',	'0195c269c2cd7698b27b817a4a45beaf',	2,	250),
('01964e6e2dcd7c8597898dcc84df7397',	'0195fc40941a7719afe38842ad682cad',	2,	100),
('01964e6ee56c7bde8dcabefb9b7d4250',	'0195c26ac6227181ba7afc82f2a831ba',	1,	350),
('01964e6ee56c7bde8dcabefb9b7d4250',	'0195fc40941a7719afe38842ad682cad',	1,	100),
('01964e6fdd397404b4273cb0a2081db1',	'01964df684557d29850e369683f2faa0',	1,	450),
('01964e7145a07ce0aca82fcdb1ce32b1',	'0195c26ac6227181ba7afc82f2a831ba',	3,	350),
('01964e7145a07ce0aca82fcdb1ce32b1',	'0195c26bd31878b7a099c89fb57124aa',	2,	200),
('01964e7145a07ce0aca82fcdb1ce32b1',	'0195fc40941a7719afe38842ad682cad',	1,	100),
('01964e715ee17d27baa9b701b89e5c66',	'0195c26a501d7da88266c3b3ab90df94',	1,	250),
('01964e715ee17d27baa9b701b89e5c66',	'0195fc40941a7719afe38842ad682cad',	1,	100),
('01964e71a8717802925c67209552eb99',	'0195c26bf4bc7ba3ac73d0c7de6dd74d',	2,	150),
('01964e71a8717802925c67209552eb99',	'0195c26c7a58737b8daf1023fd96fffe',	1,	180),
('01964e71a8717802925c67209552eb99',	'0195fc40941a7719afe38842ad682cad',	1,	100),
('01964e71c37b7ddcba116ef5cfa3d3d5',	'0195c26d87687654923b24e51014a7a2',	1,	430),
('01964e71c37b7ddcba116ef5cfa3d3d5',	'0195fc40941a7719afe38842ad682cad',	1,	100),
('01964e7295ec76858fc3bd7994245cc4',	'0195c26d87687654923b24e51014a7a2',	1,	430),
('01964e7295ec76858fc3bd7994245cc4',	'0195c26e1ca278cea52cb7b9fd9e5a30',	2,	400),
('01964e7295ec76858fc3bd7994245cc4',	'0195fc40941a7719afe38842ad682cad',	1,	100),
('01964e72d29c7627bb2858bfdefe52a4',	'0195c26d87687654923b24e51014a7a2',	1,	430),
('01964e7318b37eb68d02909f09024fbf',	'0195c26f7eaa769fb722fdc4a70b3b47',	3,	350),
('01964e7318b37eb68d02909f09024fbf',	'0195c270241375a29754d06bb1902c7f',	1,	300),
('01964e7318b37eb68d02909f09024fbf',	'0195fc40941a7719afe38842ad682cad',	2,	100),
('01964e736072770b96ae6c03fce6c39a',	'0195c26d87687654923b24e51014a7a2',	2,	430),
('01964e736072770b96ae6c03fce6c39a',	'0195fc40941a7719afe38842ad682cad',	2,	100),
('01964e73c85a74509ab1d5c0449ae247',	'0195c2662d4772b4a6950cfe9316cab8',	2,	350),
('01964e742e62722ca0e6c71c3af03f9b',	'0195c26a30fe7c8995cb994b97aefac0',	1,	300),
('01964e742e62722ca0e6c71c3af03f9b',	'0195fc40941a7719afe38842ad682cad',	1,	100),
('01964e7459057954a98b48429072643d',	'0195c26d87687654923b24e51014a7a2',	1,	430),
('01964e7459057954a98b48429072643d',	'0195fc40941a7719afe38842ad682cad',	1,	100),
('01964e751d447da4a83a9acafebbbd50',	'0195c26d87687654923b24e51014a7a2',	1,	430),
('01964e751d447da4a83a9acafebbbd50',	'0195fc40941a7719afe38842ad682cad',	1,	100),
('01964e7584e777c6b52fa7252c282429',	'0195c26ac6227181ba7afc82f2a831ba',	1,	350),
('01964e7584e777c6b52fa7252c282429',	'0195fc40941a7719afe38842ad682cad',	1,	100),
('01964e7660537cd38bb9d032ec38993e',	'0195c26a30fe7c8995cb994b97aefac0',	2,	300),
('01964e7660537cd38bb9d032ec38993e',	'0195fc40941a7719afe38842ad682cad',	2,	100),
('01964e773df97376bc0f67bf6cbe40e6',	'0195c2733ec17029bf190b9da94d8c41',	2,	400),
('01964e773df97376bc0f67bf6cbe40e6',	'0195fc40941a7719afe38842ad682cad',	2,	100),
('01964e777d0b777fa194fe33550802eb',	'0195c26d87687654923b24e51014a7a2',	1,	430),
('01964e7796e57a58a11cd88b77e884c3',	'0195c270241375a29754d06bb1902c7f',	2,	300),
('01964e77e0a275f6a63232e33fb858a8',	'0195c26c578278dea40fceda969d858f',	1,	230),
('01964e79137c731c84439166ef52a316',	'0195c26d87687654923b24e51014a7a2',	1,	430),
('01964e79313279f8a3d0447d93e8e215',	'0195c26d87687654923b24e51014a7a2',	3,	430),
('01964e79313279f8a3d0447d93e8e215',	'0195fc40941a7719afe38842ad682cad',	3,	100),
('01964e796a5274e382f44ac1c8208f02',	'01964ded963c79c69297c094ba29a511',	1,	500),
('01964e799fd37ee7b078a0f11ac0c7c9',	'0195c26ac6227181ba7afc82f2a831ba',	1,	350),
('01964e799fd37ee7b078a0f11ac0c7c9',	'0195fc40941a7719afe38842ad682cad',	1,	100),
('01964e7a0c4a71848cb5c287be16b6cc',	'0195c269c2cd7698b27b817a4a45beaf',	1,	250),
('01964e7a0c4a71848cb5c287be16b6cc',	'0195c26bd31878b7a099c89fb57124aa',	1,	200),
('01964e7a0c4a71848cb5c287be16b6cc',	'0195fc40941a7719afe38842ad682cad',	2,	100),
('01964e7a982b7515903f956aad627060',	'0195c26349017c6bb95b29311608b3a9',	3,	250),
('01964e7a982b7515903f956aad627060',	'0195fc40941a7719afe38842ad682cad',	1,	100),
('01964e7ade927c9ebc97954bd25565d9',	'0195c26d87687654923b24e51014a7a2',	3,	430),
('01964e7ade927c9ebc97954bd25565d9',	'0195fc40941a7719afe38842ad682cad',	3,	100),
('01964e7b035a793a98bbe7d5aafd08ca',	'0195c26bd31878b7a099c89fb57124aa',	1,	200),
('01964e7b035a793a98bbe7d5aafd08ca',	'0195fc40941a7719afe38842ad682cad',	1,	100),
('01964e7ba8ca7a61b08725cf94e63175',	'0195c26d87687654923b24e51014a7a2',	1,	430),
('01964e7c63827e07a5651476ed204309',	'01964ded963c79c69297c094ba29a511',	1,	500),
('01964e7d10797dd09bfcf4cfa7826608',	'0195c26a30fe7c8995cb994b97aefac0',	1,	300),
('01964e7d10797dd09bfcf4cfa7826608',	'0195fc40941a7719afe38842ad682cad',	1,	100),
('01964e7e839a763285158b205f8b3ed3',	'0195c270241375a29754d06bb1902c7f',	2,	300),
('01964e7e839a763285158b205f8b3ed3',	'0195fc40941a7719afe38842ad682cad',	2,	100),
('01964e8012127bf9a872fd4147674015',	'0195c2662d4772b4a6950cfe9316cab8',	1,	350),
('01964e80447070b994109327c83446f5',	'0195c26f7eaa769fb722fdc4a70b3b47',	2,	350),
('01964e8087a07ec38141c9ac9b837c87',	'0195c26d87687654923b24e51014a7a2',	1,	430),
('01964e8087a07ec38141c9ac9b837c87',	'0195c26db6f9792e88553329afabb299',	1,	380),
('01964e8087a07ec38141c9ac9b837c87',	'0195c270241375a29754d06bb1902c7f',	3,	300),
('01964e80950c7222af9034359c6510c5',	'0195c26a30fe7c8995cb994b97aefac0',	-2,	300),
('01964e80950c7222af9034359c6510c5',	'0195c3022c8277bca78a1b23b86f5179',	1,	450),
('01964e80950c7222af9034359c6510c5',	'0195fc40941a7719afe38842ad682cad',	1,	100),
('01964e80e6b077f0b0d46b56dd7d6756',	'0195c26d87687654923b24e51014a7a2',	2,	430),
('01964e80e6b077f0b0d46b56dd7d6756',	'0195fc40941a7719afe38842ad682cad',	2,	100),
('01964e8265a17e1681430ed459f6f577',	'0195c26c578278dea40fceda969d858f',	1,	230),
('01964e8265a17e1681430ed459f6f577',	'0195fc40941a7719afe38842ad682cad',	1,	100),
('01964e827514797d98039ccdd894b93b',	'0195c2662d4772b4a6950cfe9316cab8',	3,	350),
('01964e827514797d98039ccdd894b93b',	'01964ded963c79c69297c094ba29a511',	1,	500),
('01964e8321e37c88a0abf794c94d6222',	'0195fc40941a7719afe38842ad682cad',	-1,	100),
('01964e83565779a38d0a749eee8bea4c',	'01964df684557d29850e369683f2faa0',	1,	450),
('01964e83af9c7610a977fa2e5abfbbaa',	'0195c26ac6227181ba7afc82f2a831ba',	1,	350),
('01964e83af9c7610a977fa2e5abfbbaa',	'0195fc40941a7719afe38842ad682cad',	1,	100),
('01964e843a40796c9b49df8ce53d46bf',	'0195c26d87687654923b24e51014a7a2',	1,	430),
('01964e843a40796c9b49df8ce53d46bf',	'0195fc40941a7719afe38842ad682cad',	1,	100),
('01964e844fe872a3826bded147ad3217',	'01964ded963c79c69297c094ba29a511',	1,	500),
('01964e84661c741fbe0ae4516a222be2',	'0195c26a30fe7c8995cb994b97aefac0',	1,	300),
('01964e84661c741fbe0ae4516a222be2',	'0195fc40941a7719afe38842ad682cad',	1,	100),
('01964e84af1371afb1588eab41cab00b',	'0195c270241375a29754d06bb1902c7f',	1,	300),
('01964e84af1371afb1588eab41cab00b',	'0195fc40941a7719afe38842ad682cad',	1,	100),
('01964e84f8d8777bb9853145e5776d00',	'0195c26d87687654923b24e51014a7a2',	1,	430),
('01964e84f8d8777bb9853145e5776d00',	'0195fc40941a7719afe38842ad682cad',	1,	100),
('01964e855e857a828cac7ca40f04b856',	'0195c270241375a29754d06bb1902c7f',	1,	300),
('01964e855e857a828cac7ca40f04b856',	'0195c27050ba70c1ab1d55db6c15b7da',	1,	250),
('01964e85f992741a8479b091218c62b2',	'0195c26f7eaa769fb722fdc4a70b3b47',	3,	350),
('01964e85f992741a8479b091218c62b2',	'0195fc40941a7719afe38842ad682cad',	3,	100),
('01964e86332a784888e15c2a6defdbfd',	'0195c26a30fe7c8995cb994b97aefac0',	2,	300),
('01964e86332a784888e15c2a6defdbfd',	'0195fc40941a7719afe38842ad682cad',	2,	100),
('01964e86480b7b9db54dfbc164ab90a3',	'0195c2662d4772b4a6950cfe9316cab8',	3,	350),
('01964e86480b7b9db54dfbc164ab90a3',	'01964ded963c79c69297c094ba29a511',	1,	500),
('01964e8788587d9aaf98f2125ff4aca8',	'0195c2662d4772b4a6950cfe9316cab8',	1,	350),
('01964e8788587d9aaf98f2125ff4aca8',	'01964ded963c79c69297c094ba29a511',	1,	500),
('01964e8788587d9aaf98f2125ff4aca8',	'01964df684557d29850e369683f2faa0',	1,	450),
('01964e87a4ea7902a7330fd8bb076e94',	'0195c26d87687654923b24e51014a7a2',	3,	430),
('01964e87a4ea7902a7330fd8bb076e94',	'0195fc40941a7719afe38842ad682cad',	3,	100),
('01964e87e5da7bfc951d916a5b088fe8',	'0195c26d87687654923b24e51014a7a2',	2,	430),
('01964e87e5da7bfc951d916a5b088fe8',	'0195fc40941a7719afe38842ad682cad',	2,	100),
('01964e8884d97c26a41fe1269a314278',	'0195c26d87687654923b24e51014a7a2',	1,	430),
('01964e88a0f7712092bb3d834b0e913d',	'0195c26d87687654923b24e51014a7a2',	1,	430),
('01964e88a0f7712092bb3d834b0e913d',	'0195fc40941a7719afe38842ad682cad',	1,	100),
('01964e89077b793fa77a4996c3e71885',	'0195c26d87687654923b24e51014a7a2',	3,	430),
('01964e89077b793fa77a4996c3e71885',	'0195fc40941a7719afe38842ad682cad',	1,	100),
('01964e890ce978f5a4214a7c1f4b6fde',	'0195c26a30fe7c8995cb994b97aefac0',	1,	300),
('01964e890ce978f5a4214a7c1f4b6fde',	'0195fc40941a7719afe38842ad682cad',	1,	100),
('01964e893abe7716beca6c3d4306405b',	'0195c270241375a29754d06bb1902c7f',	3,	300),
('01964e89fc0e7c1c9a5a3147d5f3b10e',	'0195c26d87687654923b24e51014a7a2',	4,	430),
('01964e89fc0e7c1c9a5a3147d5f3b10e',	'0195fc40941a7719afe38842ad682cad',	2,	100),
('01964e8a35d272a5b5a75d3a1036b4aa',	'0195c26f7eaa769fb722fdc4a70b3b47',	1,	350),
('01964e8ad1707b05ab9a6365a78f08e2',	'0195c26b1c1471faa68cbb81c8e4be52',	1,	100),
('01964e8ad1707b05ab9a6365a78f08e2',	'0195fc40941a7719afe38842ad682cad',	1,	100),
('01964e8ae6817e1f8d6b69c2b41b1607',	'0195c26ac6227181ba7afc82f2a831ba',	1,	350),
('01964e8bba3e76918e774411bd0656c9',	'0195c26a30fe7c8995cb994b97aefac0',	1,	300),
('01964e8bba3e76918e774411bd0656c9',	'0195fc40941a7719afe38842ad682cad',	1,	100),
('01964e8bbe407d2a9ba8b50de769b441',	'0195c26f9f14716eb0ead6b4a214c777',	1,	300),
('01964e8bffd677f1927dab1918858399',	'0195c270241375a29754d06bb1902c7f',	1,	300),
('01964e8bffd677f1927dab1918858399',	'0195fc40941a7719afe38842ad682cad',	1,	100),
('01964e8c258377c3a3d78da3370d99a5',	'0195c26a30fe7c8995cb994b97aefac0',	1,	300),
('01964e8c258377c3a3d78da3370d99a5',	'0195fc40941a7719afe38842ad682cad',	1,	100),
('01964e8ccdbf7135b70f08747606f274',	'0195c26d87687654923b24e51014a7a2',	1,	430),
('01964e8ccdbf7135b70f08747606f274',	'0195fc40941a7719afe38842ad682cad',	1,	100),
('01964e8d39b57962b4ce5139133bd726',	'0195c26ac6227181ba7afc82f2a831ba',	2,	350),
('01964e8d39b57962b4ce5139133bd726',	'0195c270241375a29754d06bb1902c7f',	3,	300),
('01964e8d39b57962b4ce5139133bd726',	'0195fc40941a7719afe38842ad682cad',	1,	100),
('01964e8d47637c42a272b04c71f4d0c9',	'0195c26a30fe7c8995cb994b97aefac0',	2,	300),
('01964e8d47637c42a272b04c71f4d0c9',	'0195c26ac6227181ba7afc82f2a831ba',	1,	350),
('01964e8d47637c42a272b04c71f4d0c9',	'0195fc40941a7719afe38842ad682cad',	1,	100),
('01964e8d74147d8584e539782549d0e6',	'0195c270241375a29754d06bb1902c7f',	3,	300),
('01964e8d74147d8584e539782549d0e6',	'0195fc40941a7719afe38842ad682cad',	2,	100),
('01964e8d97b274019381f2442a80e238',	'0195c269c2cd7698b27b817a4a45beaf',	1,	250),
('01964e8d97b274019381f2442a80e238',	'0195fc40941a7719afe38842ad682cad',	1,	100),
('01964e8e468c775ea5d636a8f1d7f139',	'0195fc40941a7719afe38842ad682cad',	-1,	100),
('01964e8e590a761db09b8e6f3bcb4e0b',	'0195c2662d4772b4a6950cfe9316cab8',	3,	350),
('01964e8e590a761db09b8e6f3bcb4e0b',	'01964ded963c79c69297c094ba29a511',	1,	500),
('01964e8e590a761db09b8e6f3bcb4e0b',	'01964df684557d29850e369683f2faa0',	2,	450),
('01964e8f11fa7052aa6c2b942382e152',	'0195c270241375a29754d06bb1902c7f',	2,	300),
('01964e8f7ce97461912184f17ddb133c',	'0195c26a501d7da88266c3b3ab90df94',	1,	250),
('01964e8f7ce97461912184f17ddb133c',	'0195c26db6f9792e88553329afabb299',	2,	380),
('01964e8f7ce97461912184f17ddb133c',	'0195fc40941a7719afe38842ad682cad',	2,	100),
('01964e8f91a077beb08e847606c1f823',	'0195c26d87687654923b24e51014a7a2',	1,	430),
('01964e8f91a077beb08e847606c1f823',	'0195fc40941a7719afe38842ad682cad',	1,	100),
('01964e8fac247b0e8ae380f3d9752b95',	'0195c270241375a29754d06bb1902c7f',	1,	300),
('01964e8fac247b0e8ae380f3d9752b95',	'0195fc40941a7719afe38842ad682cad',	1,	100),
('01964e9046727dc4a5c7ebe7d05cfa90',	'0195c26a30fe7c8995cb994b97aefac0',	1,	300),
('01964e9046727dc4a5c7ebe7d05cfa90',	'0195fc40941a7719afe38842ad682cad',	1,	100),
('01964e906e777997913841b8bba3be69',	'0195c270241375a29754d06bb1902c7f',	3,	300),
('01964e90f0e07dd3aba36d68d9c203d2',	'0195c26db6f9792e88553329afabb299',	1,	380),
('01964e910bc276699ad467e0c669689f',	'0195c2662d4772b4a6950cfe9316cab8',	1,	350),
('01964e910bc276699ad467e0c669689f',	'01964ded963c79c69297c094ba29a511',	4,	500),
('01964e912fb2745ba60a18fd3bcdd47c',	'0195c26a30fe7c8995cb994b97aefac0',	1,	300),
('01964e912fb2745ba60a18fd3bcdd47c',	'0195fc40941a7719afe38842ad682cad',	1,	100),
('01964e91b90a74f6a33912395fd49c5e',	'0195c26a30fe7c8995cb994b97aefac0',	2,	300),
('01964e91b90a74f6a33912395fd49c5e',	'0195c26e1ca278cea52cb7b9fd9e5a30',	2,	400),
('01964e91b90a74f6a33912395fd49c5e',	'0195fc40941a7719afe38842ad682cad',	2,	100),
('01964e922eeb725ca31f6c6b8a81f0a9',	'0195c26ac6227181ba7afc82f2a831ba',	1,	350),
('01964e92f0ec7d96b9ca2e5c2e889dd0',	'0195c26e6b417df5903364fd6496b294',	1,	350),
('01964e92f0ec7d96b9ca2e5c2e889dd0',	'0195c270241375a29754d06bb1902c7f',	1,	300),
('01964e92f0ec7d96b9ca2e5c2e889dd0',	'0195fc40941a7719afe38842ad682cad',	2,	100),
('01964e930516717ab468c7b85a2ecf1c',	'0195c26aeb317070a01c4243557edbbc',	1,	300),
('01964e930516717ab468c7b85a2ecf1c',	'0195c26f7eaa769fb722fdc4a70b3b47',	2,	350),
('01964e930516717ab468c7b85a2ecf1c',	'0195fc40941a7719afe38842ad682cad',	1,	100),
('01964e93697778b7a5113409920c5da9',	'0195c26d87687654923b24e51014a7a2',	1,	430),
('01964e93697778b7a5113409920c5da9',	'0195fc40941a7719afe38842ad682cad',	1,	100),
('01964e939c867aeab672df37b0719e9a',	'0195c26d87687654923b24e51014a7a2',	3,	430),
('01964e93eaa07975885291f4c5759782',	'0195c26a501d7da88266c3b3ab90df94',	1,	250),
('01964e9513d475279bb0b81d608015d0',	'0195c2662d4772b4a6950cfe9316cab8',	1,	350),
('01964e9513d475279bb0b81d608015d0',	'01964ded963c79c69297c094ba29a511',	2,	500),
('01964e96f3027d14862fe6f70b88d666',	'0195c26e1ca278cea52cb7b9fd9e5a30',	1,	400),
('01964e96f3027d14862fe6f70b88d666',	'0195c270241375a29754d06bb1902c7f',	1,	300),
('01964e97ade379c28ac1f661f4185ca1',	'0195c26d87687654923b24e51014a7a2',	3,	430),
('01964e97ade379c28ac1f661f4185ca1',	'0195fc40941a7719afe38842ad682cad',	1,	100),
('01964e98401c754b9bfb03cddb8206c5',	'0195c26d87687654923b24e51014a7a2',	1,	430),
('01964e99ac577167b1289fe9c5c882dc',	'0195c26d87687654923b24e51014a7a2',	1,	430),
('01964e99ac577167b1289fe9c5c882dc',	'0195c26f9f14716eb0ead6b4a214c777',	1,	300),
('01964e99ac577167b1289fe9c5c882dc',	'0195fc40941a7719afe38842ad682cad',	1,	100),
('01964e9c2458700b99424b41b6e82084',	'0195c26ac6227181ba7afc82f2a831ba',	2,	350),
('01964e9c94007bef8f5ac70e47c3e276',	'0195c26d87687654923b24e51014a7a2',	3,	430),
('01964e9d20e7754db7e00d0b855e2fd3',	'01964ded963c79c69297c094ba29a511',	1,	500),
('01964e9e15ec736ea9bd8dfc54099061',	'0195c26a30fe7c8995cb994b97aefac0',	1,	300),
('01964e9e15ec736ea9bd8dfc54099061',	'0195c26f7eaa769fb722fdc4a70b3b47',	1,	350),
('01964e9e15ec736ea9bd8dfc54099061',	'0195fc40941a7719afe38842ad682cad',	1,	100),
('01964e9e1bcb7566bdf05526874967d4',	'0195c2662d4772b4a6950cfe9316cab8',	1,	350),
('01964e9e28a17023a1df75d029b872c3',	'0195c26f7eaa769fb722fdc4a70b3b47',	2,	350),
('01964e9e28a17023a1df75d029b872c3',	'0195fc40941a7719afe38842ad682cad',	2,	100),
('01964e9e56c873768bb0b7cea2bdc2e3',	'01964ded963c79c69297c094ba29a511',	1,	500),
('01964e9e6f1a7d898bb763c9926035c5',	'0195c2662d4772b4a6950cfe9316cab8',	1,	350),
('01964e9e802e7e48b0f3580303ba4a83',	'01964ded963c79c69297c094ba29a511',	1,	500),
('01964e9ef3d077a79258524f15bb456f',	'0195c26aeb317070a01c4243557edbbc',	2,	300),
('01964e9ef3d077a79258524f15bb456f',	'0195fc40941a7719afe38842ad682cad',	2,	100),
('01964e9f970377d29ee884af04caa82e',	'0195c26d87687654923b24e51014a7a2',	1,	430),
('01964e9f970377d29ee884af04caa82e',	'0195c26e1ca278cea52cb7b9fd9e5a30',	1,	400),
('01964e9fe2a87959bfd0f17141fed7a8',	'0195c26a501d7da88266c3b3ab90df94',	1,	250),
('01964e9fe2a87959bfd0f17141fed7a8',	'0195fc40941a7719afe38842ad682cad',	1,	100),
('01964ea0118b766299af4dda21d70606',	'0195c26aeb317070a01c4243557edbbc',	1,	300),
('01964ea0a26e7f3c8404f2eec6339a58',	'0195c26d87687654923b24e51014a7a2',	3,	430),
('01964ea15cad7e6f85bf4f1a21f89957',	'0195c26f7eaa769fb722fdc4a70b3b47',	2,	350),
('01964ea1eecd7c94903a1fe53488b8ba',	'0195c2662d4772b4a6950cfe9316cab8',	1,	350),
('01964ea1eecd7c94903a1fe53488b8ba',	'01964df684557d29850e369683f2faa0',	1,	450),
('01964ea2409c777f8da4fa3db6ddd945',	'0195c2662d4772b4a6950cfe9316cab8',	1,	350),
('01964ea2409c777f8da4fa3db6ddd945',	'01964ded963c79c69297c094ba29a511',	1,	500),
('01964ea2a993757290ab3c74d1ce2f77',	'0195c2662d4772b4a6950cfe9316cab8',	1,	350),
('01964ea2a993757290ab3c74d1ce2f77',	'01964ded963c79c69297c094ba29a511',	2,	500),
('01964ea314027d9cbfcf3127b82bb2cd',	'0195fc40941a7719afe38842ad682cad',	-1,	100),
('01964ea37834758492a1e0d6427a92ae',	'0195c26d87687654923b24e51014a7a2',	3,	430),
('01964ea43fb17586ac2ed2d94fab4a85',	'0195c26bd31878b7a099c89fb57124aa',	3,	200),
('01964ea43fb17586ac2ed2d94fab4a85',	'0195fc40941a7719afe38842ad682cad',	1,	100),
('01964ea45fd871dd96e91ffaf2c4758e',	'0195c26d87687654923b24e51014a7a2',	2,	430),
('01964ea45fd871dd96e91ffaf2c4758e',	'0195fc40941a7719afe38842ad682cad',	2,	100),
('01964ea483ae7c2ea6c84ea998e205d6',	'0195c26bd31878b7a099c89fb57124aa',	1,	200),
('01964ea484d1719694c7cd50dbdfe924',	'0195c2662d4772b4a6950cfe9316cab8',	1,	350),
('01964ea484d1719694c7cd50dbdfe924',	'01964df684557d29850e369683f2faa0',	2,	450),
('01964ea4f33d734d8ddb73718c8bf2fe',	'0195c26f7eaa769fb722fdc4a70b3b47',	2,	350),
('01964ea4f33d734d8ddb73718c8bf2fe',	'0195fc40941a7719afe38842ad682cad',	2,	100),
('01964ea52d5672f38aefbf982eaf48bf',	'0195c26a30fe7c8995cb994b97aefac0',	1,	300),
('01964ea584da740685b29e2d6c7d960c',	'0195fc40941a7719afe38842ad682cad',	-1,	100),
('01964ea5b75a75ffbd6288e15a6bf902',	'0195c2662d4772b4a6950cfe9316cab8',	2,	350),
('01964ea5e6de77f6b09ccec29b9f9d97',	'0195c26ac6227181ba7afc82f2a831ba',	1,	350),
('01964ea5e6de77f6b09ccec29b9f9d97',	'0195fc40941a7719afe38842ad682cad',	1,	100),
('01964ea5ecc37f2da04cf627e89a82ed',	'0195c2662d4772b4a6950cfe9316cab8',	1,	350),
('01964ea7c0c67c21a689d37c4280064e',	'0195c269c2cd7698b27b817a4a45beaf',	5,	250),
('01964ea7c0c67c21a689d37c4280064e',	'0195c26d87687654923b24e51014a7a2',	1,	430),
('01964ea7c0c67c21a689d37c4280064e',	'0195c270241375a29754d06bb1902c7f',	1,	300),
('01964ea7c0c67c21a689d37c4280064e',	'0195fc40941a7719afe38842ad682cad',	3,	100),
('01964ea826c87b508d492c2f453b1947',	'0195c26a30fe7c8995cb994b97aefac0',	2,	300),
('01964ea826c87b508d492c2f453b1947',	'0195c26d87687654923b24e51014a7a2',	5,	430),
('01964ea826c87b508d492c2f453b1947',	'0195c26f7eaa769fb722fdc4a70b3b47',	2,	350),
('01964ea826c87b508d492c2f453b1947',	'0195c26f9f14716eb0ead6b4a214c777',	2,	300),
('01964ea826c87b508d492c2f453b1947',	'0195fc40941a7719afe38842ad682cad',	1,	100),
('01964ea8fd457697ae840ff0b69c1668',	'0195c26bd31878b7a099c89fb57124aa',	2,	200),
('01964ea8fd457697ae840ff0b69c1668',	'0195c2733ec17029bf190b9da94d8c41',	1,	400),
('01964ea903db78e682805f32c80711a0',	'0195c26b498f75e8a8db174507a1e250',	1,	250),
('01964ea903db78e682805f32c80711a0',	'0195c26bd31878b7a099c89fb57124aa',	1,	200),
('01964ea903db78e682805f32c80711a0',	'0195fc40941a7719afe38842ad682cad',	1,	100),
('01964ea922387d7293375f9a37e89a71',	'0195c2662d4772b4a6950cfe9316cab8',	2,	350),
('01964ea922387d7293375f9a37e89a71',	'01964ded963c79c69297c094ba29a511',	1,	500),
('01964ea922387d7293375f9a37e89a71',	'01964df684557d29850e369683f2faa0',	1,	450),
('01964ea928ba740f88d996a5f61ca99e',	'0195c26a30fe7c8995cb994b97aefac0',	1,	300),
('01964ea93a707d67b5bb69670e938bab',	'0195c26a30fe7c8995cb994b97aefac0',	2,	300),
('01964ea93a707d67b5bb69670e938bab',	'0195c270241375a29754d06bb1902c7f',	2,	300),
('01964ea93a707d67b5bb69670e938bab',	'0195fc40941a7719afe38842ad682cad',	1,	100),
('01964ea981bc7a479af09779f733e46e',	'0195c26a30fe7c8995cb994b97aefac0',	1,	300),
('01964ea981bc7a479af09779f733e46e',	'0195c26bd31878b7a099c89fb57124aa',	1,	200),
('01964ea981bc7a479af09779f733e46e',	'0195fc40941a7719afe38842ad682cad',	1,	100),
('01964ea98d7d7180adaf2e2e1b682e2c',	'01964ded963c79c69297c094ba29a511',	1,	500),
('01964eaa666f7cf980d3504e650a0464',	'01964df684557d29850e369683f2faa0',	2,	450),
('01964eaa7e42780c8f99f693f0a37f57',	'0195c26e1ca278cea52cb7b9fd9e5a30',	1,	400),
('01964eaad96274cab416bb9903e807ee',	'0195fc40941a7719afe38842ad682cad',	-3,	100),
('01964eab2a2377e8ae561c98e0f434f1',	'0195c26a30fe7c8995cb994b97aefac0',	1,	300),
('01964eab2a2377e8ae561c98e0f434f1',	'0195c26ac6227181ba7afc82f2a831ba',	2,	350),
('01964eab2a2377e8ae561c98e0f434f1',	'0195fc40941a7719afe38842ad682cad',	1,	100),
('01964eabbb5475ceb25f40a3aec6d2c6',	'0195c26ac6227181ba7afc82f2a831ba',	1,	350),
('01964eabbb5475ceb25f40a3aec6d2c6',	'0195fc40941a7719afe38842ad682cad',	1,	100),
('01964eabbedd75968d9512aa6659a807',	'0195c2662d4772b4a6950cfe9316cab8',	3,	350),
('01964eabd12c705097e762a34cd09c91',	'0195c270241375a29754d06bb1902c7f',	3,	300),
('01964eabf9627cd88ce020080887108d',	'0195c26db6f9792e88553329afabb299',	1,	380),
('01964eabf9627cd88ce020080887108d',	'0195c270241375a29754d06bb1902c7f',	1,	300),
('01964ead5e7674728c040185d041e81c',	'0195c26d87687654923b24e51014a7a2',	1,	430),
('01964eae27cc7e43be188ccc008e5f56',	'0195c26e1ca278cea52cb7b9fd9e5a30',	2,	400),
('01964eae57ba7081bf3a3617a3c31d73',	'0195c2662d4772b4a6950cfe9316cab8',	3,	350),
('01964eae57ba7081bf3a3617a3c31d73',	'01964ded963c79c69297c094ba29a511',	2,	500),
('01964eae57ba7081bf3a3617a3c31d73',	'01964df684557d29850e369683f2faa0',	1,	450),
('01964eaf00fe720f8a9bfcd50ea78a48',	'0195c270241375a29754d06bb1902c7f',	3,	300),
('01964eaf6c0e73388615c3b3d5313154',	'0195c26d87687654923b24e51014a7a2',	1,	430),
('01964eaf6c0e73388615c3b3d5313154',	'0195c26e1ca278cea52cb7b9fd9e5a30',	1,	400),
('01964eaf6c0e73388615c3b3d5313154',	'0195fc40941a7719afe38842ad682cad',	1,	100),
('01964eaff4b37a05a9f4b48289699d91',	'0195c26ac6227181ba7afc82f2a831ba',	1,	350),
('01964eaff4b37a05a9f4b48289699d91',	'0195fc40941a7719afe38842ad682cad',	1,	100),
('01964eb0005272bb9e83bfd3f07ed8f7',	'01964df5e1237047938d8af1dbaf9779',	1,	500),
('01964eb013827b019c3ee0e6f76dfd2a',	'0195c2662d4772b4a6950cfe9316cab8',	2,	350),
('01964eb0191a7bdfa85dd0fd6193588e',	'0195c26d87687654923b24e51014a7a2',	5,	430),
('01964eb068d87051a51c6832e1959ee9',	'0195c2662d4772b4a6950cfe9316cab8',	1,	350),
('01964eb076217bfaa898b94d61713e38',	'0195c26d87687654923b24e51014a7a2',	1,	430),
('01964eb0ce7b757aa07da04ac3059cdc',	'0195c26d87687654923b24e51014a7a2',	1,	430),
('01964eb0e91b752a912a903ed3ada5b5',	'0195c26a30fe7c8995cb994b97aefac0',	-1,	300),
('01964eb0e91b752a912a903ed3ada5b5',	'0195fc40941a7719afe38842ad682cad',	1,	100),
('01964eb0e9907dcbb165847c3968f3ae',	'0195c26d87687654923b24e51014a7a2',	1,	430),
('01964eb0e9907dcbb165847c3968f3ae',	'0195fc40941a7719afe38842ad682cad',	1,	100),
('01964eb14d9a70fabdc4bec4aae3de70',	'0195c26d87687654923b24e51014a7a2',	1,	430),
('01964eb18c187066826a4ce1369f9663',	'0195c26d87687654923b24e51014a7a2',	1,	430),
('01964eb18c187066826a4ce1369f9663',	'0195c270241375a29754d06bb1902c7f',	3,	300),
('01964eb2101d72a38e60232bae54e688',	'0195c26a30fe7c8995cb994b97aefac0',	1,	300),
('01964eb265507cee96a692caa4c84a94',	'0195c26a501d7da88266c3b3ab90df94',	1,	250),
('01964eb27f1378b08a5731a1837c1c38',	'0195c26bd31878b7a099c89fb57124aa',	1,	200),
('01964eb27f1378b08a5731a1837c1c38',	'0195c2733ec17029bf190b9da94d8c41',	1,	400),
('01964eb27f1378b08a5731a1837c1c38',	'0195fc40941a7719afe38842ad682cad',	2,	100),
('01964eb2b95d70b0999dc1b5ed6fb9a6',	'0195c26d87687654923b24e51014a7a2',	1,	430),
('01964eb2b95d70b0999dc1b5ed6fb9a6',	'0195c270241375a29754d06bb1902c7f',	1,	300),
('01964eb33c057726b03dda67c0902697',	'0195c26d87687654923b24e51014a7a2',	2,	430),
('01964eb33c057726b03dda67c0902697',	'0195c270241375a29754d06bb1902c7f',	1,	300),
('01964eb3af1c7955b80bbcc76a965d93',	'0195c26415937c218e587e7c2d69ed99',	1,	150),
('01964eb4c5c873b8a7844f6a50ee82d8',	'0195c2662d4772b4a6950cfe9316cab8',	4,	350),
('01964eb4c5c873b8a7844f6a50ee82d8',	'01964ded963c79c69297c094ba29a511',	1,	500),
('01964eb4c5c873b8a7844f6a50ee82d8',	'01964df5e1237047938d8af1dbaf9779',	1,	500),
('01964eb4c5c873b8a7844f6a50ee82d8',	'01964df684557d29850e369683f2faa0',	2,	450),
('01964eb64c4d7206ba2fd8b176e71bf4',	'0195c26d87687654923b24e51014a7a2',	2,	430),
('01964eb668ea7d1592c03983973259d6',	'0195c26d87687654923b24e51014a7a2',	1,	430),
('01964eb668ea7d1592c03983973259d6',	'0195fc40941a7719afe38842ad682cad',	1,	100),
('01964eb67cf776a38f6cc937538852ee',	'0195c269c2cd7698b27b817a4a45beaf',	1,	250),
('01964eb67cf776a38f6cc937538852ee',	'0195c26a30fe7c8995cb994b97aefac0',	1,	300),
('01964eb71179748b81fc2260b2fec7b9',	'0195fc40941a7719afe38842ad682cad',	-1,	100),
('01964eb7c0147c8a98de8ad192682e88',	'01964ded963c79c69297c094ba29a511',	1,	500),
('01964eb80cec79bb96050ff0994253f0',	'0195c2662d4772b4a6950cfe9316cab8',	1,	350),
('01964eb904dd7d51a3004221269292ee',	'0195c26f7eaa769fb722fdc4a70b3b47',	1,	350),
('01964eb92ba77b8f90950ac5494ee693',	'0195c269c2cd7698b27b817a4a45beaf',	2,	250),
('01964eb92ba77b8f90950ac5494ee693',	'0195c26d87687654923b24e51014a7a2',	1,	430),
('01964eb96a3a7403b87cfeb7f3561053',	'0195c2662d4772b4a6950cfe9316cab8',	2,	350),
('01964eb96ab07bb59baf44f9d631442c',	'0195c26d87687654923b24e51014a7a2',	5,	430),
('01964eb96ab07bb59baf44f9d631442c',	'0195fc40941a7719afe38842ad682cad',	1,	100),
('01964eb994eb750cacf7e7bb212c2d2f',	'0195c26d87687654923b24e51014a7a2',	1,	430),
('01964eb9c2807010af01f4f8d6bbd20e',	'0195fc40941a7719afe38842ad682cad',	-1,	100),
('01964eba47f57bad9e5dffd13153dc6a',	'0195c2662d4772b4a6950cfe9316cab8',	2,	350),
('01964ebb77d774e5b5c97c9c1b36062b',	'0195c26d87687654923b24e51014a7a2',	1,	430),
('01964ebb77d774e5b5c97c9c1b36062b',	'0195fc40941a7719afe38842ad682cad',	1,	100),
('01964ebdc35f795aa61c6e91d7ed54d6',	'0195c2662d4772b4a6950cfe9316cab8',	5,	350),
('01964ebdc35f795aa61c6e91d7ed54d6',	'01964ded963c79c69297c094ba29a511',	1,	500),
('01964ebdfc9c7f04bbf4f3731e3ad60c',	'0195c26d87687654923b24e51014a7a2',	1,	430),
('01964ebe22bc708395afdf767a956bec',	'0195c2662d4772b4a6950cfe9316cab8',	1,	350),
('01964ec096e17a4f9699ca82b2104be6',	'0195c26e1ca278cea52cb7b9fd9e5a30',	1,	400),
('01964ec0afb2760ea61639fb08d7403f',	'0195c26db6f9792e88553329afabb299',	1,	380),
('01964ec0afb2760ea61639fb08d7403f',	'0195c270241375a29754d06bb1902c7f',	2,	300),
('01964ec0b5c77870af6ba52576d4745e',	'0195c2662d4772b4a6950cfe9316cab8',	1,	350),
('01964ec0b5c77870af6ba52576d4745e',	'01964ded963c79c69297c094ba29a511',	2,	500),
('01964ec112c47c17b9ad3b866ff1839b',	'0195c26f7eaa769fb722fdc4a70b3b47',	2,	350),
('01964ec177357605a22ec9ea1e159219',	'0195c262b02b78c0a6b84ce41186113f',	1,	700),
('01964ec28e4c7ad3a049a674d3446fc2',	'0195c26a30fe7c8995cb994b97aefac0',	1,	300),
('01964ec30d4d795a9f72829055e8cf84',	'0195c26a30fe7c8995cb994b97aefac0',	2,	300),
('01964ec30d4d795a9f72829055e8cf84',	'0195c26f7eaa769fb722fdc4a70b3b47',	3,	350),
('01964ec30d4d795a9f72829055e8cf84',	'0195fc40941a7719afe38842ad682cad',	1,	100),
('01964ec32f65705ca934ab0e59cf7ffe',	'0195c26bd31878b7a099c89fb57124aa',	1,	200),
('01964ec399f971f9bb0d8030ee76ff60',	'0195c26d87687654923b24e51014a7a2',	1,	430),
('01964ec399f971f9bb0d8030ee76ff60',	'0195fc40941a7719afe38842ad682cad',	1,	100),
('01964ec3b9fc7bacadc59f72f4ec1bcc',	'0195c26bd31878b7a099c89fb57124aa',	1,	200),
('01964ec3b9fc7bacadc59f72f4ec1bcc',	'0195c26f7eaa769fb722fdc4a70b3b47',	1,	350),
('01964ec3b9fc7bacadc59f72f4ec1bcc',	'0195fc40941a7719afe38842ad682cad',	1,	100),
('01964ec4c4b370b4bc89026067b8f1df',	'0195c270241375a29754d06bb1902c7f',	2,	300),
('01964ec648cb7bdd8a6a03f6bcc55b46',	'0195c26e1ca278cea52cb7b9fd9e5a30',	2,	400),
('01964ec648cb7bdd8a6a03f6bcc55b46',	'0195fc40941a7719afe38842ad682cad',	-2,	100),
('01964ec6500f7c32885352a016e9802a',	'0195c26d87687654923b24e51014a7a2',	1,	430),
('01964ec6500f7c32885352a016e9802a',	'0195c27050ba70c1ab1d55db6c15b7da',	1,	250),
('01964ec6500f7c32885352a016e9802a',	'0195fc40941a7719afe38842ad682cad',	-1,	100),
('01964ec67d2b7e68af6c0d093dc26829',	'0195c26d87687654923b24e51014a7a2',	3,	430),
('01964ec69b9879f0801f3bcffaec9996',	'0195c2662d4772b4a6950cfe9316cab8',	1,	350),
('01964ec69b9879f0801f3bcffaec9996',	'01964ded963c79c69297c094ba29a511',	1,	500),
('01964ec69b9879f0801f3bcffaec9996',	'01964df5e1237047938d8af1dbaf9779',	2,	500),
('01964ec72208734bbd2130bc4afcda12',	'0195c26d87687654923b24e51014a7a2',	1,	430),
('01964ec72208734bbd2130bc4afcda12',	'0195fc40941a7719afe38842ad682cad',	1,	100),
('01964ec74aab7e05b4d61d97b0a17fc9',	'0195c26a30fe7c8995cb994b97aefac0',	1,	300),
('01964ec74aab7e05b4d61d97b0a17fc9',	'0195fc40941a7719afe38842ad682cad',	1,	100),
('01964ec90d6b7ac5b9a6400de17462a8',	'0195c26a30fe7c8995cb994b97aefac0',	1,	300),
('01964ec90d6b7ac5b9a6400de17462a8',	'0195fc40941a7719afe38842ad682cad',	1,	100),
('01964ec9fc747b7db79f086a597330e1',	'0195c2662d4772b4a6950cfe9316cab8',	1,	350),
('01964eca80897a91a8f5ada179ac7edd',	'0195c270241375a29754d06bb1902c7f',	1,	300),
('01964eca80897a91a8f5ada179ac7edd',	'0195fc40941a7719afe38842ad682cad',	-1,	100),
('01964ecb09247c3189e534a7af604c0d',	'0195c2662d4772b4a6950cfe9316cab8',	1,	350),
('01964ecb09247c3189e534a7af604c0d',	'01964df684557d29850e369683f2faa0',	1,	450),
('01964ecb3b1375709b89ea8cf0aa63b3',	'0195c26d87687654923b24e51014a7a2',	1,	430),
('01964ecb3b1375709b89ea8cf0aa63b3',	'0195c270241375a29754d06bb1902c7f',	1,	300),
('01964ecb60e077ee863c523093029e13',	'0195c26f9f14716eb0ead6b4a214c777',	5,	300),
('01964ecb60e077ee863c523093029e13',	'0195c26fc3887233a3a32d732d9f3c08',	1,	270),
('01964ecb64127415b6e9ab4ac539c134',	'0195fc40941a7719afe38842ad682cad',	-2,	100),
('01964ecb6ac278139b9cecd6e9336d0d',	'0195c2733ec17029bf190b9da94d8c41',	2,	400),
('01964ecb6ac278139b9cecd6e9336d0d',	'0195fc40941a7719afe38842ad682cad',	-2,	100),
('01964ecb93807c928528a424e565eb75',	'0195c269c2cd7698b27b817a4a45beaf',	1,	250),
('01964ecc40897253b9ec9f369a12efe4',	'0195c26d87687654923b24e51014a7a2',	1,	430),
('01964ecc667e7b669a88a3a5549d8f58',	'0195c2662d4772b4a6950cfe9316cab8',	1,	350),
('01964ecc667e7b669a88a3a5549d8f58',	'01964ded963c79c69297c094ba29a511',	1,	500),
('01964ecc691c75e68e41edffed6aa2c6',	'0195fc40941a7719afe38842ad682cad',	-1,	100),
('01964ecc70757a108e46d4f407a7db6b',	'0195c270241375a29754d06bb1902c7f',	1,	300),
('01964ecd0c0f767c979b10ab39433488',	'01964df5e1237047938d8af1dbaf9779',	1,	500),
('01964ece4f747ab59703516d70808dbe',	'0195c26d87687654923b24e51014a7a2',	2,	430),
('01964ecf9186701d9f8ed63166b4d9cc',	'0195c2662d4772b4a6950cfe9316cab8',	2,	350),
('01964ecfe00b70d8bd966dec8d567c86',	'0195c270241375a29754d06bb1902c7f',	1,	300),
('01964ecffa3b7c69952b0e02b9a49d38',	'0195c26d87687654923b24e51014a7a2',	7,	430),
('01964ecffa3b7c69952b0e02b9a49d38',	'0195fc40941a7719afe38842ad682cad',	1,	100),
('01964ed0782377c59dee998b711c41bc',	'0195c26d87687654923b24e51014a7a2',	1,	430),
('01964ed0a8317a2f814afb701322e91a',	'0195c26f7eaa769fb722fdc4a70b3b47',	1,	350),
('01964ed0a8317a2f814afb701322e91a',	'0195fc40941a7719afe38842ad682cad',	-1,	100),
('01964ed0d3e17da5a61b0cdae672ac75',	'0195c26d87687654923b24e51014a7a2',	1,	430),
('01964ed0dff471d79e74400d4eb3c4e9',	'0195c2662d4772b4a6950cfe9316cab8',	1,	350),
('01964ed0dff471d79e74400d4eb3c4e9',	'01964df5e1237047938d8af1dbaf9779',	1,	500),
('01964ed1274e7d3fba21d4395c0fadad',	'0195c26db6f9792e88553329afabb299',	1,	380),
('01964ed1b6f170b6961af377f525fd1d',	'0195fc40941a7719afe38842ad682cad',	-2,	100),
('01964ed1f2b17619af012f932de2586f',	'0195c2662d4772b4a6950cfe9316cab8',	2,	350),
('01964ed1f2b17619af012f932de2586f',	'01964ded963c79c69297c094ba29a511',	1,	500),
('01964ed1f2b17619af012f932de2586f',	'01964df5e1237047938d8af1dbaf9779',	1,	500),
('01964ed24368722fa4a4f4a45e3a7225',	'0195fc40941a7719afe38842ad682cad',	-1,	100),
('01964ed306c37e8aaef9836016e2aca5',	'0195c26f7eaa769fb722fdc4a70b3b47',	1,	350),
('01964ed43ad87121bbd82f0e036512b2',	'0195c2662d4772b4a6950cfe9316cab8',	3,	350),
('01964ed43ad87121bbd82f0e036512b2',	'01964ded963c79c69297c094ba29a511',	1,	500),
('01964ed4a8037c999d31d4ea9b12f0f9',	'0195c26d87687654923b24e51014a7a2',	4,	430),
('01964ed4a8037c999d31d4ea9b12f0f9',	'0195c270241375a29754d06bb1902c7f',	2,	300),
('01964ed4a8037c999d31d4ea9b12f0f9',	'0195fc40941a7719afe38842ad682cad',	3,	100),
('01964ed5108d7728a163226bf2e182ec',	'0195fc40941a7719afe38842ad682cad',	-2,	100),
('01964ed5a1e372f384bb3072157a2295',	'0195c26e1ca278cea52cb7b9fd9e5a30',	1,	400),
('01964ed62e1a7d7bb0c139f620e757e6',	'0195fc40941a7719afe38842ad682cad',	-1,	100),
('01964ed8a5297c819598c1c65e8f02c7',	'0195c270241375a29754d06bb1902c7f',	3,	300),
('01964ed942027d16bbe1f2daaed9eec1',	'0195c26bf4bc7ba3ac73d0c7de6dd74d',	1,	150),
('01964ed97912708182c8babe0b9f529b',	'0195fc40941a7719afe38842ad682cad',	-2,	100),
('01964ed9a3b67050a6ac1079d050e21e',	'0195fc40941a7719afe38842ad682cad',	-3,	100),
('01964ed9c4a27deabd790c0662bc5728',	'0195c26ddc70797394f57288dffc7127',	1,	1720),
('01964ed9df6f7930951f3d4ec40bb656',	'0195fc40941a7719afe38842ad682cad',	-1,	100),
('01964ed9fc527720ab87869044ce1135',	'0195fc40941a7719afe38842ad682cad',	-5,	100),
('01964eda1d637c24be5b0cf092eff709',	'0195c26ddc70797394f57288dffc7127',	1,	1720),
('01964eda340a73789e93f72fc14b9d0e',	'0195c270241375a29754d06bb1902c7f',	2,	300),
('01964eda57d97a2cac9596edab640291',	'0195fc40941a7719afe38842ad682cad',	-10,	100),
('01964edacba373339ea1513b92bc45f6',	'0195c26e6b417df5903364fd6496b294',	1,	350),
('01964edad07777f88c82dc8321e5ae95',	'0195fc40941a7719afe38842ad682cad',	1,	100),
('01964edb2a08794a8d3699f0be203ca8',	'0195fc40941a7719afe38842ad682cad',	-1,	100),
('01964edb814c7118a38e224ccf69bf90',	'0195c26bd31878b7a099c89fb57124aa',	1,	200),
('01964edb814c7118a38e224ccf69bf90',	'0195c26d87687654923b24e51014a7a2',	1,	430),
('01964edb814c7118a38e224ccf69bf90',	'0195fc40941a7719afe38842ad682cad',	1,	100),
('01964edba6e57db18b8e30889190a9d7',	'0195c26d87687654923b24e51014a7a2',	1,	430),
('01964edba6e57db18b8e30889190a9d7',	'0195c26f7eaa769fb722fdc4a70b3b47',	1,	350),
('01964edba6e57db18b8e30889190a9d7',	'0195fc40941a7719afe38842ad682cad',	-1,	100),
('01964edbf5dc7b11b296d60360e6bd82',	'0195c26e1ca278cea52cb7b9fd9e5a30',	-4,	400),
('01964edbf5dc7b11b296d60360e6bd82',	'0195fc40941a7719afe38842ad682cad',	1,	100),
('01964edbfbf87340854204a2e23ad3a3',	'0195c2662d4772b4a6950cfe9316cab8',	1,	350),
('01964edbfbf87340854204a2e23ad3a3',	'01964df5e1237047938d8af1dbaf9779',	4,	500),
('01964edcd127706b8865cd8a55ca0cd1',	'0195c26d87687654923b24e51014a7a2',	1,	430),
('01964edcd127706b8865cd8a55ca0cd1',	'0195fc40941a7719afe38842ad682cad',	1,	100),
('01964ede8fff7a47920ab40465b8f0bb',	'0195c270241375a29754d06bb1902c7f',	4,	300),
('01964edf1e0571af8f2913b163e5eb96',	'0195c270241375a29754d06bb1902c7f',	2,	300),
('01964edfbcbc70758e1edd79cc2f9fff',	'0195c26d87687654923b24e51014a7a2',	4,	430),
('01964edfd16c7298a24e505cf29ff300',	'0195c2662d4772b4a6950cfe9316cab8',	1,	350),
('01964edfd16c7298a24e505cf29ff300',	'01964df5e1237047938d8af1dbaf9779',	1,	500),
('01964ee11be8760992e6abc7c417527d',	'0195c26bd31878b7a099c89fb57124aa',	1,	200),
('01964ee11be8760992e6abc7c417527d',	'0195c2733ec17029bf190b9da94d8c41',	1,	400),
('01964ee11be8760992e6abc7c417527d',	'0195fc40941a7719afe38842ad682cad',	-1,	100),
('01964ee1f2347ebca2715c43f5d0e401',	'0195c26d87687654923b24e51014a7a2',	1,	430),
('01964ee1f2347ebca2715c43f5d0e401',	'0195c270241375a29754d06bb1902c7f',	1,	300),
('01964ee1f2347ebca2715c43f5d0e401',	'0195fc40941a7719afe38842ad682cad',	1,	100),
('01964ee31e6972788ad379f5139d3e55',	'0195c2662d4772b4a6950cfe9316cab8',	1,	350),
('01964ee4760972cd83c65e4801976b2c',	'0195c26d87687654923b24e51014a7a2',	2,	430),
('01964ee4760972cd83c65e4801976b2c',	'0195fc40941a7719afe38842ad682cad',	2,	100),
('01964ee4d90b73b38e93c6f6454063c1',	'0195c26d87687654923b24e51014a7a2',	1,	430),
('01964ee4d90b73b38e93c6f6454063c1',	'0195c26e6b417df5903364fd6496b294',	1,	350),
('01964ee585977e73a9af28fcdc29f9f4',	'0195c270241375a29754d06bb1902c7f',	2,	300),
('01964ee585977e73a9af28fcdc29f9f4',	'0195fc40941a7719afe38842ad682cad',	2,	100),
('01964ee5ae837708a8e064ee5bde0ee1',	'0195c26d87687654923b24e51014a7a2',	5,	430),
('01964ee5ae837708a8e064ee5bde0ee1',	'0195fc40941a7719afe38842ad682cad',	5,	100),
('01964ee748047d37a2f75a489588b2a6',	'0195c26d87687654923b24e51014a7a2',	1,	430),
('01964ee748047d37a2f75a489588b2a6',	'0195c270241375a29754d06bb1902c7f',	1,	300),
('01964ee748047d37a2f75a489588b2a6',	'0195fc40941a7719afe38842ad682cad',	1,	100),
('01964ee775d87e5eb601f02d0de52f9f',	'0195c26f7eaa769fb722fdc4a70b3b47',	1,	350),
('01964ee775d87e5eb601f02d0de52f9f',	'0195c270241375a29754d06bb1902c7f',	1,	300),
('01964ee775d87e5eb601f02d0de52f9f',	'0195fc40941a7719afe38842ad682cad',	3,	100),
('01964ee8c1307bd5b2274373ac2e7d60',	'0195c26e1ca278cea52cb7b9fd9e5a30',	1,	400),
('01964ee8c1307bd5b2274373ac2e7d60',	'0195c270241375a29754d06bb1902c7f',	1,	300),
('01964ee8c1307bd5b2274373ac2e7d60',	'0195fc40941a7719afe38842ad682cad',	2,	100),
('01964ee8e00e746088c46c76bd6b29fe',	'0195c26db6f9792e88553329afabb299',	1,	380),
('01964ee8e00e746088c46c76bd6b29fe',	'0195c270241375a29754d06bb1902c7f',	1,	300),
('01964ee93a217ccc8ed8a9ad6ef2be22',	'0195c26f7eaa769fb722fdc4a70b3b47',	1,	350),
('01964eea42db7cf8a895b9bdbdff2be2',	'0195c26d87687654923b24e51014a7a2',	1,	430),
('01964eea42db7cf8a895b9bdbdff2be2',	'0195c26db6f9792e88553329afabb299',	1,	380),
('01964eea42db7cf8a895b9bdbdff2be2',	'0195fc40941a7719afe38842ad682cad',	1,	100),
('01964eea579679bf91f41a29e9d6abfd',	'0195c26db6f9792e88553329afabb299',	1,	380),
('01964eea91b47cfe953dea2a56755189',	'0195c26d87687654923b24e51014a7a2',	1,	430),
('01964eea91b47cfe953dea2a56755189',	'0195fc40941a7719afe38842ad682cad',	1,	100),
('01964eeb43117be3a22918f08cfa912c',	'0195c26db6f9792e88553329afabb299',	2,	380),
('01964eeb43117be3a22918f08cfa912c',	'0195c270241375a29754d06bb1902c7f',	1,	300),
('01964eeb43117be3a22918f08cfa912c',	'0195fc40941a7719afe38842ad682cad',	1,	100),
('01964eebf5757d6ebb75995bc03654d1',	'0195c26d87687654923b24e51014a7a2',	1,	430),
('01964eebf5757d6ebb75995bc03654d1',	'0195fc40941a7719afe38842ad682cad',	1,	100),
('01964eec53e37374ad8b4ed2b4f3d3e3',	'01964df5e1237047938d8af1dbaf9779',	1,	500),
('01964eecb1227c7fb3b70d3d76ded3e0',	'0195c26d87687654923b24e51014a7a2',	1,	430),
('01964eece0b874df9a0737f08316b243',	'01964df684557d29850e369683f2faa0',	1,	450),
('01964eed7152745386d1cfd77aaff507',	'0195c26d87687654923b24e51014a7a2',	1,	430),
('01964eed7152745386d1cfd77aaff507',	'0195fc40941a7719afe38842ad682cad',	-7,	100),
('01964eed9e427ceab809f95ebaf8d3ab',	'0195c26d87687654923b24e51014a7a2',	1,	430),
('01964eee320c7ba2b3a0d52de5a889c1',	'0195c26d87687654923b24e51014a7a2',	4,	430),
('01964eee320c7ba2b3a0d52de5a889c1',	'0195c270241375a29754d06bb1902c7f',	2,	300),
('01964eee320c7ba2b3a0d52de5a889c1',	'0195fc40941a7719afe38842ad682cad',	-1,	100),
('01964eef1a41776891e707defc7a2de2',	'0195c26d87687654923b24e51014a7a2',	1,	430),
('01964eef1a41776891e707defc7a2de2',	'0195fc40941a7719afe38842ad682cad',	1,	100),
('01964eef31c074fa9013ae48edf72031',	'0195c26ac6227181ba7afc82f2a831ba',	1,	350),
('01964eef67db7908802a602b8bc1ab9d',	'0195c26bd31878b7a099c89fb57124aa',	1,	200),
('01964eef67db7908802a602b8bc1ab9d',	'0195c26d87687654923b24e51014a7a2',	2,	430),
('01964eef67db7908802a602b8bc1ab9d',	'0195fc40941a7719afe38842ad682cad',	1,	100),
('01964ef136e47364a645831c3cf370f2',	'0195c26d87687654923b24e51014a7a2',	2,	430),
('01964ef136e47364a645831c3cf370f2',	'0195c26f7eaa769fb722fdc4a70b3b47',	1,	350),
('01964ef158e47725b50321afbc95e10b',	'0195c27050ba70c1ab1d55db6c15b7da',	1,	250),
('01964ef1769379f681dff85bab6dbd16',	'0195c27050ba70c1ab1d55db6c15b7da',	1,	250),
('01964ef1769379f681dff85bab6dbd16',	'0195fc40941a7719afe38842ad682cad',	2,	100),
('01964ef31d877c778df93676a6f1e4d6',	'0195c262b02b78c0a6b84ce41186113f',	1,	700),
('01964ef331bc7a9fb374b913d5b41c1a',	'0195c26db6f9792e88553329afabb299',	1,	380),
('01964ef35e207671a402b4facaace5ab',	'0195c26d87687654923b24e51014a7a2',	1,	430),
('01964ef35e207671a402b4facaace5ab',	'0195c270241375a29754d06bb1902c7f',	1,	300),
('01964ef35e207671a402b4facaace5ab',	'0195fc40941a7719afe38842ad682cad',	3,	100),
('01964ef3e2c0798b94ebdd3ba27ea1d4',	'0195c26d87687654923b24e51014a7a2',	1,	430),
('01964ef3e2c0798b94ebdd3ba27ea1d4',	'0195fc40941a7719afe38842ad682cad',	1,	100),
('01964ef579c87f41b300769630d3785f',	'0195c26fc3887233a3a32d732d9f3c08',	4,	270),
('01964ef579c87f41b300769630d3785f',	'0195fc40941a7719afe38842ad682cad',	-7,	100),
('01964ef5bace7985b2eb6c9bb804f7da',	'0195c26d87687654923b24e51014a7a2',	1,	430),
('01964ef5bace7985b2eb6c9bb804f7da',	'0195c270241375a29754d06bb1902c7f',	3,	300),
('01964ef5ed397321aa122a14cbdcfd01',	'0195c270241375a29754d06bb1902c7f',	3,	300),
('01964ef5ed397321aa122a14cbdcfd01',	'0195fc40941a7719afe38842ad682cad',	1,	100),
('01964ef640827d219f17c8df0c02bff3',	'0195fc40941a7719afe38842ad682cad',	-1,	100),
('01964ef788797322a9e1516bc246e8dc',	'0195c26d87687654923b24e51014a7a2',	1,	430),
('01964ef7de5f7d74885b843e48325b29',	'0195fc40941a7719afe38842ad682cad',	-1,	100),
('01964ef9856d707085a72699894cfca5',	'0195fc40941a7719afe38842ad682cad',	-1,	100),
('01964efa5a547ed28b5ec1511439087d',	'0195fc40941a7719afe38842ad682cad',	-2,	100),
('01964efaa49474df944357e41e699a01',	'0195fc40941a7719afe38842ad682cad',	-5,	100),
('01964efbc68274b689f6a576adc6af02',	'0195c26f7eaa769fb722fdc4a70b3b47',	2,	350),
('01964efbe01b723183fc2ebf24c168c0',	'0195c26d87687654923b24e51014a7a2',	1,	430),
('01964efcfccf72f598f10be13bb65bc7',	'0195c26e1ca278cea52cb7b9fd9e5a30',	-1,	400),
('01964efcfccf72f598f10be13bb65bc7',	'0195fc40941a7719afe38842ad682cad',	1,	100),
('01964efe78ca7427a6464e9ff74d9700',	'0195c26bd31878b7a099c89fb57124aa',	1,	200),
('01964efe78ca7427a6464e9ff74d9700',	'0195c26d87687654923b24e51014a7a2',	1,	430),
('01964efe78ca7427a6464e9ff74d9700',	'0195fc40941a7719afe38842ad682cad',	2,	100),
('01964f007b8d75b3a2130ae5cf86e09e',	'0195c26aeb317070a01c4243557edbbc',	1,	300),
('01964f007b8d75b3a2130ae5cf86e09e',	'0195fc40941a7719afe38842ad682cad',	-1,	100),
('01964f010ca77742922278ba9306a7ef',	'01964ded963c79c69297c094ba29a511',	1,	500),
('01964f01729c7408abf3c1a7e188c6a8',	'0195c26d87687654923b24e51014a7a2',	3,	430),
('01964f01729c7408abf3c1a7e188c6a8',	'0195c270241375a29754d06bb1902c7f',	1,	300),
('01964f01bb7f71f89d8812c3294384cb',	'0195c270241375a29754d06bb1902c7f',	2,	300),
('01964f01bb7f71f89d8812c3294384cb',	'0195fc40941a7719afe38842ad682cad',	-1,	100),
('01964f02169376faafc896648344f1ea',	'0195c270241375a29754d06bb1902c7f',	2,	300),
('01964f02d8967a349a3240e6fbefaa07',	'0195c26d87687654923b24e51014a7a2',	1,	430),
('01964f02d8967a349a3240e6fbefaa07',	'0195fc40941a7719afe38842ad682cad',	-2,	100),
('01964f032db27ef29aac3e5935e7d253',	'0195c2662d4772b4a6950cfe9316cab8',	1,	350),
('01964f038eaa71f8bc0d2cdf73129586',	'0195c26d87687654923b24e51014a7a2',	-1,	430),
('01964f038eaa71f8bc0d2cdf73129586',	'0195fc40941a7719afe38842ad682cad',	2,	100),
('01964f040cd27192bc2a0d8c96a5f161',	'0195c26aeb317070a01c4243557edbbc',	1,	300),
('01964f040cd27192bc2a0d8c96a5f161',	'0195fc40941a7719afe38842ad682cad',	1,	100),
('01964f053a567f2284ea9d7199378f02',	'0195c26c578278dea40fceda969d858f',	1,	230),
('01964f053a567f2284ea9d7199378f02',	'0195c26d87687654923b24e51014a7a2',	1,	430),
('01964f053a567f2284ea9d7199378f02',	'0195fc40941a7719afe38842ad682cad',	2,	100),
('01964f063e8a736f96720466898dd445',	'0195c270241375a29754d06bb1902c7f',	2,	300),
('01964f07cb4a71b7bb929905342a8ea9',	'0195c26d87687654923b24e51014a7a2',	1,	430),
('01964f08829b77099226ec5f5fb21ec2',	'01964df5e1237047938d8af1dbaf9779',	2,	500),
('01964f091c267cc4b1d97ab6e9c4eb14',	'0195c26db6f9792e88553329afabb299',	2,	380),
('01964f091c267cc4b1d97ab6e9c4eb14',	'0195fc40941a7719afe38842ad682cad',	-3,	100),
('01964f0954e47b399eb5c0fb2007e9c7',	'0195c26d87687654923b24e51014a7a2',	1,	430),
('01964f0954e47b399eb5c0fb2007e9c7',	'0195c26db6f9792e88553329afabb299',	1,	380),
('01964f0954e47b399eb5c0fb2007e9c7',	'0195c270241375a29754d06bb1902c7f',	1,	300),
('01964f0954e47b399eb5c0fb2007e9c7',	'0195fc40941a7719afe38842ad682cad',	1,	100),
('01964f0a795078f983a9ff7b57a9c6e5',	'0195c2662d4772b4a6950cfe9316cab8',	1,	350),
('01964f0a795078f983a9ff7b57a9c6e5',	'01964df684557d29850e369683f2faa0',	1,	450),
('01964f0a80997745a20ee44d2739def6',	'0195c270241375a29754d06bb1902c7f',	1,	300),
('01964f0ad40179edb06ca3f83ea10cee',	'01964ded963c79c69297c094ba29a511',	1,	500),
('01964f0b8dcc7412a5057e6359dc8963',	'0195c26d87687654923b24e51014a7a2',	1,	430),
('01964f0c819574b3ba589aa63361e964',	'0195c26e1ca278cea52cb7b9fd9e5a30',	1,	400),
('01964f0cec0c7dfc90d88cbfb1a1b739',	'0195c262b02b78c0a6b84ce41186113f',	1,	700),
('01964f112b327ca2a42fcbf3d73ba7f0',	'0195c26d87687654923b24e51014a7a2',	2,	430),
('01964f11a0dc710e81ab2046f900e5c3',	'0195c26d87687654923b24e51014a7a2',	1,	430),
('01964f11a0dc710e81ab2046f900e5c3',	'0195c270241375a29754d06bb1902c7f',	1,	300),
('01964f11a0dc710e81ab2046f900e5c3',	'0195fc40941a7719afe38842ad682cad',	1,	100),
('01964f11f3f3715d89920d27d2477e75',	'0195c27050ba70c1ab1d55db6c15b7da',	1,	250),
('01964f11f3f3715d89920d27d2477e75',	'0195fc40941a7719afe38842ad682cad',	1,	100),
('01964f13a1117595adc165bd02239b83',	'0195c270241375a29754d06bb1902c7f',	2,	300),
('01964f13a1117595adc165bd02239b83',	'0195fc40941a7719afe38842ad682cad',	-4,	100),
('01964f16e7dd74819f2a4e3960496e07',	'0195c26c578278dea40fceda969d858f',	2,	230),
('01964f16e7dd74819f2a4e3960496e07',	'0195c26d87687654923b24e51014a7a2',	1,	430),
('01964f16e7dd74819f2a4e3960496e07',	'0195fc40941a7719afe38842ad682cad',	1,	100),
('01964f1843ab72f4b7a44771549ecd8e',	'0195c270241375a29754d06bb1902c7f',	2,	300),
('01964f1843ab72f4b7a44771549ecd8e',	'0195fc40941a7719afe38842ad682cad',	1,	100),
('01964f19b6da7a6f93965a7bcf9da217',	'0195c26d87687654923b24e51014a7a2',	1,	430),
('01964f19b6da7a6f93965a7bcf9da217',	'0195fc40941a7719afe38842ad682cad',	2,	100),
('01964f19d2c27c9683fde9c94c3bd985',	'0195c267068f7c6baac4c734bb489a89',	7,	350),
('01964f1b37a5766fa8b8341ac99127ef',	'0195c26ac6227181ba7afc82f2a831ba',	1,	350),
('01964f1b37a5766fa8b8341ac99127ef',	'0195fc40941a7719afe38842ad682cad',	1,	100),
('01964f1c7aa976939526fb43ebdaa96d',	'0195c26a30fe7c8995cb994b97aefac0',	1,	300),
('01964f1d28627451ad97e10bdf6d87bd',	'0195c26aeb317070a01c4243557edbbc',	1,	300),
('01964f1d28627451ad97e10bdf6d87bd',	'0195c26f7eaa769fb722fdc4a70b3b47',	1,	350),
('01964f1d28627451ad97e10bdf6d87bd',	'0195fc40941a7719afe38842ad682cad',	1,	100),
('01964f1ddb687edfb4b7a10af7365aa1',	'0195c26d87687654923b24e51014a7a2',	3,	430),
('01964f1e4c947d91b4f738062e2351ae',	'0195c270241375a29754d06bb1902c7f',	1,	300),
('01964f1e893f71b1a5e05fd33f793ec8',	'0195c26d87687654923b24e51014a7a2',	1,	430),
('01964f1ee1047196afa9726ff3c2d334',	'0195c26db6f9792e88553329afabb299',	1,	380),
('01964f1ee1047196afa9726ff3c2d334',	'0195fc40941a7719afe38842ad682cad',	-2,	100),
('01964f1f022774dba346d40cd3e5a184',	'0195c26f9f14716eb0ead6b4a214c777',	2,	300),
('01964f1f022774dba346d40cd3e5a184',	'0195fc40941a7719afe38842ad682cad',	2,	100),
('01964f22fcfb7058b3ee2eee459fa299',	'0195c270241375a29754d06bb1902c7f',	7,	300),
('01964f236c1f79838e596dd8b3b02811',	'0195c26a30fe7c8995cb994b97aefac0',	1,	300),
('01964f236c1f79838e596dd8b3b02811',	'0195fc40941a7719afe38842ad682cad',	1,	100),
('01964f2462087998b983ea0f99faa8ff',	'0195c26d87687654923b24e51014a7a2',	3,	430),
('01964f2462087998b983ea0f99faa8ff',	'0195c270241375a29754d06bb1902c7f',	1,	300),
('01964f25beea77378a7cc4c0de0140d2',	'0195c26d87687654923b24e51014a7a2',	1,	430),
('01964f27663f75fead27f97c880f0b66',	'0195c26ac6227181ba7afc82f2a831ba',	1,	350),
('01964f27663f75fead27f97c880f0b66',	'0195fc40941a7719afe38842ad682cad',	1,	100),
('01964f28ddd377e9b2e2c79a8c83b555',	'0195c270241375a29754d06bb1902c7f',	4,	300),
('01964f2d53e67315bcdd00d09f1bf102',	'0195c26794c77ec9b6b7a8b6a6b6d9ff',	2,	350),
('01964f2d53e67315bcdd00d09f1bf102',	'0195c26d87687654923b24e51014a7a2',	8,	430),
('01964f303f98728ba0374bad20753844',	'0195c26c578278dea40fceda969d858f',	1,	230),
('01964f303f98728ba0374bad20753844',	'0195c26d87687654923b24e51014a7a2',	1,	430),
('01964f384cf17b779b2a9f4bffcef067',	'0195c269c2cd7698b27b817a4a45beaf',	1,	250),
('01964f384cf17b779b2a9f4bffcef067',	'0195c270241375a29754d06bb1902c7f',	1,	300),
('01964f38f3127de1b5aa7c327cb544c6',	'0195c26db6f9792e88553329afabb299',	1,	380),
('01964f3a56f47019ac011716b853346f',	'0195c26794c77ec9b6b7a8b6a6b6d9ff',	7,	350),
('01964f3b46f375638b82a733048cec34',	'0195c270241375a29754d06bb1902c7f',	1,	300),
('01964f3f0f3b724a9c049e960419f8b9',	'0195fc40941a7719afe38842ad682cad',	-2,	100),
('01964f4270bc72929357f633b1b15c79',	'0195c26db6f9792e88553329afabb299',	1,	380),
('01964f4b40a5775d971952907cea6c61',	'0195c26f7eaa769fb722fdc4a70b3b47',	1,	350),
('01964f4b5fc478f480ed96fe6857301d',	'0195c26794c77ec9b6b7a8b6a6b6d9ff',	3,	350),
('01964f4c6e727785b49202a77028f074',	'0195c26d87687654923b24e51014a7a2',	1,	430),
('01964f59445b710da111f82f0752b450',	'0195c26d87687654923b24e51014a7a2',	1,	430),
('01964f59445b710da111f82f0752b450',	'0195c270241375a29754d06bb1902c7f',	2,	300),
('01964f5aea697bf8a0478dbbb70e5205',	'0195c26db6f9792e88553329afabb299',	1,	380),
('01964f5aea697bf8a0478dbbb70e5205',	'0195c270241375a29754d06bb1902c7f',	1,	300),
('01964f5dbba778289d85f88b6fb1793b',	'0195c26794c77ec9b6b7a8b6a6b6d9ff',	10,	350),
('01964f60c95e77329929cd8d0297cb70',	'0195c26d87687654923b24e51014a7a2',	1,	430),
('01964f60c95e77329929cd8d0297cb70',	'0195c26db6f9792e88553329afabb299',	1,	380),
('01964f6a6002752f9211ec61aab7ed58',	'0195c270241375a29754d06bb1902c7f',	2,	300),
('01964f6ab27076c2a1a5bd60aba07d90',	'0195c26d87687654923b24e51014a7a2',	2,	430),
('01964f6ab27076c2a1a5bd60aba07d90',	'0195c270241375a29754d06bb1902c7f',	3,	300),
('01964f6c49d77ddcbde7d84966400818',	'0195c26794c77ec9b6b7a8b6a6b6d9ff',	10,	350),
('01964f73d8237e6ba22c52f07c421eb4',	'0195c270241375a29754d06bb1902c7f',	1,	300),
('01964f74798272309a1690b213184820',	'0195c268d4f372b88fbd4cc7eb0a5b61',	3,	350),
('01964f767ca472ca936f248fb199fc12',	'0195c26db6f9792e88553329afabb299',	1,	380),
('01964f767ca472ca936f248fb199fc12',	'0195c27050ba70c1ab1d55db6c15b7da',	1,	250),
('01964f7cf38a708388bf5c7a5732fc44',	'0195c26794c77ec9b6b7a8b6a6b6d9ff',	10,	350),
('01964f8901b87154b3afecdf2c744a17',	'0195c26794c77ec9b6b7a8b6a6b6d9ff',	8,	350),
('01964f8f98cb7c82a15193f05893c0e9',	'0195c26db6f9792e88553329afabb299',	1,	380),
('01964f8f98cb7c82a15193f05893c0e9',	'0195c270241375a29754d06bb1902c7f',	1,	300),
('01964f922d3472eeada7e62671f2a452',	'0195c267068f7c6baac4c734bb489a89',	1,	350),
('01964f922d3472eeada7e62671f2a452',	'0195c270241375a29754d06bb1902c7f',	3,	300),
('01964f925c6a7252bcc9735787e97d10',	'0195c26db6f9792e88553329afabb299',	1,	380),
('01964f99ed22767fb8bba573bffae582',	'0195c267068f7c6baac4c734bb489a89',	8,	350),
('01964f9cb7d270b5bd786f5d7d55e5a4',	'0195c267068f7c6baac4c734bb489a89',	2,	350),
('01964fa077fa7e4f9be8a9225a15b80d',	'0195c26d87687654923b24e51014a7a2',	3,	430),
('01964fa077fa7e4f9be8a9225a15b80d',	'0195c26db6f9792e88553329afabb299',	1,	380),
('01964fa4f6fd71328d7b4dc77318dec3',	'0195c270241375a29754d06bb1902c7f',	4,	300),
('01964fa531167145a10b46297953bb0f',	'0195c267068f7c6baac4c734bb489a89',	4,	350),
('01964fa531167145a10b46297953bb0f',	'0195c26794c77ec9b6b7a8b6a6b6d9ff',	1,	350),
('01964fa5a34477af95a13cfc5c2b263f',	'0195c26794c77ec9b6b7a8b6a6b6d9ff',	1,	350),
('01964faa64f07caf9401049610c7c3ac',	'0195c2724cc77a3e87491f67ed9d884e',	9,	300),
('01964fab7182796f98d578b661dc1d19',	'0195c26db6f9792e88553329afabb299',	2,	380),
('01964fab7182796f98d578b661dc1d19',	'0195c270241375a29754d06bb1902c7f',	1,	300),
('01964fb640417a7a97850714267a3470',	'0195c26d87687654923b24e51014a7a2',	1,	430),
('01964fb640417a7a97850714267a3470',	'0195c2724cc77a3e87491f67ed9d884e',	2,	300),
('01964fb7605f7dd38f45e79ad10e1a2a',	'0195c267068f7c6baac4c734bb489a89',	4,	350),
('01964fb992e07260bf57170a08f54942',	'0195c26d87687654923b24e51014a7a2',	1,	430),
('01964fb992e07260bf57170a08f54942',	'0195c270241375a29754d06bb1902c7f',	4,	300),
('01964fbdce6b7efb8a7298950627a35f',	'0195c267068f7c6baac4c734bb489a89',	5,	350),
('01964fc1ca23772c999a74df822437ad',	'0195c26794c77ec9b6b7a8b6a6b6d9ff',	8,	350),
('01964fc5c99070d5b2f63632cf308d36',	'0195c267068f7c6baac4c734bb489a89',	7,	350),
('01964fd8e3217f38bbc956c104a208ac',	'0195c262b02b78c0a6b84ce41186113f',	1,	700),
('01964fda66f77d13b2699afd48d4d73d',	'0195c26db6f9792e88553329afabb299',	3,	380),
('01964fdb21fb714e8ed6f8fd6e358f79',	'0195c26d87687654923b24e51014a7a2',	2,	430),
('01964fdb21fb714e8ed6f8fd6e358f79',	'0195c270241375a29754d06bb1902c7f',	1,	300),
('01964fe011197717be338de21b471c81',	'0195c26db6f9792e88553329afabb299',	1,	380),
('01964fe011197717be338de21b471c81',	'0195c270241375a29754d06bb1902c7f',	1,	300),
('01964fec5d0e76f7b4c000c90e6e79d3',	'0195c270241375a29754d06bb1902c7f',	2,	300),
('01964ffac4d97d6daa1ce326eefba58c',	'0195c26794c77ec9b6b7a8b6a6b6d9ff',	4,	350),
('0196500235647420b03125c789e9c381',	'0195c26794c77ec9b6b7a8b6a6b6d9ff',	5,	350),
('019650079b1b738c978f285bd3abf2d9',	'0195c270241375a29754d06bb1902c7f',	2,	300),
('0196500c666c7a839bd5c02f6c1e0dbd',	'0195c267068f7c6baac4c734bb489a89',	2,	350),
('0196501610b57a06869bdbe60d164e1d',	'0195c26794c77ec9b6b7a8b6a6b6d9ff',	2,	350),
('01965017f8517314a1d86df173976185',	'0195c267068f7c6baac4c734bb489a89',	1,	350),
('01965024822a7ee294acef3f20181396',	'0195c26794c77ec9b6b7a8b6a6b6d9ff',	3,	350);

DROP TABLE IF EXISTS `transactions`;
CREATE TABLE `transactions` (
  `id` varchar(36) NOT NULL,
  `created_at` datetime(3) DEFAULT NULL,
  `updated_at` datetime(3) DEFAULT NULL,
  `deleted_at` datetime(3) DEFAULT NULL,
  `payment_option` tinyint unsigned DEFAULT NULL,
  `total` int DEFAULT NULL,
  `total_credit` int DEFAULT NULL,
  `user_id` varchar(36) DEFAULT NULL,
  `account_id` varchar(36) DEFAULT NULL,
  `view_id` varchar(36) DEFAULT NULL,
  PRIMARY KEY (`id`),
  KEY `idx_transactions_deleted_at` (`deleted_at`),
  KEY `fk_transactions_user` (`user_id`),
  KEY `fk_transactions_account` (`account_id`),
  KEY `fk_transactions_view` (`view_id`),
  CONSTRAINT `fk_transactions_account` FOREIGN KEY (`account_id`) REFERENCES `accounts` (`id`),
  CONSTRAINT `fk_transactions_user` FOREIGN KEY (`user_id`) REFERENCES `users` (`id`),
  CONSTRAINT `fk_transactions_view` FOREIGN KEY (`view_id`) REFERENCES `views` (`id`)
) ENGINE=InnoDB DEFAULT CHARSET=utf8mb4 COLLATE=utf8mb4_0900_ai_ci;

INSERT INTO `transactions` (`id`, `created_at`, `updated_at`, `deleted_at`, `payment_option`, `total`, `total_credit`, `user_id`, `account_id`, `view_id`) VALUES
('019605d997e97122a524006fbe81b563',	'2025-04-05 14:07:48.457',	'2025-04-05 14:07:48.457',	NULL,	2,	300,	0,	'0195f8c4f9ce7176bad146bd21ff5674',	NULL,	'0195f3a7952d79838bb6f248981d49af'),
('019605dec88479ce9cfe19f1305c1747',	'2025-04-05 14:13:28.581',	'2025-04-05 14:13:28.581',	NULL,	0,	250,	0,	'0195f8c4f9ce7176bad146bd21ff5674',	NULL,	'0195f3a7952d79838bb6f248981d49af'),
('019605dee0a2798dad667699be98695e',	'2025-04-05 14:13:34.755',	'2025-04-05 14:13:34.755',	NULL,	2,	250,	0,	'0195f8c4f9ce7176bad146bd21ff5674',	NULL,	'0195f3a7952d79838bb6f248981d49af'),
('019605ef2c2f795c9cdaccedba9e1fa7',	'2025-04-05 14:31:22.672',	'2025-04-05 14:31:22.672',	NULL,	0,	250,	0,	'0195f8c4f9ce7176bad146bd21ff5674',	NULL,	'0195f3a7952d79838bb6f248981d49af'),
('019605f376717ae8a8410110b27af585',	'2025-04-05 14:36:03.826',	'2025-04-05 14:36:03.826',	NULL,	2,	230,	0,	'0195f8c4f9ce7176bad146bd21ff5674',	NULL,	'0195f3a7952d79838bb6f248981d49af'),
('019605f54aff7024acd53ffc23e6882a',	'2025-04-05 14:38:03.775',	'2025-04-05 14:38:03.775',	NULL,	0,	400,	0,	'0195f8c4f9ce7176bad146bd21ff5674',	NULL,	'0195f3a7952d79838bb6f248981d49af'),
('019605fac0397b29a48ef849749b8ec6',	'2025-04-05 14:44:01.466',	'2025-04-05 14:44:01.466',	NULL,	0,	400,	0,	'0195f8c4f9ce7176bad146bd21ff5674',	NULL,	'0195f3a7952d79838bb6f248981d49af'),
('019605fc8028746bbcf8c6b8377beab9',	'2025-04-05 14:45:56.136',	'2025-04-05 14:45:56.136',	NULL,	0,	530,	0,	'0195f8c4f9ce7176bad146bd21ff5674',	NULL,	'0195f3a7952d79838bb6f248981d49af'),
('019605fcef9e78a6af5ba2985ca6793f',	'2025-04-05 14:46:24.671',	'2025-04-05 14:46:24.671',	NULL,	0,	750,	0,	'0195f8c4f9ce7176bad146bd21ff5674',	NULL,	'0195f3a7952d79838bb6f248981d49af'),
('019605fe1e3f71bba1491da2f934ddb0',	'2025-04-05 14:47:42.143',	'2025-04-05 14:47:42.143',	NULL,	0,	1060,	0,	'0195f8c4f9ce7176bad146bd21ff5674',	NULL,	'0195f3a7952d79838bb6f248981d49af'),
('019605fe20ee716d9d046ecfb267d80b',	'2025-04-05 14:47:42.830',	'2025-04-05 14:47:42.830',	NULL,	0,	250,	0,	'0195f8c4f9ce7176bad146bd21ff5674',	NULL,	'0195f3a7952d79838bb6f248981d49af'),
('019605ff6bb675b3afc95a1c169ed784',	'2025-04-05 14:49:07.510',	'2025-04-05 14:49:07.510',	NULL,	0,	450,	0,	'0195f8c4f9ce7176bad146bd21ff5674',	NULL,	'0195f3a7952d79838bb6f248981d49af'),
('019605ffcb227b2bbddceaba05aed067',	'2025-04-05 14:49:31.939',	'2025-04-05 14:49:31.939',	NULL,	0,	450,	0,	'0195f8c4f9ce7176bad146bd21ff5674',	NULL,	'0195f3a7952d79838bb6f248981d49af'),
('01960600eb9a76b2810c21a21a56953b',	'2025-04-05 14:50:45.787',	'2025-04-05 14:50:45.787',	NULL,	0,	1060,	0,	'0195f8c4f9ce7176bad146bd21ff5674',	NULL,	'0195f3a7952d79838bb6f248981d49af'),
('019606019e23782fb829cd82f5d383c1',	'2025-04-05 14:51:31.492',	'2025-04-05 14:51:31.492',	NULL,	0,	400,	0,	'0195f8c4f9ce7176bad146bd21ff5674',	NULL,	'0195f3a7952d79838bb6f248981d49af'),
('01960602c18f7632aa6e44b255509ae1',	'2025-04-05 14:52:46.096',	'2025-04-05 14:52:46.096',	NULL,	2,	430,	0,	'0195f8c4f9ce7176bad146bd21ff5674',	NULL,	'0195f3a7952d79838bb6f248981d49af'),
('0196060941fa7e429eeaebe2e8f13505',	'2025-04-05 14:59:52.187',	'2025-04-05 14:59:52.187',	NULL,	0,	450,	0,	'0195f8c4f9ce7176bad146bd21ff5674',	NULL,	'0195f3a7952d79838bb6f248981d49af'),
('01960609a7627a258ea3bb8b33e19adb',	'2025-04-05 15:00:18.147',	'2025-04-05 15:00:18.147',	NULL,	2,	900,	0,	'0195f8c4f9ce7176bad146bd21ff5674',	NULL,	'0195f3a7952d79838bb6f248981d49af'),
('0196060d6fde7942860c9fd65e3cbdab',	'2025-04-05 15:04:26.079',	'2025-04-05 15:04:26.079',	NULL,	0,	350,	0,	'0195f8c4f9ce7176bad146bd21ff5674',	NULL,	'0195f3a7952d79838bb6f248981d49af'),
('0196060e7ae07a38b8e727f6ee189d9b',	'2025-04-05 15:05:34.433',	'2025-04-05 15:05:34.440',	NULL,	1,	1260,	1260,	'0195f8c4f9ce7176bad146bd21ff5674',	'01960459cbc8797daeed6fa1ec0fb685',	'0195f3a7952d79838bb6f248981d49af'),
('019606102ba07e8da484db3a1fb60a6e',	'2025-04-05 15:07:25.217',	'2025-04-05 15:07:25.217',	NULL,	0,	530,	0,	'0195f8c4f9ce7176bad146bd21ff5674',	NULL,	'0195f3a7952d79838bb6f248981d49af'),
('01960611c07a79bb8cd4a9c02efa4f3b',	'2025-04-05 15:09:08.859',	'2025-04-05 15:09:08.859',	NULL,	0,	400,	0,	'0195f8c4f9ce7176bad146bd21ff5674',	NULL,	'0195f3a7952d79838bb6f248981d49af'),
('0196061399e870328db47dd4e06eb0c7',	'2025-04-05 15:11:10.056',	'2025-04-05 15:11:10.056',	NULL,	0,	400,	0,	'0195f8c4f9ce7176bad146bd21ff5674',	NULL,	'0195f3a7952d79838bb6f248981d49af'),
('0196061b73997440860e7c6f671a3f1c',	'2025-04-05 15:19:44.537',	'2025-04-05 15:19:44.537',	NULL,	0,	500,	0,	'0195f8c4f9ce7176bad146bd21ff5674',	NULL,	'0195f3a7952d79838bb6f248981d49af'),
('0196061ee70974ca92404b0e14ff58cd',	'2025-04-05 15:23:30.697',	'2025-04-05 15:23:30.697',	NULL,	0,	350,	0,	'0195f8c4f9ce7176bad146bd21ff5674',	NULL,	'0195f3a7952d79838bb6f248981d49af'),
('0196061f02d67dc19fe8297bb5387103',	'2025-04-05 15:23:37.815',	'2025-04-05 15:23:37.815',	NULL,	0,	350,	0,	'0195f8c4f9ce7176bad146bd21ff5674',	NULL,	'0195f3a7952d79838bb6f248981d49af'),
('01960620e53d7dde995af1be7e08ce38',	'2025-04-05 15:25:41.310',	'2025-04-05 15:25:41.310',	NULL,	0,	700,	0,	'0195f8c4f9ce7176bad146bd21ff5674',	NULL,	'0195f3a7952d79838bb6f248981d49af'),
('01960624cd5b7ea28b97d1163d1e5ddb',	'2025-04-05 15:29:57.340',	'2025-04-05 15:29:57.340',	NULL,	2,	600,	0,	'0195f8c4f9ce7176bad146bd21ff5674',	NULL,	'0195f3a7952d79838bb6f248981d49af'),
('0196062836af7a4bb3afe2afb1e84b38',	'2025-04-05 15:33:40.912',	'2025-04-05 15:33:40.912',	NULL,	0,	400,	0,	'0195f8c4f9ce7176bad146bd21ff5674',	NULL,	'0195f3a7952d79838bb6f248981d49af'),
('01960628d9ea7038a66950c8639e0e6d',	'2025-04-05 15:34:22.698',	'2025-04-05 15:34:22.698',	NULL,	2,	300,	0,	'0195f8c4f9ce7176bad146bd21ff5674',	NULL,	'0195f3a7952d79838bb6f248981d49af'),
('019606294bff744e9c1ce814f604a3ea',	'2025-04-05 15:34:51.903',	'2025-04-05 15:34:51.903',	NULL,	0,	1230,	0,	'0195f8c4f9ce7176bad146bd21ff5674',	NULL,	'0195f3a7952d79838bb6f248981d49af'),
('0196062aa5997999ba5ea0a00045eb96',	'2025-04-05 15:36:20.378',	'2025-04-05 15:36:20.378',	NULL,	0,	400,	0,	'0195f8c4f9ce7176bad146bd21ff5674',	NULL,	'0195f3a7952d79838bb6f248981d49af'),
('0196062ad778716db75aa49e84e08c76',	'2025-04-05 15:36:33.144',	'2025-04-05 15:36:33.144',	NULL,	0,	500,	0,	'0195f8c4f9ce7176bad146bd21ff5674',	NULL,	'0195f3a7952d79838bb6f248981d49af'),
('0196062c2f0a7eec8fc6535aa0dee42c',	'2025-04-05 15:38:01.099',	'2025-04-05 15:38:01.099',	NULL,	0,	860,	0,	'0195f8c4f9ce7176bad146bd21ff5674',	NULL,	'0195f3a7952d79838bb6f248981d49af'),
('0196062fed36798f9e7f5ab7ad3c11a4',	'2025-04-05 15:42:06.391',	'2025-04-05 15:42:06.391',	NULL,	0,	450,	0,	'0195f8c4f9ce7176bad146bd21ff5674',	NULL,	'0195f3a7952d79838bb6f248981d49af'),
('019606301ce87c479773b73022b14d02',	'2025-04-05 15:42:18.601',	'2025-04-05 15:42:18.601',	NULL,	0,	380,	0,	'0195fd5dcef47edfb673a8d55548bb8d',	NULL,	'0195f3a7952d79838bb6f248981d49af'),
('019606305b1176c9b9d3d02eee97bb25',	'2025-04-05 15:42:34.514',	'2025-04-05 15:42:34.514',	NULL,	0,	300,	0,	'0195f8c4f9ce7176bad146bd21ff5674',	NULL,	'0195f3a7952d79838bb6f248981d49af'),
('019606306c6f7ef69757f4f8668048f8',	'2025-04-05 15:42:38.960',	'2025-04-05 15:42:38.960',	NULL,	2,	300,	0,	'0195f8c4f9ce7176bad146bd21ff5674',	NULL,	'0195f3a7952d79838bb6f248981d49af'),
('019606313022790196bb0b421547cf3d',	'2025-04-05 15:43:29.059',	'2025-04-05 15:43:29.059',	NULL,	0,	350,	0,	'0195f8c4f9ce7176bad146bd21ff5674',	NULL,	'0195f3a7952d79838bb6f248981d49af'),
('0196063610b87c299cbfe76fb0379f0f',	'2025-04-05 15:48:48.697',	'2025-04-05 15:48:48.697',	NULL,	0,	530,	0,	'0195f8c4f9ce7176bad146bd21ff5674',	NULL,	'0195f3a7952d79838bb6f248981d49af'),
('01960636cd0074d88cd8b3144768d8fd',	'2025-04-05 15:49:36.896',	'2025-04-05 15:49:36.896',	NULL,	0,	730,	0,	'0195f8c4f9ce7176bad146bd21ff5674',	NULL,	'0195f3a7952d79838bb6f248981d49af'),
('01960638486375538e41867d0770c5ba',	'2025-04-05 15:51:14.019',	'2025-04-05 15:51:14.019',	NULL,	0,	300,	0,	'0195f8c4f9ce7176bad146bd21ff5674',	NULL,	'0195f3a7952d79838bb6f248981d49af'),
('0196063851f17ef49e1e54ab5386ecf6',	'2025-04-05 15:51:16.466',	'2025-04-05 15:51:16.466',	NULL,	2,	600,	0,	'0195f8c4f9ce7176bad146bd21ff5674',	NULL,	'0195f3a7952d79838bb6f248981d49af'),
('01960639de5470ae92abcd9efebb654f',	'2025-04-05 15:52:57.940',	'2025-04-05 15:52:57.940',	NULL,	0,	530,	0,	'0195fd5dcef47edfb673a8d55548bb8d',	NULL,	'0195f3a7952d79838bb6f248981d49af'),
('0196063adec379afba5251f39c9d6636',	'2025-04-05 15:54:03.588',	'2025-04-05 15:54:03.595',	NULL,	1,	860,	860,	'0195f8c4f9ce7176bad146bd21ff5674',	'01960459cbc8797daeed6fa1ec0fb685',	'0195f3a7952d79838bb6f248981d49af'),
('0196063af58a7a6189175076cb408f18',	'2025-04-05 15:54:09.419',	'2025-04-05 15:54:09.419',	NULL,	0,	350,	0,	'0195f8c4f9ce7176bad146bd21ff5674',	NULL,	'0195f3a7952d79838bb6f248981d49af'),
('0196063c14e37347b405b5d658aadbd4',	'2025-04-05 15:55:22.979',	'2025-04-05 15:55:22.979',	NULL,	0,	350,	0,	'0195f8c4f9ce7176bad146bd21ff5674',	NULL,	'0195f3a7952d79838bb6f248981d49af'),
('0196063ed2997ee48be400fafa2706ac',	'2025-04-05 15:58:22.618',	'2025-04-05 15:58:22.618',	NULL,	0,	530,	0,	'0195f8c4f9ce7176bad146bd21ff5674',	NULL,	'0195f3a7952d79838bb6f248981d49af'),
('0196063efef376cba6791fe484f93b16',	'2025-04-05 15:58:33.972',	'2025-04-05 15:58:33.972',	NULL,	0,	1350,	0,	'0195f8c4f9ce7176bad146bd21ff5674',	NULL,	'0195f3a7952d79838bb6f248981d49af'),
('0196063ff1027856b29e989693bda688',	'2025-04-05 15:59:35.939',	'2025-04-05 15:59:35.939',	NULL,	0,	650,	0,	'0195f8c4f9ce7176bad146bd21ff5674',	NULL,	'0195f3a7952d79838bb6f248981d49af'),
('019606411e28730a9f59b88597271656',	'2025-04-05 16:00:53.032',	'2025-04-05 16:00:53.032',	NULL,	0,	-100,	0,	'0195f8c4f9ce7176bad146bd21ff5674',	NULL,	'0195f3a7952d79838bb6f248981d49af'),
('019606412e5a7b25b7e2d3d5c3dd3931',	'2025-04-05 16:00:57.179',	'2025-04-05 16:00:57.179',	NULL,	0,	860,	0,	'0195f8c4f9ce7176bad146bd21ff5674',	NULL,	'0195f3a7952d79838bb6f248981d49af'),
('0196064232d272a69f78f206a7cc4979',	'2025-04-05 16:02:03.858',	'2025-04-05 16:02:03.858',	NULL,	0,	530,	0,	'0195f8c4f9ce7176bad146bd21ff5674',	NULL,	'0195f3a7952d79838bb6f248981d49af'),
('019606453058729589c15894eecc1121',	'2025-04-05 16:05:19.832',	'2025-04-05 16:05:19.832',	NULL,	0,	450,	0,	'0195fd5dcef47edfb673a8d55548bb8d',	NULL,	'0195f3a7952d79838bb6f248981d49af'),
('01960645c05b733bb70f5223d101fbea',	'2025-04-05 16:05:56.699',	'2025-04-05 16:05:56.699',	NULL,	0,	400,	0,	'0195f8c4f9ce7176bad146bd21ff5674',	NULL,	'0195f3a7952d79838bb6f248981d49af'),
('0196064799a17300a16f2890ec23fc60',	'2025-04-05 16:07:57.857',	'2025-04-05 16:07:57.857',	NULL,	0,	350,	0,	'0195f8c4f9ce7176bad146bd21ff5674',	NULL,	'0195f3a7952d79838bb6f248981d49af'),
('0196064975697f2b8fb889cb8861e894',	'2025-04-05 16:09:59.658',	'2025-04-05 16:09:59.658',	NULL,	0,	1060,	0,	'0195f8c4f9ce7176bad146bd21ff5674',	NULL,	'0195f3a7952d79838bb6f248981d49af'),
('0196064c05bc7b389096712091a663bc',	'2025-04-05 16:12:47.677',	'2025-04-05 16:12:47.677',	NULL,	0,	430,	0,	'0195f8c4f9ce7176bad146bd21ff5674',	NULL,	'0195f3a7952d79838bb6f248981d49af'),
('0196064c5beb7f0ba48660da54555bdf',	'2025-04-05 16:13:09.740',	'2025-04-05 16:13:09.740',	NULL,	0,	530,	0,	'0195fd5dcef47edfb673a8d55548bb8d',	NULL,	'0195f3a7952d79838bb6f248981d49af'),
('0196064c5ff97c4f93b373725f8c2571',	'2025-04-05 16:13:10.778',	'2025-04-05 16:13:10.778',	NULL,	0,	350,	0,	'0195f8c4f9ce7176bad146bd21ff5674',	NULL,	'0195f3a7952d79838bb6f248981d49af'),
('0196064ea12f7cd7aa093b238bf5b2d1',	'2025-04-05 16:15:38.544',	'2025-04-05 16:15:38.544',	NULL,	0,	350,	0,	'0195f8c4f9ce7176bad146bd21ff5674',	NULL,	'0195f3a7952d79838bb6f248981d49af'),
('0196064f08cd76d28b01731ee2e87a22',	'2025-04-05 16:16:05.070',	'2025-04-05 16:16:05.070',	NULL,	0,	350,	0,	'0195f8c4f9ce7176bad146bd21ff5674',	NULL,	'0195f3a7952d79838bb6f248981d49af'),
('0196064fffaf74be80a6f770b728d102',	'2025-04-05 16:17:08.271',	'2025-04-05 16:17:08.271',	NULL,	0,	1000,	0,	'0195f8c4f9ce7176bad146bd21ff5674',	NULL,	'0195f3a7952d79838bb6f248981d49af'),
('01960650482b7a7eb8ffc3946a396061',	'2025-04-05 16:17:26.828',	'2025-04-05 16:17:26.828',	NULL,	2,	530,	0,	'0195fd5dcef47edfb673a8d55548bb8d',	NULL,	'0195f3a7952d79838bb6f248981d49af'),
('019606506df17556bfb423ed6487408f',	'2025-04-05 16:17:36.497',	'2025-04-05 16:17:36.497',	NULL,	3,	780,	0,	'0195f8c4f9ce7176bad146bd21ff5674',	NULL,	'0195f3a7952d79838bb6f248981d49af'),
('01960650af6372a6b28c074a71853e46',	'2025-04-05 16:17:53.251',	'2025-04-05 16:17:53.251',	NULL,	0,	530,	0,	'0195f8c4f9ce7176bad146bd21ff5674',	NULL,	'0195f3a7952d79838bb6f248981d49af'),
('0196065104997597ab8ec4b926731853',	'2025-04-05 16:18:15.065',	'2025-04-05 16:18:15.065',	NULL,	0,	700,	0,	'0195f8c4f9ce7176bad146bd21ff5674',	NULL,	'0195f3a7952d79838bb6f248981d49af'),
('0196065176ca7c85815ee616271de8c4',	'2025-04-05 16:18:44.299',	'2025-04-05 16:18:44.299',	NULL,	0,	1440,	0,	'0195f8c4f9ce7176bad146bd21ff5674',	NULL,	'0195f3a7952d79838bb6f248981d49af'),
('0196065181d07a3a9b397b916d93b2d2',	'2025-04-05 16:18:47.121',	'2025-04-05 16:18:47.121',	NULL,	0,	530,	0,	'0195fd5dcef47edfb673a8d55548bb8d',	NULL,	'0195f3a7952d79838bb6f248981d49af'),
('019606518f517cc1b32df0251da523d0',	'2025-04-05 16:18:50.578',	'2025-04-05 16:18:50.578',	NULL,	0,	530,	0,	'0195f8c4f9ce7176bad146bd21ff5674',	NULL,	'0195f3a7952d79838bb6f248981d49af'),
('019606523a817852a9c060d13479018f',	'2025-04-05 16:19:34.402',	'2025-04-05 16:19:34.402',	NULL,	0,	430,	0,	'0195f8c4f9ce7176bad146bd21ff5674',	NULL,	'0195f3a7952d79838bb6f248981d49af'),
('0196065509ef7aa7b4a47d019f4a35c7',	'2025-04-05 16:22:38.576',	'2025-04-05 16:22:38.576',	NULL,	0,	500,	0,	'0195f8c4f9ce7176bad146bd21ff5674',	NULL,	'0195f3a7952d79838bb6f248981d49af'),
('019606551e0f78bf9b1bce29e21b0774',	'2025-04-05 16:22:43.728',	'2025-04-05 16:22:43.728',	NULL,	0,	530,	0,	'0195fd5dcef47edfb673a8d55548bb8d',	NULL,	'0195f3a7952d79838bb6f248981d49af'),
('019606552b1279048c43db46b845b31e',	'2025-04-05 16:22:47.059',	'2025-04-05 16:22:47.059',	NULL,	2,	300,	0,	'0195f8c4f9ce7176bad146bd21ff5674',	NULL,	'0195f3a7952d79838bb6f248981d49af'),
('019606555ce77305a74ec118604eb006',	'2025-04-05 16:22:59.815',	'2025-04-05 16:22:59.815',	NULL,	0,	1330,	0,	'0195f8c4f9ce7176bad146bd21ff5674',	NULL,	'0195f3a7952d79838bb6f248981d49af'),
('01960655728e73689d6583a944f3c161',	'2025-04-05 16:23:05.358',	'2025-04-05 16:23:05.358',	NULL,	0,	450,	0,	'0195f8c4f9ce7176bad146bd21ff5674',	NULL,	'0195f3a7952d79838bb6f248981d49af'),
('01960655870d7d60aa48fe9d39036d78',	'2025-04-05 16:23:10.606',	'2025-04-05 16:23:10.606',	NULL,	0,	530,	0,	'0195fd5dcef47edfb673a8d55548bb8d',	NULL,	'0195f3a7952d79838bb6f248981d49af'),
('01960655ef577b77afe253f236693935',	'2025-04-05 16:23:37.304',	'2025-04-05 16:23:37.304',	NULL,	0,	350,	0,	'0195f8c4f9ce7176bad146bd21ff5674',	NULL,	'0195f3a7952d79838bb6f248981d49af'),
('01960657321b708d807a3a5b4779daa3',	'2025-04-05 16:24:59.931',	'2025-04-05 16:24:59.931',	NULL,	0,	1330,	0,	'0195f8c4f9ce7176bad146bd21ff5674',	NULL,	'0195f3a7952d79838bb6f248981d49af'),
('01960657af0878d382bf62f63ebc766e',	'2025-04-05 16:25:31.913',	'2025-04-05 16:25:31.913',	NULL,	0,	530,	0,	'0195fd5dcef47edfb673a8d55548bb8d',	NULL,	'0195f3a7952d79838bb6f248981d49af'),
('019606587db1760cb7e0dda22eb3d839',	'2025-04-05 16:26:24.817',	'2025-04-05 16:26:24.817',	NULL,	0,	350,	0,	'0195f8c4f9ce7176bad146bd21ff5674',	NULL,	'0195f3a7952d79838bb6f248981d49af'),
('01960658c21273ea93f83dff7be92a75',	'2025-04-05 16:26:42.322',	'2025-04-05 16:26:42.322',	NULL,	2,	300,	0,	'0195f8c4f9ce7176bad146bd21ff5674',	NULL,	'0195f3a7952d79838bb6f248981d49af'),
('01960658d5fc7190865c60c5a03cae8a',	'2025-04-05 16:26:47.420',	'2025-04-05 16:26:47.420',	NULL,	2,	350,	0,	'0195f8c4f9ce7176bad146bd21ff5674',	NULL,	'0195f3a7952d79838bb6f248981d49af'),
('01960658f0647487a4f12f9d4b42688c',	'2025-04-05 16:26:54.180',	'2025-04-05 16:26:54.180',	NULL,	2,	230,	0,	'0195f8c4f9ce7176bad146bd21ff5674',	NULL,	'0195f3a7952d79838bb6f248981d49af'),
('01960659f35d7a338cf4dcd9073ef08f',	'2025-04-05 16:28:00.478',	'2025-04-05 16:28:00.478',	NULL,	0,	530,	0,	'0195f8c4f9ce7176bad146bd21ff5674',	NULL,	'0195f3a7952d79838bb6f248981d49af'),
('0196065a7ce17c5988ad1a3a9c71f8de',	'2025-04-05 16:28:35.682',	'2025-04-05 16:28:35.682',	NULL,	0,	530,	0,	'0195fd5dcef47edfb673a8d55548bb8d',	NULL,	'0195f3a7952d79838bb6f248981d49af'),
('0196065b8fce76f2b318dfdf30d5d36c',	'2025-04-05 16:29:46.063',	'2025-04-05 16:29:46.063',	NULL,	0,	530,	0,	'0195fd5dcef47edfb673a8d55548bb8d',	NULL,	'0195f3a7952d79838bb6f248981d49af'),
('0196065be81f7e2798a398025be4948f',	'2025-04-05 16:30:08.672',	'2025-04-05 16:30:08.672',	NULL,	0,	430,	0,	'0195f8c4f9ce7176bad146bd21ff5674',	NULL,	'0195f3a7952d79838bb6f248981d49af'),
('0196065ccfda72a38a21a43c6f7c2feb',	'2025-04-05 16:31:07.994',	'2025-04-05 16:31:07.994',	NULL,	0,	530,	0,	'0195fd5dcef47edfb673a8d55548bb8d',	NULL,	'0195f3a7952d79838bb6f248981d49af'),
('0196065d265b747fa0c8d66e56b2552c',	'2025-04-05 16:31:30.139',	'2025-04-05 16:31:30.139',	NULL,	0,	530,	0,	'0195f8c4f9ce7176bad146bd21ff5674',	NULL,	'0195f3a7952d79838bb6f248981d49af'),
('0196065d4dd673449c07121adc45d866',	'2025-04-05 16:31:40.247',	'2025-04-05 16:31:40.247',	NULL,	0,	1590,	0,	'0195fd5dcef47edfb673a8d55548bb8d',	NULL,	'0195f3a7952d79838bb6f248981d49af'),
('0196065d951f74748978a88eaf6720ca',	'2025-04-05 16:31:58.495',	'2025-04-05 16:31:58.495',	NULL,	0,	850,	0,	'0195f8c4f9ce7176bad146bd21ff5674',	NULL,	'0195f3a7952d79838bb6f248981d49af'),
('0196065e0ab672f5ba0a8fe30bf0fa0d',	'2025-04-05 16:32:28.599',	'2025-04-05 16:32:28.599',	NULL,	0,	800,	0,	'0195f8c4f9ce7176bad146bd21ff5674',	NULL,	'0195f3a7952d79838bb6f248981d49af'),
('0196065e8e4c7d2baf641856f8ed0100',	'2025-04-05 16:33:02.286',	'2025-04-05 16:33:02.286',	NULL,	0,	430,	0,	'0195fd5dcef47edfb673a8d55548bb8d',	NULL,	'0195f3a7952d79838bb6f248981d49af'),
('0196065f5f6c77169aeb43232ae4edd3',	'2025-04-05 16:33:55.822',	'2025-04-05 16:33:55.822',	NULL,	0,	1260,	0,	'0195f8c4f9ce7176bad146bd21ff5674',	NULL,	'0195f3a7952d79838bb6f248981d49af'),
('0196065fa2ce703ca26d8f1dc2131422',	'2025-04-05 16:34:13.070',	'2025-04-05 16:34:13.070',	NULL,	0,	400,	0,	'0195f8c4f9ce7176bad146bd21ff5674',	NULL,	'0195f3a7952d79838bb6f248981d49af'),
('0196065fcb1175b486cef8be6e5a5ec8',	'2025-04-05 16:34:23.377',	'2025-04-05 16:34:23.377',	NULL,	2,	350,	0,	'0195f8c4f9ce7176bad146bd21ff5674',	NULL,	'0195f3a7952d79838bb6f248981d49af'),
('01960660d29274f8b759680f10d0593f',	'2025-04-05 16:35:30.836',	'2025-04-05 16:35:30.836',	NULL,	0,	1900,	0,	'0195f8c4f9ce7176bad146bd21ff5674',	NULL,	'0195f3a7952d79838bb6f248981d49af'),
('01960660dbe67aea855f599a8d5d5b53',	'2025-04-05 16:35:33.223',	'2025-04-05 16:35:33.223',	NULL,	0,	350,	0,	'0195fd5dcef47edfb673a8d55548bb8d',	NULL,	'0195f3a7952d79838bb6f248981d49af'),
('0196066114237e24bf1f3fb213be0d86',	'2025-04-05 16:35:47.620',	'2025-04-05 16:35:47.620',	NULL,	0,	800,	0,	'0195f8c4f9ce7176bad146bd21ff5674',	NULL,	'0195f3a7952d79838bb6f248981d49af'),
('0196066183eb72a29526be08958b6bc6',	'2025-04-05 16:36:16.235',	'2025-04-05 16:36:16.235',	NULL,	0,	350,	0,	'0195f8c4f9ce7176bad146bd21ff5674',	NULL,	'0195f3a7952d79838bb6f248981d49af'),
('01960661ece979ba8e8b057e7e0b720f',	'2025-04-05 16:36:43.114',	'2025-04-05 16:36:43.114',	NULL,	0,	530,	0,	'0195fd5dcef47edfb673a8d55548bb8d',	NULL,	'0195f3a7952d79838bb6f248981d49af'),
('01960663d87171db93bc842e733e21a8',	'2025-04-05 16:38:48.945',	'2025-04-05 16:38:48.945',	NULL,	0,	300,	0,	'0195f8c4f9ce7176bad146bd21ff5674',	NULL,	'0195f3a7952d79838bb6f248981d49af'),
('01960664bc6e78a097252f88c18960f8',	'2025-04-05 16:39:47.311',	'2025-04-05 16:39:47.311',	NULL,	0,	800,	0,	'0195f8c4f9ce7176bad146bd21ff5674',	NULL,	'0195f3a7952d79838bb6f248981d49af'),
('019606653c8d7e468e124585760ceef1',	'2025-04-05 16:40:20.110',	'2025-04-05 16:40:20.110',	NULL,	0,	350,	0,	'0195f8c4f9ce7176bad146bd21ff5674',	NULL,	'0195f3a7952d79838bb6f248981d49af'),
('019606656bda7c76b7aaa5265917ce55',	'2025-04-05 16:40:32.219',	'2025-04-05 16:40:32.219',	NULL,	0,	800,	0,	'0195f8c4f9ce7176bad146bd21ff5674',	NULL,	'0195f3a7952d79838bb6f248981d49af'),
('0196066589c07633b49a2e3dd884237c',	'2025-04-05 16:40:39.873',	'2025-04-05 16:40:39.873',	NULL,	0,	300,	0,	'0195f8c4f9ce7176bad146bd21ff5674',	NULL,	'0195f3a7952d79838bb6f248981d49af'),
('01960665990673e9bd1f72b554e00a00',	'2025-04-05 16:40:43.782',	'2025-04-05 16:40:43.782',	NULL,	2,	300,	0,	'0195f8c4f9ce7176bad146bd21ff5674',	NULL,	'0195f3a7952d79838bb6f248981d49af'),
('01960665ac1174e9a5d732e1182b8b6a',	'2025-04-05 16:40:48.657',	'2025-04-05 16:40:48.657',	NULL,	3,	300,	0,	'0195f8c4f9ce7176bad146bd21ff5674',	NULL,	'0195f3a7952d79838bb6f248981d49af'),
('01960667003876e586ca4f2419f7193d',	'2025-04-05 16:42:15.737',	'2025-04-05 16:42:15.737',	NULL,	2,	730,	0,	'0195f8c4f9ce7176bad146bd21ff5674',	NULL,	'0195f3a7952d79838bb6f248981d49af'),
('019606678fb77249a64b1097a935e905',	'2025-04-05 16:42:52.471',	'2025-04-05 16:42:52.471',	NULL,	0,	2970,	0,	'0195fd5dcef47edfb673a8d55548bb8d',	NULL,	'0195f3a7952d79838bb6f248981d49af'),
('01960667d50b71129b6951a26a0c99ad',	'2025-04-05 16:43:10.219',	'2025-04-05 16:43:10.219',	NULL,	0,	530,	0,	'0195f8c4f9ce7176bad146bd21ff5674',	NULL,	'0195f3a7952d79838bb6f248981d49af'),
('01960668dc04706e956ac643d09903c5',	'2025-04-05 16:44:17.540',	'2025-04-05 16:44:17.540',	NULL,	0,	350,	0,	'0195f8c4f9ce7176bad146bd21ff5674',	NULL,	'0195f3a7952d79838bb6f248981d49af'),
('019606695f6e7c24b097b450d34a788c',	'2025-04-05 16:44:51.183',	'2025-04-05 16:44:51.183',	NULL,	0,	2570,	0,	'0195f8c4f9ce7176bad146bd21ff5674',	NULL,	'0195f3a7952d79838bb6f248981d49af'),
('01960669dba3750e95a0513544cd7079',	'2025-04-05 16:45:22.979',	'2025-04-05 16:45:22.979',	NULL,	0,	2000,	0,	'0195f8c4f9ce7176bad146bd21ff5674',	NULL,	'0195f3a7952d79838bb6f248981d49af'),
('0196066b3b0574e88c59a5821222533d',	'2025-04-05 16:46:52.933',	'2025-04-05 16:46:52.933',	NULL,	0,	530,	0,	'0195fd5dcef47edfb673a8d55548bb8d',	NULL,	'0195f3a7952d79838bb6f248981d49af'),
('0196066b536a76218009d50120dab7b1',	'2025-04-05 16:46:59.179',	'2025-04-05 16:46:59.179',	NULL,	0,	300,	0,	'0195f8c4f9ce7176bad146bd21ff5674',	NULL,	'0195f3a7952d79838bb6f248981d49af'),
('0196066c0837705c865e2466f35bfa99',	'2025-04-05 16:47:45.463',	'2025-04-05 16:47:45.463',	NULL,	0,	350,	0,	'0195f8c4f9ce7176bad146bd21ff5674',	NULL,	'0195f3a7952d79838bb6f248981d49af'),
('0196066c18cb7a7391b905b6e27dff06',	'2025-04-05 16:47:49.708',	'2025-04-05 16:47:49.708',	NULL,	0,	530,	0,	'0195fd5dcef47edfb673a8d55548bb8d',	NULL,	'0195f3a7952d79838bb6f248981d49af'),
('0196066d3efb70eeaf107ba6636d8f84',	'2025-04-05 16:49:05.019',	'2025-04-05 16:49:05.019',	NULL,	0,	500,	0,	'0195f8c4f9ce7176bad146bd21ff5674',	NULL,	'0195f3a7952d79838bb6f248981d49af'),
('0196066dde5279f08266b3409c655642',	'2025-04-05 16:49:45.811',	'2025-04-05 16:49:45.811',	NULL,	2,	300,	0,	'0195f8c4f9ce7176bad146bd21ff5674',	NULL,	'0195f3a7952d79838bb6f248981d49af'),
('0196066e092971ab9afb972ce8c3a290',	'2025-04-05 16:49:56.777',	'2025-04-05 16:49:56.777',	NULL,	2,	100,	0,	'0195f8c4f9ce7176bad146bd21ff5674',	NULL,	'0195f3a7952d79838bb6f248981d49af'),
('0196066f7a3b78a89ffab8ee745c100b',	'2025-04-05 16:51:31.260',	'2025-04-05 16:51:31.260',	NULL,	0,	400,	0,	'0195f8c4f9ce7176bad146bd21ff5674',	NULL,	'0195f3a7952d79838bb6f248981d49af'),
('0196067022fb778dbecc631ef51bc098',	'2025-04-05 16:52:14.460',	'2025-04-05 16:52:14.460',	NULL,	0,	500,	0,	'0195f8c4f9ce7176bad146bd21ff5674',	NULL,	'0195f3a7952d79838bb6f248981d49af'),
('019606712ce87d61b699692b14006cf5',	'2025-04-05 16:53:22.537',	'2025-04-05 16:53:22.537',	NULL,	0,	300,	0,	'0195f8c4f9ce7176bad146bd21ff5674',	NULL,	'0195f3a7952d79838bb6f248981d49af'),
('019606719de07a8abe6d32decabe9707',	'2025-04-05 16:53:51.457',	'2025-04-05 16:53:51.457',	NULL,	0,	350,	0,	'0195f8c4f9ce7176bad146bd21ff5674',	NULL,	'0195f3a7952d79838bb6f248981d49af'),
('01960671a0e27db7b21910e6017b9698',	'2025-04-05 16:53:52.227',	'2025-04-05 16:53:52.227',	NULL,	0,	860,	0,	'0195fd5dcef47edfb673a8d55548bb8d',	NULL,	'0195f3a7952d79838bb6f248981d49af'),
('01960672c5637f25ab18403fcd454747',	'2025-04-05 16:55:07.108',	'2025-04-05 16:55:07.108',	NULL,	0,	430,	0,	'0195fd5dcef47edfb673a8d55548bb8d',	NULL,	'0195f3a7952d79838bb6f248981d49af'),
('01960673f1037f03a5a90e98dd47d1f4',	'2025-04-05 16:56:23.812',	'2025-04-05 16:56:23.812',	NULL,	0,	430,	0,	'0195f8c4f9ce7176bad146bd21ff5674',	NULL,	'0195f3a7952d79838bb6f248981d49af'),
('0196067409437bcdb4f5c790825e60ef',	'2025-04-05 16:56:30.020',	'2025-04-05 16:56:30.020',	NULL,	0,	430,	0,	'0195f8c4f9ce7176bad146bd21ff5674',	NULL,	'0195f3a7952d79838bb6f248981d49af'),
('01960674c9c3705abb09137738fc5f16',	'2025-04-05 16:57:19.299',	'2025-04-05 16:57:19.299',	NULL,	2,	300,	0,	'0195f8c4f9ce7176bad146bd21ff5674',	NULL,	'0195f3a7952d79838bb6f248981d49af'),
('019606756f2179af962fb3b4155ad570',	'2025-04-05 16:58:01.634',	'2025-04-05 16:58:01.634',	NULL,	0,	100,	0,	'0195f8c4f9ce7176bad146bd21ff5674',	NULL,	'0195f3a7952d79838bb6f248981d49af'),
('01960675e76278758c8c3c718d0d9918',	'2025-04-05 16:58:32.419',	'2025-04-05 16:58:32.419',	NULL,	0,	500,	0,	'0195f8c4f9ce7176bad146bd21ff5674',	NULL,	'0195f3a7952d79838bb6f248981d49af'),
('0196067623ad727b81622e2de8c3a574',	'2025-04-05 16:58:47.853',	'2025-04-05 16:58:47.853',	NULL,	2,	300,	0,	'0195f8c4f9ce7176bad146bd21ff5674',	NULL,	'0195f3a7952d79838bb6f248981d49af'),
('0196067705e7721383209d4dd313ce66',	'2025-04-05 16:59:45.767',	'2025-04-05 16:59:45.767',	NULL,	0,	530,	0,	'0195fd5dcef47edfb673a8d55548bb8d',	NULL,	'0195f3a7952d79838bb6f248981d49af'),
('019606781c107ae28acef7358deb9070',	'2025-04-05 17:00:56.977',	'2025-04-05 17:00:56.977',	NULL,	0,	780,	0,	'0195fd5dcef47edfb673a8d55548bb8d',	NULL,	'0195f3a7952d79838bb6f248981d49af'),
('01960679b549742eaffa899a0634af9b',	'2025-04-05 17:02:41.737',	'2025-04-05 17:02:41.737',	NULL,	0,	450,	0,	'0195f8c4f9ce7176bad146bd21ff5674',	NULL,	'0195f3a7952d79838bb6f248981d49af'),
('0196067a8846711da460aca2486b81b6',	'2025-04-05 17:03:35.750',	'2025-04-05 17:03:35.750',	NULL,	0,	1200,	0,	'0195f8c4f9ce7176bad146bd21ff5674',	NULL,	'0195f3a7952d79838bb6f248981d49af'),
('0196067c77d77e1a91052d81fbcb694f',	'2025-04-05 17:05:42.616',	'2025-04-05 17:05:42.616',	NULL,	0,	1030,	0,	'0195f8c4f9ce7176bad146bd21ff5674',	NULL,	'0195f3a7952d79838bb6f248981d49af'),
('0196067d4bb87b7d981fe0c5b16708b8',	'2025-04-05 17:06:36.857',	'2025-04-05 17:06:36.857',	NULL,	2,	300,	0,	'0195f8c4f9ce7176bad146bd21ff5674',	NULL,	'0195f3a7952d79838bb6f248981d49af'),
('0196067d6f6f7b8eb6df163a1e0bf69c',	'2025-04-05 17:06:46.000',	'2025-04-05 17:06:46.000',	NULL,	0,	1290,	0,	'0195fd5dcef47edfb673a8d55548bb8d',	NULL,	'0195f3a7952d79838bb6f248981d49af'),
('0196067ec5897668a9ccf296543e5a91',	'2025-04-05 17:08:13.578',	'2025-04-05 17:08:13.578',	NULL,	0,	930,	0,	'0195f8c4f9ce7176bad146bd21ff5674',	NULL,	'0195f3a7952d79838bb6f248981d49af'),
('0196067f71c370948e311ce13d8b7828',	'2025-04-05 17:08:57.667',	'2025-04-05 17:08:57.667',	NULL,	0,	500,	0,	'0195f8c4f9ce7176bad146bd21ff5674',	NULL,	'0195f3a7952d79838bb6f248981d49af'),
('019606804eab76f187353f334d85b3fc',	'2025-04-05 17:09:54.220',	'2025-04-05 17:09:54.220',	NULL,	0,	850,	0,	'0195f8c4f9ce7176bad146bd21ff5674',	NULL,	'0195f3a7952d79838bb6f248981d49af'),
('01960680572f72928f6f2429ef85a043',	'2025-04-05 17:09:56.399',	'2025-04-05 17:09:56.399',	NULL,	0,	650,	0,	'0195f8c4f9ce7176bad146bd21ff5674',	NULL,	'0195f3a7952d79838bb6f248981d49af'),
('01960680655a7c4fb408fd03311be0b5',	'2025-04-05 17:10:00.027',	'2025-04-05 17:10:00.027',	NULL,	0,	700,	0,	'0195f8c4f9ce7176bad146bd21ff5674',	NULL,	'0195f3a7952d79838bb6f248981d49af'),
('01960681841b752596c2aba9ac6445bb',	'2025-04-05 17:11:13.435',	'2025-04-05 17:11:13.435',	NULL,	0,	1000,	0,	'0195f8c4f9ce7176bad146bd21ff5674',	NULL,	'0195f3a7952d79838bb6f248981d49af'),
('0196068185f57c6fb6c34f3eb8e50dc5',	'2025-04-05 17:11:13.910',	'2025-04-05 17:11:13.910',	NULL,	0,	450,	0,	'0195f8c4f9ce7176bad146bd21ff5674',	NULL,	'0195f3a7952d79838bb6f248981d49af'),
('01960681949a7591a6fddc7320ade77e',	'2025-04-05 17:11:17.658',	'2025-04-05 17:11:17.658',	NULL,	0,	850,	0,	'0195f8c4f9ce7176bad146bd21ff5674',	NULL,	'0195f3a7952d79838bb6f248981d49af'),
('01960681bb1d78128e025bcfec2d62cf',	'2025-04-05 17:11:27.518',	'2025-04-05 17:11:27.518',	NULL,	0,	300,	0,	'0195f8c4f9ce7176bad146bd21ff5674',	NULL,	'0195f3a7952d79838bb6f248981d49af'),
('01960681c668722ca9e8964ae8fa4785',	'2025-04-05 17:11:30.408',	'2025-04-05 17:11:30.408',	NULL,	2,	2150,	0,	'0195fd5dcef47edfb673a8d55548bb8d',	NULL,	'0195f3a7952d79838bb6f248981d49af'),
('01960682074f73798bb495c23d2d25f7',	'2025-04-05 17:11:47.023',	'2025-04-05 17:11:47.023',	NULL,	0,	700,	0,	'0195f8c4f9ce7176bad146bd21ff5674',	NULL,	'0195f3a7952d79838bb6f248981d49af'),
('019606825f627f13b236e6d77002e323',	'2025-04-05 17:12:09.571',	'2025-04-05 17:12:09.571',	NULL,	0,	500,	0,	'0195f8c4f9ce7176bad146bd21ff5674',	NULL,	'0195f3a7952d79838bb6f248981d49af'),
('01960682675e783e801befe2efa261a8',	'2025-04-05 17:12:11.615',	'2025-04-05 17:12:11.615',	NULL,	0,	450,	0,	'0195f8c4f9ce7176bad146bd21ff5674',	NULL,	'0195f3a7952d79838bb6f248981d49af'),
('0196068286c57cd6a34a6941a0e059ea',	'2025-04-05 17:12:19.654',	'2025-04-05 17:12:19.654',	NULL,	0,	430,	0,	'0195fd5dcef47edfb673a8d55548bb8d',	NULL,	'0195f3a7952d79838bb6f248981d49af'),
('01960682ef057684a86261957b05b709',	'2025-04-05 17:12:46.342',	'2025-04-05 17:12:46.342',	NULL,	0,	780,	0,	'0195f8c4f9ce7176bad146bd21ff5674',	NULL,	'0195f3a7952d79838bb6f248981d49af'),
('019606845b617b3e88a5b298de4f08e8',	'2025-04-05 17:14:19.618',	'2025-04-05 17:14:19.618',	NULL,	0,	430,	0,	'0195f8c4f9ce7176bad146bd21ff5674',	NULL,	'0195f3a7952d79838bb6f248981d49af'),
('01960684c58178649c89900a5d68be93',	'2025-04-05 17:14:46.786',	'2025-04-05 17:14:46.786',	NULL,	0,	450,	0,	'0195f8c4f9ce7176bad146bd21ff5674',	NULL,	'0195f3a7952d79838bb6f248981d49af'),
('01960685096d7accbb5fbbda4b1a21e4',	'2025-04-05 17:15:04.174',	'2025-04-05 17:15:04.174',	NULL,	0,	530,	0,	'0195fd5dcef47edfb673a8d55548bb8d',	NULL,	'0195f3a7952d79838bb6f248981d49af'),
('01960685cace73598cb9bfd7849c2542',	'2025-04-05 17:15:53.678',	'2025-04-05 17:15:53.678',	NULL,	0,	650,	0,	'0195f8c4f9ce7176bad146bd21ff5674',	NULL,	'0195f3a7952d79838bb6f248981d49af'),
('0196068635c77defa39190b4e5caf10e',	'2025-04-05 17:16:21.064',	'2025-04-05 17:16:21.064',	NULL,	0,	-300,	0,	'0195f8c4f9ce7176bad146bd21ff5674',	NULL,	'0195f3a7952d79838bb6f248981d49af'),
('0196068797a676dba162265daa0e9ee2',	'2025-04-05 17:17:51.655',	'2025-04-05 17:17:51.655',	NULL,	0,	530,	0,	'0195fd5dcef47edfb673a8d55548bb8d',	NULL,	'0195f3a7952d79838bb6f248981d49af'),
('019606879e617c61b5e910303ee8d63b',	'2025-04-05 17:17:53.378',	'2025-04-05 17:17:53.378',	NULL,	0,	1060,	0,	'0195f8c4f9ce7176bad146bd21ff5674',	NULL,	'0195f3a7952d79838bb6f248981d49af'),
('01960687e0027b2cbd6b05f9f1fb3dba',	'2025-04-05 17:18:10.179',	'2025-04-05 17:18:10.179',	NULL,	0,	3250,	0,	'0195f8c4f9ce7176bad146bd21ff5674',	NULL,	'0195f3a7952d79838bb6f248981d49af'),
('01960687fc927715a74a4be624856f54',	'2025-04-05 17:18:17.491',	'2025-04-05 17:18:17.491',	NULL,	0,	350,	0,	'0195f8c4f9ce7176bad146bd21ff5674',	NULL,	'0195f3a7952d79838bb6f248981d49af'),
('0196068810c9752f8aa5c55bd91427bb',	'2025-04-05 17:18:22.665',	'2025-04-05 17:18:22.665',	NULL,	0,	1100,	0,	'0195f8c4f9ce7176bad146bd21ff5674',	NULL,	'0195f3a7952d79838bb6f248981d49af'),
('01960688fa327e60be331d31da628225',	'2025-04-05 17:19:22.419',	'2025-04-05 17:19:22.419',	NULL,	0,	850,	0,	'0195f8c4f9ce7176bad146bd21ff5674',	NULL,	'0195f3a7952d79838bb6f248981d49af'),
('01960689043f753b8cefa847c25259c5',	'2025-04-05 17:19:24.991',	'2025-04-05 17:19:24.991',	NULL,	0,	760,	0,	'0195f8c4f9ce7176bad146bd21ff5674',	NULL,	'0195f3a7952d79838bb6f248981d49af'),
('019606892aa27e07a3a9181edba1cdd6',	'2025-04-05 17:19:34.819',	'2025-04-05 17:19:34.819',	NULL,	0,	400,	0,	'0195f8c4f9ce7176bad146bd21ff5674',	NULL,	'0195f3a7952d79838bb6f248981d49af'),
('019606894df07ea2b407dfc9b2eadd6c',	'2025-04-05 17:19:43.857',	'2025-04-05 17:19:43.857',	NULL,	0,	300,	0,	'0195f8c4f9ce7176bad146bd21ff5674',	NULL,	'0195f3a7952d79838bb6f248981d49af'),
('019606896e9972e1a3ba42f23a4984c6',	'2025-04-05 17:19:52.217',	'2025-04-05 17:19:52.217',	NULL,	3,	380,	0,	'0195f8c4f9ce7176bad146bd21ff5674',	NULL,	'0195f3a7952d79838bb6f248981d49af'),
('01960689b9d7780a90c17553fc8bc1b5',	'2025-04-05 17:20:11.480',	'2025-04-05 17:20:11.480',	NULL,	0,	850,	0,	'0195f8c4f9ce7176bad146bd21ff5674',	NULL,	'0195f3a7952d79838bb6f248981d49af'),
('0196068aabda7934ae85443a0522c022',	'2025-04-05 17:21:13.435',	'2025-04-05 17:21:13.435',	NULL,	0,	300,	0,	'0195f8c4f9ce7176bad146bd21ff5674',	NULL,	'0195f3a7952d79838bb6f248981d49af'),
('0196068c30aa7d40947f889d8ca5bc35',	'2025-04-05 17:22:52.971',	'2025-04-05 17:22:52.971',	NULL,	0,	1500,	0,	'0195f8c4f9ce7176bad146bd21ff5674',	NULL,	'0195f3a7952d79838bb6f248981d49af'),
('0196068df7437101a9aece20d0003100',	'2025-04-05 17:24:49.347',	'2025-04-05 17:24:49.347',	NULL,	0,	530,	0,	'0195fd5dcef47edfb673a8d55548bb8d',	NULL,	'0195f3a7952d79838bb6f248981d49af'),
('0196068f053a702990fa90acb8bf45b9',	'2025-04-05 17:25:58.458',	'2025-04-05 17:25:58.458',	NULL,	0,	1350,	0,	'0195f8c4f9ce7176bad146bd21ff5674',	NULL,	'0195f3a7952d79838bb6f248981d49af'),
('0196068f312172b0a3de511da07ca6cf',	'2025-04-05 17:26:09.697',	'2025-04-05 17:26:09.697',	NULL,	0,	1110,	0,	'0195f8c4f9ce7176bad146bd21ff5674',	NULL,	'0195f3a7952d79838bb6f248981d49af'),
('0196068f4c917ed5936c697f154f1993',	'2025-04-05 17:26:16.722',	'2025-04-05 17:26:16.722',	NULL,	0,	860,	0,	'0195fd5dcef47edfb673a8d55548bb8d',	NULL,	'0195f3a7952d79838bb6f248981d49af'),
('0196068f9ce6737687be4acda7751a18',	'2025-04-05 17:26:37.286',	'2025-04-05 17:26:37.286',	NULL,	2,	860,	0,	'0195fd5dcef47edfb673a8d55548bb8d',	NULL,	'0195f3a7952d79838bb6f248981d49af'),
('0196069058f77cebae22c934cbbf77d6',	'2025-04-05 17:27:25.432',	'2025-04-05 17:27:25.432',	NULL,	2,	430,	0,	'0195f8c4f9ce7176bad146bd21ff5674',	NULL,	'0195f3a7952d79838bb6f248981d49af'),
('0196069084627d438366e24a3ac3d4f7',	'2025-04-05 17:27:36.547',	'2025-04-05 17:27:36.547',	NULL,	0,	850,	0,	'0195f8c4f9ce7176bad146bd21ff5674',	NULL,	'0195f3a7952d79838bb6f248981d49af'),
('01960690d3ec74f39413dc9a199d2b93',	'2025-04-05 17:27:56.908',	'2025-04-05 17:27:56.908',	NULL,	2,	780,	0,	'0195fd5dcef47edfb673a8d55548bb8d',	NULL,	'0195f3a7952d79838bb6f248981d49af'),
('0196069158e375ab9138c9db982370d7',	'2025-04-05 17:28:30.947',	'2025-04-05 17:28:30.947',	NULL,	0,	530,	0,	'0195f8c4f9ce7176bad146bd21ff5674',	NULL,	'0195f3a7952d79838bb6f248981d49af'),
('0196069217c6769383a20a66e1a09827',	'2025-04-05 17:29:19.815',	'2025-04-05 17:29:19.815',	NULL,	0,	860,	0,	'0195fd5dcef47edfb673a8d55548bb8d',	NULL,	'0195f3a7952d79838bb6f248981d49af'),
('01960693441e78d2a3b8c74a5c61adda',	'2025-04-05 17:30:36.703',	'2025-04-05 17:30:36.703',	NULL,	0,	430,	0,	'0195f8c4f9ce7176bad146bd21ff5674',	NULL,	'0195f3a7952d79838bb6f248981d49af'),
('019606934b657371b732dce235a6ee1f',	'2025-04-05 17:30:38.565',	'2025-04-05 17:30:38.565',	NULL,	0,	430,	0,	'0195fd5dcef47edfb673a8d55548bb8d',	NULL,	'0195f3a7952d79838bb6f248981d49af'),
('0196069368a6770cbc4d190835d07032',	'2025-04-05 17:30:46.055',	'2025-04-05 17:30:46.055',	NULL,	0,	400,	0,	'0195f8c4f9ce7176bad146bd21ff5674',	NULL,	'0195f3a7952d79838bb6f248981d49af'),
('01960694b9c77e3782a7dbad4d890710',	'2025-04-05 17:32:12.360',	'2025-04-05 17:32:12.360',	NULL,	0,	700,	0,	'0195f8c4f9ce7176bad146bd21ff5674',	NULL,	'0195f3a7952d79838bb6f248981d49af'),
('019606951d4776e3a41fc318ca8a49da',	'2025-04-05 17:32:37.832',	'2025-04-05 17:32:37.832',	NULL,	3,	730,	0,	'0195f8c4f9ce7176bad146bd21ff5674',	NULL,	'0195f3a7952d79838bb6f248981d49af'),
('0196069555cb77cf8b537cc38232e1fc',	'2025-04-05 17:32:52.300',	'2025-04-05 17:32:52.300',	NULL,	0,	500,	0,	'0195f8c4f9ce7176bad146bd21ff5674',	NULL,	'0195f3a7952d79838bb6f248981d49af'),
('019606956f91711db53c63b87b349f4c',	'2025-04-05 17:32:58.897',	'2025-04-05 17:32:58.897',	NULL,	0,	1240,	0,	'0195f8c4f9ce7176bad146bd21ff5674',	NULL,	'0195f3a7952d79838bb6f248981d49af'),
('01960695a39879c69079259d2789754b',	'2025-04-05 17:33:12.217',	'2025-04-05 17:33:12.217',	NULL,	0,	400,	0,	'0195f8c4f9ce7176bad146bd21ff5674',	NULL,	'0195f3a7952d79838bb6f248981d49af'),
('019606963f627dbeaf1a0b800d4ae94c',	'2025-04-05 17:33:52.099',	'2025-04-05 17:33:52.099',	NULL,	0,	350,	0,	'0195f8c4f9ce7176bad146bd21ff5674',	NULL,	'0195f3a7952d79838bb6f248981d49af'),
('01960697a6c372ea8a30601d0b4a0814',	'2025-04-05 17:35:24.099',	'2025-04-05 17:35:24.099',	NULL,	0,	1350,	0,	'0195f8c4f9ce7176bad146bd21ff5674',	NULL,	'0195f3a7952d79838bb6f248981d49af'),
('019606983aae78068cbae23d031ca979',	'2025-04-05 17:36:01.967',	'2025-04-05 17:36:01.967',	NULL,	0,	430,	0,	'0195fd5dcef47edfb673a8d55548bb8d',	NULL,	'0195f3a7952d79838bb6f248981d49af'),
('01960698845f746494e8e8cee0028d18',	'2025-04-05 17:36:20.831',	'2025-04-05 17:36:20.831',	NULL,	0,	300,	0,	'0195f8c4f9ce7176bad146bd21ff5674',	NULL,	'0195f3a7952d79838bb6f248981d49af'),
('01960699338677bc855ada88d13ed1ca',	'2025-04-05 17:37:05.671',	'2025-04-05 17:37:05.671',	NULL,	0,	700,	0,	'0195f8c4f9ce7176bad146bd21ff5674',	NULL,	'0195f3a7952d79838bb6f248981d49af'),
('01960699f4f37ddcbcf474ff266694c6',	'2025-04-05 17:37:55.188',	'2025-04-05 17:37:55.188',	NULL,	0,	1700,	0,	'0195f8c4f9ce7176bad146bd21ff5674',	NULL,	'0195f3a7952d79838bb6f248981d49af'),
('01960699f7c9782db4ea925c4a49312d',	'2025-04-05 17:37:55.914',	'2025-04-05 17:37:55.914',	NULL,	0,	300,	0,	'0195f8c4f9ce7176bad146bd21ff5674',	NULL,	'0195f3a7952d79838bb6f248981d49af'),
('0196069aea90716f81305b48aa1d4b43',	'2025-04-05 17:38:58.064',	'2025-04-05 17:38:58.064',	NULL,	0,	300,	0,	'0195f8c4f9ce7176bad146bd21ff5674',	NULL,	'0195f3a7952d79838bb6f248981d49af'),
('0196069b902a763da703262b555abb85',	'2025-04-05 17:39:40.458',	'2025-04-05 17:39:40.458',	NULL,	3,	300,	0,	'0195f8c4f9ce7176bad146bd21ff5674',	NULL,	'0195f3a7952d79838bb6f248981d49af'),
('0196069c0df575cd9e73ace49e6678de',	'2025-04-05 17:40:12.661',	'2025-04-05 17:40:12.661',	NULL,	0,	500,	0,	'0195f8c4f9ce7176bad146bd21ff5674',	NULL,	'0195f3a7952d79838bb6f248981d49af'),
('0196069c81b97b4e8339d4fe94791f4d',	'2025-04-05 17:40:42.298',	'2025-04-05 17:40:42.298',	NULL,	0,	500,	0,	'0195f8c4f9ce7176bad146bd21ff5674',	NULL,	'0195f3a7952d79838bb6f248981d49af'),
('0196069cebaa7455be8b422fafd400c3',	'2025-04-05 17:41:09.418',	'2025-04-05 17:41:09.418',	NULL,	0,	400,	0,	'0195f8c4f9ce7176bad146bd21ff5674',	NULL,	'0195f3a7952d79838bb6f248981d49af'),
('0196069d09337bb08674fc4080c60e89',	'2025-04-05 17:41:16.980',	'2025-04-05 17:41:16.980',	NULL,	0,	1000,	0,	'0195f8c4f9ce7176bad146bd21ff5674',	NULL,	'0195f3a7952d79838bb6f248981d49af'),
('0196069d57c97c6da2d250d9c139ec98',	'2025-04-05 17:41:37.098',	'2025-04-05 17:41:37.098',	NULL,	0,	1290,	0,	'0195f8c4f9ce7176bad146bd21ff5674',	NULL,	'0195f3a7952d79838bb6f248981d49af'),
('0196069e756973c798bc04429f9915be',	'2025-04-05 17:42:50.217',	'2025-04-05 17:42:50.217',	NULL,	0,	850,	0,	'0195f8c4f9ce7176bad146bd21ff5674',	NULL,	'0195f3a7952d79838bb6f248981d49af'),
('0196069f16547cd59ae8897aa3c21dea',	'2025-04-05 17:43:31.413',	'2025-04-05 17:43:31.413',	NULL,	0,	900,	0,	'0195f8c4f9ce7176bad146bd21ff5674',	NULL,	'0195f3a7952d79838bb6f248981d49af'),
('0196069fd752708fac3a13fff974da1c',	'2025-04-05 17:44:20.818',	'2025-04-05 17:44:20.818',	NULL,	0,	700,	0,	'0195f8c4f9ce7176bad146bd21ff5674',	NULL,	'0195f3a7952d79838bb6f248981d49af'),
('019606a010a37427b9c364f706e20bf3',	'2025-04-05 17:44:35.491',	'2025-04-05 17:44:35.491',	NULL,	0,	1330,	0,	'0195f8c4f9ce7176bad146bd21ff5674',	NULL,	'0195f3a7952d79838bb6f248981d49af'),
('019606a0eaf675aebf9f1fdc8e15b125',	'2025-04-05 17:45:31.382',	'2025-04-05 17:45:31.382',	NULL,	0,	450,	0,	'0195f8c4f9ce7176bad146bd21ff5674',	NULL,	'0195f3a7952d79838bb6f248981d49af'),
('019606a204fd7affaf399d891e856aad',	'2025-04-05 17:46:43.582',	'2025-04-05 17:46:43.582',	NULL,	2,	430,	0,	'0195f8c4f9ce7176bad146bd21ff5674',	NULL,	'0195f3a7952d79838bb6f248981d49af'),
('019606a2205a76f2bbb3cd49e7f0c521',	'2025-04-05 17:46:50.587',	'2025-04-05 17:46:50.587',	NULL,	0,	300,	0,	'0195f8c4f9ce7176bad146bd21ff5674',	NULL,	'0195f3a7952d79838bb6f248981d49af'),
('019606a255c37191a4c7b784e262f5e7',	'2025-04-05 17:47:04.259',	'2025-04-05 17:47:04.259',	NULL,	0,	1350,	0,	'0195f8c4f9ce7176bad146bd21ff5674',	NULL,	'0195f3a7952d79838bb6f248981d49af'),
('019606a27af4740c9d4466db5ff705ea',	'2025-04-05 17:47:13.780',	'2025-04-05 17:47:13.780',	NULL,	2,	1290,	0,	'0195fd5dcef47edfb673a8d55548bb8d',	NULL,	'0195f3a7952d79838bb6f248981d49af'),
('019606a3261275d38e75670e17089f4b',	'2025-04-05 17:47:57.586',	'2025-04-05 17:47:57.586',	NULL,	0,	600,	0,	'0195f8c4f9ce7176bad146bd21ff5674',	NULL,	'0195f3a7952d79838bb6f248981d49af'),
('019606a354847cebaa2be5989b3d90a3',	'2025-04-05 17:48:09.477',	'2025-04-05 17:48:09.477',	NULL,	2,	300,	0,	'0195f8c4f9ce7176bad146bd21ff5674',	NULL,	'0195f3a7952d79838bb6f248981d49af'),
('019606a3940971df9a9d2f2181e1bb09',	'2025-04-05 17:48:25.737',	'2025-04-05 17:48:25.737',	NULL,	0,	350,	0,	'0195f8c4f9ce7176bad146bd21ff5674',	NULL,	'0195f3a7952d79838bb6f248981d49af'),
('019606a3da7678c386697fe28c2f3d77',	'2025-04-05 17:48:43.767',	'2025-04-05 17:48:43.767',	NULL,	0,	430,	0,	'0195fd5dcef47edfb673a8d55548bb8d',	NULL,	'0195f3a7952d79838bb6f248981d49af'),
('019606a60cb07acfb48bfc63226b4f5e',	'2025-04-05 17:51:07.697',	'2025-04-05 17:51:07.697',	NULL,	3,	430,	0,	'0195f8c4f9ce7176bad146bd21ff5674',	NULL,	'0195f3a7952d79838bb6f248981d49af'),
('019606a614a579a0b9be05a22758ee11',	'2025-04-05 17:51:09.734',	'2025-04-05 17:51:09.734',	NULL,	0,	430,	0,	'0195fd5dcef47edfb673a8d55548bb8d',	NULL,	'0195f3a7952d79838bb6f248981d49af'),
('019606a7219f7a45abe66b76ddb14377',	'2025-04-05 17:52:18.592',	'2025-04-05 17:52:18.592',	NULL,	0,	-200,	0,	'0195f8c4f9ce7176bad146bd21ff5674',	NULL,	'0195f3a7952d79838bb6f248981d49af'),
('019606a7888a7bf2800c9da5fb495ee0',	'2025-04-05 17:52:44.939',	'2025-04-05 17:52:44.939',	NULL,	0,	1200,	0,	'0195f8c4f9ce7176bad146bd21ff5674',	NULL,	'0195f3a7952d79838bb6f248981d49af'),
('019606a79b3177db87c072fbd4771a65',	'2025-04-05 17:52:49.714',	'2025-04-05 17:52:49.714',	NULL,	0,	100,	0,	'0195f8c4f9ce7176bad146bd21ff5674',	NULL,	'0195f3a7952d79838bb6f248981d49af'),
('019606a7f6b1784f89cf886448f0bfe3',	'2025-04-05 17:53:13.138',	'2025-04-05 17:53:13.138',	NULL,	0,	2580,	0,	'0195f8c4f9ce7176bad146bd21ff5674',	NULL,	'0195f3a7952d79838bb6f248981d49af'),
('019606a98e9676e596ab23b59f1b0d8d',	'2025-04-05 17:54:57.559',	'2025-04-05 17:54:57.559',	NULL,	0,	1350,	0,	'0195f8c4f9ce7176bad146bd21ff5674',	NULL,	'0195f3a7952d79838bb6f248981d49af'),
('019606aa3f95725aa6863ba05668c46b',	'2025-04-05 17:55:42.869',	'2025-04-05 17:55:42.869',	NULL,	0,	350,	0,	'0195f8c4f9ce7176bad146bd21ff5674',	NULL,	'0195f3a7952d79838bb6f248981d49af'),
('019606aa9b1b7df2a66e5edb8c32f095',	'2025-04-05 17:56:06.300',	'2025-04-05 17:56:06.300',	NULL,	0,	500,	0,	'0195f8c4f9ce7176bad146bd21ff5674',	NULL,	'0195f3a7952d79838bb6f248981d49af'),
('019606ac03b87dc299577d6be2d678a7',	'2025-04-05 17:57:38.617',	'2025-04-05 17:57:38.617',	NULL,	0,	400,	0,	'0195f8c4f9ce7176bad146bd21ff5674',	NULL,	'0195f3a7952d79838bb6f248981d49af'),
('019606ad3d107ed1bf8d7c813b347c97',	'2025-04-05 17:58:58.833',	'2025-04-05 17:58:58.833',	NULL,	0,	430,	0,	'0195fd5dcef47edfb673a8d55548bb8d',	NULL,	'0195f3a7952d79838bb6f248981d49af'),
('019606ad6ae076108f2eed40aacd3bc7',	'2025-04-05 17:59:10.560',	'2025-04-05 17:59:10.560',	NULL,	0,	-330,	0,	'0195fd5dcef47edfb673a8d55548bb8d',	NULL,	'0195f3a7952d79838bb6f248981d49af'),
('019606ad729f7e0a9925e5d678a8082f',	'2025-04-05 17:59:12.544',	'2025-04-05 17:59:12.544',	NULL,	0,	1210,	0,	'0195f8c4f9ce7176bad146bd21ff5674',	NULL,	'0195f3a7952d79838bb6f248981d49af'),
('019606addcf57f2fa9f9a601d269c23a',	'2025-04-05 17:59:39.766',	'2025-04-05 17:59:39.766',	NULL,	0,	700,	0,	'0195f8c4f9ce7176bad146bd21ff5674',	NULL,	'0195f3a7952d79838bb6f248981d49af'),
('019606ae8288726097c90a14d104552a',	'2025-04-05 18:00:22.152',	'2025-04-05 18:00:22.152',	NULL,	0,	1790,	0,	'0195f8c4f9ce7176bad146bd21ff5674',	NULL,	'0195f3a7952d79838bb6f248981d49af'),
('019606aee1c97a4a91c22f15e171d25c',	'2025-04-05 18:00:46.538',	'2025-04-05 18:00:46.538',	NULL,	0,	-100,	0,	'0195f8c4f9ce7176bad146bd21ff5674',	NULL,	'0195f3a7952d79838bb6f248981d49af'),
('019606af60fa7efda5fa4165456a5097',	'2025-04-05 18:01:19.099',	'2025-04-05 18:01:19.099',	NULL,	0,	-400,	0,	'0195f8c4f9ce7176bad146bd21ff5674',	NULL,	'0195f3a7952d79838bb6f248981d49af'),
('019606afb7d77b33a29055e114c58f31',	'2025-04-05 18:01:41.336',	'2025-04-05 18:01:41.336',	NULL,	3,	1000,	0,	'0195f8c4f9ce7176bad146bd21ff5674',	NULL,	'0195f3a7952d79838bb6f248981d49af'),
('019606afd7c37317aa694673a5f93b6b',	'2025-04-05 18:01:49.507',	'2025-04-05 18:01:49.507',	NULL,	3,	380,	0,	'0195f8c4f9ce7176bad146bd21ff5674',	NULL,	'0195f3a7952d79838bb6f248981d49af'),
('019606b07e07753499cc4ea46695dd34',	'2025-04-05 18:02:32.071',	'2025-04-05 18:02:32.071',	NULL,	0,	300,	0,	'0195f8c4f9ce7176bad146bd21ff5674',	NULL,	'0195f3a7952d79838bb6f248981d49af'),
('019606b12ce7786e9a85156cf2f68fb2',	'2025-04-05 18:03:16.840',	'2025-04-05 18:03:16.840',	NULL,	0,	200,	0,	'0195fd5dcef47edfb673a8d55548bb8d',	NULL,	'0195f3a7952d79838bb6f248981d49af'),
('019606b192c479d1a0e46e758c2a99db',	'2025-04-05 18:03:42.917',	'2025-04-05 18:03:42.917',	NULL,	0,	430,	0,	'0195fd5dcef47edfb673a8d55548bb8d',	NULL,	'0195f3a7952d79838bb6f248981d49af'),
('019606b1fd69797b9ad242a9b60341b0',	'2025-04-05 18:04:10.218',	'2025-04-05 18:04:10.218',	NULL,	0,	500,	0,	'0195f8c4f9ce7176bad146bd21ff5674',	NULL,	'0195f3a7952d79838bb6f248981d49af'),
('019606b303b57749bb436fe01e7cf0bc',	'2025-04-05 18:05:17.366',	'2025-04-05 18:05:17.366',	NULL,	2,	1290,	0,	'0195fd5dcef47edfb673a8d55548bb8d',	NULL,	'0195f3a7952d79838bb6f248981d49af'),
('019606b39ec67df8a0a6507b45685665',	'2025-04-05 18:05:57.063',	'2025-04-05 18:05:57.063',	NULL,	2,	300,	0,	'0195f8c4f9ce7176bad146bd21ff5674',	NULL,	'0195f3a7952d79838bb6f248981d49af'),
('019606b600f070c9b0aea5486cdaed45',	'2025-04-05 18:08:33.264',	'2025-04-05 18:08:33.264',	NULL,	0,	860,	0,	'0195f8c4f9ce7176bad146bd21ff5674',	NULL,	'0195f3a7952d79838bb6f248981d49af'),
('019606b7020b79b08a071632f8e9380c',	'2025-04-05 18:09:39.084',	'2025-04-05 18:09:39.084',	NULL,	0,	-100,	0,	'0195fd5dcef47edfb673a8d55548bb8d',	NULL,	'0195f3a7952d79838bb6f248981d49af'),
('019606b9c13b7c4cb7c233f8bd2635e0',	'2025-04-05 18:12:39.100',	'2025-04-05 18:12:39.100',	NULL,	3,	300,	0,	'0195f8c4f9ce7176bad146bd21ff5674',	NULL,	'0195f3a7952d79838bb6f248981d49af'),
('019606bafb5b76c3aa6d88c8062fade8',	'2025-04-05 18:13:59.516',	'2025-04-05 18:13:59.516',	NULL,	0,	860,	0,	'0195f8c4f9ce7176bad146bd21ff5674',	NULL,	'0195f3a7952d79838bb6f248981d49af'),
('019606bb5048722fbd9587895dc861a6',	'2025-04-05 18:14:21.256',	'2025-04-05 18:14:21.256',	NULL,	0,	-100,	0,	'0195fd5dcef47edfb673a8d55548bb8d',	NULL,	'0195f3a7952d79838bb6f248981d49af'),
('019606bdc0537c11a6f72316aabdb0e0',	'2025-04-05 18:17:01.012',	'2025-04-05 18:17:01.012',	NULL,	0,	400,	0,	'0195f8c4f9ce7176bad146bd21ff5674',	NULL,	'0195f3a7952d79838bb6f248981d49af'),
('019606be4cbb7d45a153bf4915e47fb5',	'2025-04-05 18:17:36.956',	'2025-04-05 18:17:36.956',	NULL,	0,	860,	0,	'0195fd5dcef47edfb673a8d55548bb8d',	NULL,	'0195f3a7952d79838bb6f248981d49af'),
('019606be84247966901e6f2ea2111fe8',	'2025-04-05 18:17:51.141',	'2025-04-05 18:17:51.141',	NULL,	0,	780,	0,	'0195f8c4f9ce7176bad146bd21ff5674',	NULL,	'0195f3a7952d79838bb6f248981d49af'),
('019606c04bcc71a6b1f44a58fb8476f9',	'2025-04-05 18:19:47.788',	'2025-04-05 18:19:47.788',	NULL,	0,	-100,	0,	'0195f8c4f9ce7176bad146bd21ff5674',	NULL,	'0195f3a7952d79838bb6f248981d49af'),
('019606c082a87c0eab37e8cf0838d3b5',	'2025-04-05 18:20:01.833',	'2025-04-05 18:20:01.833',	NULL,	3,	1720,	0,	'0195f8c4f9ce7176bad146bd21ff5674',	NULL,	'0195f3a7952d79838bb6f248981d49af'),
('019606c4145a7b878a9d8fb63c44aedd',	'2025-04-05 18:23:55.739',	'2025-04-05 18:23:55.739',	NULL,	3,	1720,	0,	'0195f8c4f9ce7176bad146bd21ff5674',	NULL,	'0195f3a7952d79838bb6f248981d49af'),
('019606c426e17b9fb769104ce25115ed',	'2025-04-05 18:24:00.482',	'2025-04-05 18:24:00.482',	NULL,	0,	-200,	0,	'0195f8c4f9ce7176bad146bd21ff5674',	NULL,	'0195f3a7952d79838bb6f248981d49af'),
('019606c4523a7aec949590658f854568',	'2025-04-05 18:24:11.579',	'2025-04-05 18:24:11.579',	NULL,	0,	-100,	0,	'0195f8c4f9ce7176bad146bd21ff5674',	NULL,	'0195f3a7952d79838bb6f248981d49af'),
('019606c520ac71bc900a7d33e2c8f5c6',	'2025-04-05 18:25:04.428',	'2025-04-05 18:25:04.428',	NULL,	0,	-200,	0,	'0195f8c4f9ce7176bad146bd21ff5674',	NULL,	'0195f3a7952d79838bb6f248981d49af'),
('019606c555e97ae28c27b4a014ef628b',	'2025-04-05 18:25:18.058',	'2025-04-05 18:25:18.058',	NULL,	0,	-200,	0,	'0195f8c4f9ce7176bad146bd21ff5674',	NULL,	'0195f3a7952d79838bb6f248981d49af'),
('019606c5aa2073a788140c99b6359102',	'2025-04-05 18:25:39.616',	'2025-04-05 18:25:39.616',	NULL,	0,	350,	0,	'0195f8c4f9ce7176bad146bd21ff5674',	NULL,	'0195f3a7952d79838bb6f248981d49af'),
('019606c5d9c97ab6afaddaca96c2bc59',	'2025-04-05 18:25:51.818',	'2025-04-05 18:25:51.818',	NULL,	0,	-700,	0,	'0195f8c4f9ce7176bad146bd21ff5674',	NULL,	'0195f3a7952d79838bb6f248981d49af'),
('019606c7ce20752ea28cca914ee5689f',	'2025-04-05 18:27:59.904',	'2025-04-05 18:27:59.904',	NULL,	0,	100,	0,	'0195f8c4f9ce7176bad146bd21ff5674',	NULL,	'0195f3a7952d79838bb6f248981d49af'),
('019606c818437e0c91b40a363db61b63',	'2025-04-05 18:28:18.884',	'2025-04-05 18:28:18.884',	NULL,	2,	1290,	0,	'0195fd5dcef47edfb673a8d55548bb8d',	NULL,	'0195f3a7952d79838bb6f248981d49af'),
('019606c8da8676be9262529474b16626',	'2025-04-05 18:29:08.615',	'2025-04-05 18:29:08.615',	NULL,	0,	-400,	0,	'0195f8c4f9ce7176bad146bd21ff5674',	NULL,	'0195f3a7952d79838bb6f248981d49af'),
('019606c8e66c712cb1ee3a6716be9ba1',	'2025-04-05 18:29:11.660',	'2025-04-05 18:29:11.660',	NULL,	0,	-200,	0,	'0195f8c4f9ce7176bad146bd21ff5674',	NULL,	'0195f3a7952d79838bb6f248981d49af'),
('019606c8e86f7763bfd1e9d2ef3827e9',	'2025-04-05 18:29:12.176',	'2025-04-05 18:29:12.176',	NULL,	0,	550,	0,	'0195fd5dcef47edfb673a8d55548bb8d',	NULL,	'0195f3a7952d79838bb6f248981d49af'),
('019606c97a4e72899a31731d96014d9c',	'2025-04-05 18:29:49.518',	'2025-04-05 18:29:49.518',	NULL,	0,	350,	0,	'0195fd5dcef47edfb673a8d55548bb8d',	NULL,	'0195f3a7952d79838bb6f248981d49af'),
('019606c98766718a81351559c1223995',	'2025-04-05 18:29:52.870',	'2025-04-05 18:29:52.870',	NULL,	0,	1640,	0,	'0195f8c4f9ce7176bad146bd21ff5674',	NULL,	'0195f3a7952d79838bb6f248981d49af'),
('019606ca27ea76ac860b216d0188a14e',	'2025-04-05 18:30:33.963',	'2025-04-05 18:30:33.963',	NULL,	0,	700,	0,	'0195f8c4f9ce7176bad146bd21ff5674',	NULL,	'0195f3a7952d79838bb6f248981d49af'),
('019606ca338675e3b7bd2799e206c9f4',	'2025-04-05 18:30:36.934',	'2025-04-05 18:30:36.934',	NULL,	0,	500,	0,	'0195f8c4f9ce7176bad146bd21ff5674',	NULL,	'0195f3a7952d79838bb6f248981d49af'),
('019606cac1937e42ac556285c4a56548',	'2025-04-05 18:31:13.300',	'2025-04-05 18:31:13.300',	NULL,	0,	1620,	0,	'0195f8c4f9ce7176bad146bd21ff5674',	NULL,	'0195f3a7952d79838bb6f248981d49af'),
('019606cb16427dde9fd71c6de53b1955',	'2025-04-05 18:31:34.979',	'2025-04-05 18:31:34.979',	NULL,	0,	-600,	0,	'0195fd5dcef47edfb673a8d55548bb8d',	NULL,	'0195f3a7952d79838bb6f248981d49af'),
('019606cb35dd770196718b577d04e6a2',	'2025-04-05 18:31:43.070',	'2025-04-05 18:31:43.070',	NULL,	0,	-100,	0,	'0195f8c4f9ce7176bad146bd21ff5674',	NULL,	'0195f3a7952d79838bb6f248981d49af'),
('019606cb675978ca8c3ee07e5dc823ed',	'2025-04-05 18:31:55.738',	'2025-04-05 18:31:55.738',	NULL,	0,	380,	0,	'0195f8c4f9ce7176bad146bd21ff5674',	NULL,	'0195f3a7952d79838bb6f248981d49af'),
('019606cbcf947aff892f48d7fd901a5d',	'2025-04-05 18:32:22.421',	'2025-04-05 18:32:22.421',	NULL,	0,	430,	0,	'0195fd5dcef47edfb673a8d55548bb8d',	NULL,	'0195f3a7952d79838bb6f248981d49af'),
('019606cbdfb77967940bea44aa5e8626',	'2025-04-05 18:32:26.552',	'2025-04-05 18:32:26.552',	NULL,	0,	350,	0,	'0195f8c4f9ce7176bad146bd21ff5674',	NULL,	'0195f3a7952d79838bb6f248981d49af'),
('019606cbe72f7db9a5ac328143fdac95',	'2025-04-05 18:32:28.464',	'2025-04-05 18:32:28.464',	NULL,	0,	-200,	0,	'0195f8c4f9ce7176bad146bd21ff5674',	NULL,	'0195f3a7952d79838bb6f248981d49af'),
('019606cc9fe576c89a428b05e94a3f78',	'2025-04-05 18:33:15.750',	'2025-04-05 18:33:15.750',	NULL,	0,	960,	0,	'0195f8c4f9ce7176bad146bd21ff5674',	NULL,	'0195f3a7952d79838bb6f248981d49af'),
('019606ce34b27476898dec956f674772',	'2025-04-05 18:34:59.378',	'2025-04-05 18:34:59.378',	NULL,	0,	1200,	0,	'0195f8c4f9ce7176bad146bd21ff5674',	NULL,	'0195f3a7952d79838bb6f248981d49af'),
('019606cf1f6571dfb747a2fda7c60ae8',	'2025-04-05 18:35:59.461',	'2025-04-05 18:35:59.461',	NULL,	0,	700,	0,	'0195f8c4f9ce7176bad146bd21ff5674',	NULL,	'0195f3a7952d79838bb6f248981d49af'),
('019606cf29447a63b709d474fbce42ca',	'2025-04-05 18:36:01.989',	'2025-04-05 18:36:01.989',	NULL,	0,	1060,	0,	'0195f8c4f9ce7176bad146bd21ff5674',	NULL,	'0195f3a7952d79838bb6f248981d49af'),
('019606cf34b5756eb6bed97be36ec11e',	'2025-04-05 18:36:04.917',	'2025-04-05 18:36:04.917',	NULL,	0,	-330,	0,	'0195f8c4f9ce7176bad146bd21ff5674',	NULL,	'0195f3a7952d79838bb6f248981d49af'),
('019606cfaf9a7c7dbb55b03021b108a5',	'2025-04-05 18:36:36.379',	'2025-04-05 18:36:36.379',	NULL,	0,	-100,	0,	'0195f8c4f9ce7176bad146bd21ff5674',	NULL,	'0195f3a7952d79838bb6f248981d49af'),
('019606d0196372379d45baf265c0057e',	'2025-04-05 18:37:03.459',	'2025-04-05 18:37:03.459',	NULL,	0,	-200,	0,	'0195f8c4f9ce7176bad146bd21ff5674',	NULL,	'0195f3a7952d79838bb6f248981d49af'),
('019606d14ef77341adf944866deced1b',	'2025-04-05 18:38:22.711',	'2025-04-05 18:38:22.711',	NULL,	0,	530,	0,	'0195f8c4f9ce7176bad146bd21ff5674',	NULL,	'0195f3a7952d79838bb6f248981d49af'),
('019606d157b273ec885fb8bfc4b88dec',	'2025-04-05 18:38:24.946',	'2025-04-05 18:38:24.946',	NULL,	2,	450,	0,	'0195fd5dcef47edfb673a8d55548bb8d',	NULL,	'0195f3a7952d79838bb6f248981d49af'),
('019606d1a07a73138a1cf19899de65da',	'2025-04-05 18:38:43.578',	'2025-04-05 18:38:43.578',	NULL,	0,	-400,	0,	'0195f8c4f9ce7176bad146bd21ff5674',	NULL,	'0195f3a7952d79838bb6f248981d49af'),
('019606d212f272e494c0bcda34e20199',	'2025-04-05 18:39:12.882',	'2025-04-05 18:39:12.882',	NULL,	0,	-200,	0,	'0195f8c4f9ce7176bad146bd21ff5674',	NULL,	'0195f3a7952d79838bb6f248981d49af'),
('019606d2333e7a3aa6430928ec45feba',	'2025-04-05 18:39:21.151',	'2025-04-05 18:39:21.151',	NULL,	2,	600,	0,	'0195f8c4f9ce7176bad146bd21ff5674',	NULL,	'0195f3a7952d79838bb6f248981d49af'),
('019606d3420f78b693c402285c6ecbae',	'2025-04-05 18:40:30.480',	'2025-04-05 18:40:30.480',	NULL,	0,	1700,	0,	'0195f8c4f9ce7176bad146bd21ff5674',	NULL,	'0195f3a7952d79838bb6f248981d49af'),
('019606d510a97d22a032763147edbd9a',	'2025-04-05 18:42:28.906',	'2025-04-05 18:42:28.906',	NULL,	2,	380,	0,	'0195f8c4f9ce7176bad146bd21ff5674',	NULL,	'0195f3a7952d79838bb6f248981d49af'),
('019606d5dee2751e9c13f2b86612c579',	'2025-04-05 18:43:21.698',	'2025-04-05 18:43:21.698',	NULL,	0,	250,	0,	'0195f8c4f9ce7176bad146bd21ff5674',	NULL,	'0195f3a7952d79838bb6f248981d49af'),
('019606d6957776b79600e07e22274970',	'2025-04-05 18:44:08.440',	'2025-04-05 18:44:08.440',	NULL,	0,	2040,	0,	'0195f8c4f9ce7176bad146bd21ff5674',	NULL,	'0195f3a7952d79838bb6f248981d49af'),
('019606d6ead777b7a548600a8a3ff954',	'2025-04-05 18:44:30.296',	'2025-04-05 18:44:30.296',	NULL,	0,	1060,	0,	'0195f8c4f9ce7176bad146bd21ff5674',	NULL,	'0195f3a7952d79838bb6f248981d49af'),
('019606d82f6e75dc84b36beac7c15818',	'2025-04-05 18:45:53.390',	'2025-04-05 18:45:53.390',	NULL,	0,	910,	0,	'0195f8c4f9ce7176bad146bd21ff5674',	NULL,	'0195f3a7952d79838bb6f248981d49af'),
('019606d8562a7b83b277696115aeec78',	'2025-04-05 18:46:03.307',	'2025-04-05 18:46:03.307',	NULL,	0,	250,	0,	'0195f8c4f9ce7176bad146bd21ff5674',	NULL,	'0195f3a7952d79838bb6f248981d49af'),
('019606d8fc407218b7fee1006d3e4920',	'2025-04-05 18:46:45.824',	'2025-04-05 18:46:45.824',	NULL,	0,	800,	0,	'0195f8c4f9ce7176bad146bd21ff5674',	NULL,	'0195f3a7952d79838bb6f248981d49af'),
('019606d901db7e839d8581b169822962',	'2025-04-05 18:46:47.260',	'2025-04-05 18:46:47.260',	NULL,	0,	530,	0,	'0195f8c4f9ce7176bad146bd21ff5674',	NULL,	'0195f3a7952d79838bb6f248981d49af'),
('019606da0f157c2b8e17e340e83685ac',	'2025-04-05 18:47:56.182',	'2025-04-05 18:47:56.182',	NULL,	0,	530,	0,	'0195f8c4f9ce7176bad146bd21ff5674',	NULL,	'0195f3a7952d79838bb6f248981d49af'),
('019606db1d5b7f16bed3016cfedfb49f',	'2025-04-05 18:49:05.372',	'2025-04-05 18:49:05.372',	NULL,	0,	530,	0,	'0195f8c4f9ce7176bad146bd21ff5674',	NULL,	'0195f3a7952d79838bb6f248981d49af'),
('019606db337071968fef7a8a26e4960b',	'2025-04-05 18:49:11.024',	'2025-04-05 18:49:11.024',	NULL,	0,	530,	0,	'0195f8c4f9ce7176bad146bd21ff5674',	NULL,	'0195f3a7952d79838bb6f248981d49af'),
('019606dcbf887492966faba684024537',	'2025-04-05 18:50:52.424',	'2025-04-05 18:50:52.424',	NULL,	0,	480,	0,	'0195f8c4f9ce7176bad146bd21ff5674',	NULL,	'0195f3a7952d79838bb6f248981d49af'),
('019606ddb7b07ba5a6895f962e938dfd',	'2025-04-05 18:51:55.953',	'2025-04-05 18:51:55.953',	NULL,	2,	530,	0,	'0195f8c4f9ce7176bad146bd21ff5674',	NULL,	'0195f3a7952d79838bb6f248981d49af'),
('019606ddcb8d755ba3a83222352a6e1e',	'2025-04-05 18:52:01.037',	'2025-04-05 18:52:01.037',	NULL,	0,	400,	0,	'0195f8c4f9ce7176bad146bd21ff5674',	NULL,	'0195f3a7952d79838bb6f248981d49af'),
('019606ddd97877c69fe5d610c0c762b5',	'2025-04-05 18:52:04.601',	'2025-04-05 18:52:04.601',	NULL,	0,	-100,	0,	'0195f8c4f9ce7176bad146bd21ff5674',	NULL,	'0195f3a7952d79838bb6f248981d49af'),
('019606de590874b8968779b19a225274',	'2025-04-05 18:52:37.256',	'2025-04-05 18:52:37.256',	NULL,	0,	300,	0,	'0195f8c4f9ce7176bad146bd21ff5674',	NULL,	'0195f3a7952d79838bb6f248981d49af'),
('019606de7dc2751dab408333cfc28a3e',	'2025-04-05 18:52:46.658',	'2025-04-05 18:52:46.658',	NULL,	2,	200,	0,	'0195f8c4f9ce7176bad146bd21ff5674',	NULL,	'0195f3a7952d79838bb6f248981d49af'),
('019606e00b4a76d4a105eca38fde0039',	'2025-04-05 18:54:28.427',	'2025-04-05 18:54:28.427',	NULL,	2,	430,	0,	'0195f8c4f9ce7176bad146bd21ff5674',	NULL,	'0195f3a7952d79838bb6f248981d49af'),
('019606e0e5347565a11592394c58823f',	'2025-04-05 18:55:24.212',	'2025-04-05 18:55:24.212',	NULL,	0,	380,	0,	'0195f8c4f9ce7176bad146bd21ff5674',	NULL,	'0195f3a7952d79838bb6f248981d49af'),
('019606e19c0d735191225a4427979abc',	'2025-04-05 18:56:11.021',	'2025-04-05 18:56:11.021',	NULL,	0,	1400,	0,	'0195f8c4f9ce7176bad146bd21ff5674',	NULL,	'0195f3a7952d79838bb6f248981d49af'),
('019606e1bb577ce1ae1a2dbb0a92cd14',	'2025-04-05 18:56:19.032',	'2025-04-05 18:56:19.032',	NULL,	0,	400,	0,	'0195f8c4f9ce7176bad146bd21ff5674',	NULL,	'0195f3a7952d79838bb6f248981d49af'),
('019606e251bb77d59868bfc4a7f57286',	'2025-04-05 18:56:57.532',	'2025-04-05 18:56:57.532',	NULL,	2,	430,	0,	'0195f8c4f9ce7176bad146bd21ff5674',	NULL,	'0195f3a7952d79838bb6f248981d49af'),
('019606e34ae07d31ae6bae0f915cfdc9',	'2025-04-05 18:58:01.313',	'2025-04-05 18:58:01.313',	NULL,	0,	300,	0,	'0195f8c4f9ce7176bad146bd21ff5674',	NULL,	'0195f3a7952d79838bb6f248981d49af'),
('019606e4d3387b7dac8bb71b2d694754',	'2025-04-05 18:59:41.753',	'2025-04-05 18:59:41.753',	NULL,	0,	350,	0,	'0195f8c4f9ce7176bad146bd21ff5674',	NULL,	'0195f3a7952d79838bb6f248981d49af'),
('019606e587cb7589a9c91ead539b57a7',	'2025-04-05 19:00:27.979',	'2025-04-05 19:00:27.979',	NULL,	0,	1050,	0,	'0195f8c4f9ce7176bad146bd21ff5674',	NULL,	'0195f3a7952d79838bb6f248981d49af'),
('019606e6ac9e709db6ecd4cd8a6371ad',	'2025-04-05 19:01:42.942',	'2025-04-05 19:01:42.942',	NULL,	0,	480,	0,	'0195f8c4f9ce7176bad146bd21ff5674',	NULL,	'0195f3a7952d79838bb6f248981d49af'),
('019606e6d52477fdb72d854438d52a5e',	'2025-04-05 19:01:53.317',	'2025-04-05 19:01:53.317',	NULL,	0,	500,	0,	'0195f8c4f9ce7176bad146bd21ff5674',	NULL,	'0195f3a7952d79838bb6f248981d49af'),
('019606e7c8bd75059300d93c997339ca',	'2025-04-05 19:02:55.677',	'2025-04-05 19:02:55.677',	NULL,	0,	1390,	0,	'0195f8c4f9ce7176bad146bd21ff5674',	NULL,	'0195f3a7952d79838bb6f248981d49af'),
('019606e7eeac7d80a348e2bdee18a66b',	'2025-04-05 19:03:05.389',	'2025-04-05 19:03:05.389',	NULL,	2,	430,	0,	'0195f8c4f9ce7176bad146bd21ff5674',	NULL,	'0195f3a7952d79838bb6f248981d49af'),
('019606e91b4e78099a13dfa091304cb9',	'2025-04-05 19:04:22.351',	'2025-04-05 19:04:22.351',	NULL,	0,	1000,	0,	'0195f8c4f9ce7176bad146bd21ff5674',	NULL,	'0195f3a7952d79838bb6f248981d49af'),
('019606e962d179c4a745a82285a76e43',	'2025-04-05 19:04:40.658',	'2025-04-05 19:04:40.658',	NULL,	0,	380,	0,	'0195f8c4f9ce7176bad146bd21ff5674',	NULL,	'0195f3a7952d79838bb6f248981d49af'),
('019606e980067b51973a24b8ac22a150',	'2025-04-05 19:04:48.135',	'2025-04-05 19:04:48.135',	NULL,	0,	-100,	0,	'0195fd5dcef47edfb673a8d55548bb8d',	NULL,	'0195f3a7952d79838bb6f248981d49af'),
('019606eade45740a9c5947d20e19c731',	'2025-04-05 19:06:17.797',	'2025-04-05 19:06:17.797',	NULL,	0,	500,	0,	'0195f8c4f9ce7176bad146bd21ff5674',	NULL,	'0195f3a7952d79838bb6f248981d49af'),
('019606eae2937a2cbda24bb3ee848131',	'2025-04-05 19:06:18.900',	'2025-04-05 19:06:18.900',	NULL,	0,	860,	0,	'0195f8c4f9ce7176bad146bd21ff5674',	NULL,	'0195f3a7952d79838bb6f248981d49af'),
('019606eb3ab976ecaa7b939c9f1ff662',	'2025-04-05 19:06:41.466',	'2025-04-05 19:06:41.466',	NULL,	0,	500,	0,	'0195f8c4f9ce7176bad146bd21ff5674',	NULL,	'0195f3a7952d79838bb6f248981d49af'),
('019606eba17b79b89c18822612fd150a',	'2025-04-05 19:07:07.772',	'2025-04-05 19:07:07.772',	NULL,	0,	430,	0,	'0195f8c4f9ce7176bad146bd21ff5674',	NULL,	'0195f3a7952d79838bb6f248981d49af'),
('019606ed1abb77bea9d14b5aa0c633db',	'2025-04-05 19:08:44.348',	'2025-04-05 19:08:44.348',	NULL,	0,	430,	0,	'0195f8c4f9ce7176bad146bd21ff5674',	NULL,	'0195f3a7952d79838bb6f248981d49af'),
('019606ed342e729ab3ec6dc5b37ddb5b',	'2025-04-05 19:08:50.862',	'2025-04-05 19:08:50.879',	NULL,	1,	430,	430,	'0195f8c4f9ce7176bad146bd21ff5674',	'0196045bc3e672eeb38280e33cf3f455',	'0195f3a7952d79838bb6f248981d49af'),
('019606ed7a48778e9525857945673e1f',	'2025-04-05 19:09:08.809',	'2025-04-05 19:09:08.809',	NULL,	0,	1720,	0,	'0195fd5dcef47edfb673a8d55548bb8d',	NULL,	'0195f3a7952d79838bb6f248981d49af'),
('019606edb219764c9298bd90dde19a64',	'2025-04-05 19:09:23.098',	'2025-04-05 19:09:23.098',	NULL,	0,	300,	0,	'0195f8c4f9ce7176bad146bd21ff5674',	NULL,	'0195f3a7952d79838bb6f248981d49af'),
('019606ee119c7ce58e55e7f5b3b9acc0',	'2025-04-05 19:09:47.549',	'2025-04-05 19:09:47.549',	NULL,	0,	680,	0,	'0195f8c4f9ce7176bad146bd21ff5674',	NULL,	'0195f3a7952d79838bb6f248981d49af'),
('019606ee2b83733493bfa0fe89810639',	'2025-04-05 19:09:54.179',	'2025-04-05 19:09:54.179',	NULL,	0,	630,	0,	'0195f8c4f9ce7176bad146bd21ff5674',	NULL,	'0195f3a7952d79838bb6f248981d49af'),
('019606efc28875d69dfbcdd1bd2094c7',	'2025-04-05 19:11:38.376',	'2025-04-05 19:11:38.376',	NULL,	0,	400,	0,	'0195f8c4f9ce7176bad146bd21ff5674',	NULL,	'0195f3a7952d79838bb6f248981d49af'),
('019606f137df782587f98c243d4c7012',	'2025-04-05 19:13:13.952',	'2025-04-05 19:13:13.952',	NULL,	0,	530,	0,	'0195f8c4f9ce7176bad146bd21ff5674',	NULL,	'0195f3a7952d79838bb6f248981d49af'),
('019606f19cb974a79f68058efba03fbd',	'2025-04-05 19:13:39.769',	'2025-04-05 19:13:39.769',	NULL,	0,	1290,	0,	'0195f8c4f9ce7176bad146bd21ff5674',	NULL,	'0195f3a7952d79838bb6f248981d49af'),
('019606f2a20b7c6fadefecc10acb4076',	'2025-04-05 19:14:46.668',	'2025-04-05 19:14:46.668',	NULL,	0,	500,	0,	'0195f8c4f9ce7176bad146bd21ff5674',	NULL,	'0195f3a7952d79838bb6f248981d49af'),
('019606f3e5007bb0b4b3f765279b3f7b',	'2025-04-05 19:16:09.345',	'2025-04-05 19:16:09.345',	NULL,	0,	760,	0,	'0195f8c4f9ce7176bad146bd21ff5674',	NULL,	'0195f3a7952d79838bb6f248981d49af'),
('019606f4e5d87207b3737b4ec6be8e46',	'2025-04-05 19:17:15.096',	'2025-04-05 19:17:15.096',	NULL,	0,	1240,	0,	'0195f8c4f9ce7176bad146bd21ff5674',	NULL,	'0195f3a7952d79838bb6f248981d49af'),
('019606f619e177d1b990e8de0394395e',	'2025-04-05 19:18:33.954',	'2025-04-05 19:18:33.954',	NULL,	0,	430,	0,	'0195f8c4f9ce7176bad146bd21ff5674',	NULL,	'0195f3a7952d79838bb6f248981d49af'),
('019606f71b607258b704442347ae411b',	'2025-04-05 19:19:39.872',	'2025-04-05 19:19:39.872',	NULL,	0,	430,	0,	'0195f8c4f9ce7176bad146bd21ff5674',	NULL,	'0195f3a7952d79838bb6f248981d49af'),
('019606f754b67bcc99d2557d550d6404',	'2025-04-05 19:19:54.551',	'2025-04-05 19:19:54.551',	NULL,	0,	1290,	0,	'0195f8c4f9ce7176bad146bd21ff5674',	NULL,	'0195f3a7952d79838bb6f248981d49af'),
('019606f7d9f876f2bac3a4cb638c248b',	'2025-04-05 19:20:28.665',	'2025-04-05 19:20:28.672',	NULL,	1,	860,	860,	'0195f8c4f9ce7176bad146bd21ff5674',	'0196045bc3e672eeb38280e33cf3f455',	'0195f3a7952d79838bb6f248981d49af'),
('019606f8193c755bb928e85b6fe2185e',	'2025-04-05 19:20:44.860',	'2025-04-05 19:20:44.860',	NULL,	0,	-100,	0,	'0195f8c4f9ce7176bad146bd21ff5674',	NULL,	'0195f3a7952d79838bb6f248981d49af'),
('019606f825f1780880af7e10712d78ce',	'2025-04-05 19:20:48.114',	'2025-04-05 19:20:48.114',	NULL,	0,	-100,	0,	'0195f8c4f9ce7176bad146bd21ff5674',	NULL,	'0195f3a7952d79838bb6f248981d49af'),
('019606f9fb1a70308bf347c00d4a39f4',	'2025-04-05 19:22:48.218',	'2025-04-05 19:22:48.218',	NULL,	0,	400,	0,	'0195f8c4f9ce7176bad146bd21ff5674',	NULL,	'0195f3a7952d79838bb6f248981d49af'),
('019606fa20c576679e94317012df757c',	'2025-04-05 19:22:57.862',	'2025-04-05 19:22:57.862',	NULL,	2,	430,	0,	'0195f8c4f9ce7176bad146bd21ff5674',	NULL,	'0195f3a7952d79838bb6f248981d49af'),
('019606faf9397d7fb2a8769a89f5532c',	'2025-04-05 19:23:53.274',	'2025-04-05 19:23:53.274',	NULL,	0,	600,	0,	'0195f8c4f9ce7176bad146bd21ff5674',	NULL,	'0195f3a7952d79838bb6f248981d49af'),
('019606fc911b7f22a1d09802f55dc5a9',	'2025-04-05 19:25:37.692',	'2025-04-05 19:25:37.692',	NULL,	2,	300,	0,	'0195f8c4f9ce7176bad146bd21ff5674',	NULL,	'0195f3a7952d79838bb6f248981d49af'),
('019606fd6d0a7004b5c14824829fab5f',	'2025-04-05 19:26:33.994',	'2025-04-05 19:26:33.994',	NULL,	2,	430,	0,	'0195f8c4f9ce7176bad146bd21ff5674',	NULL,	'0195f3a7952d79838bb6f248981d49af'),
('019606fe264872f2b64b610f336b68a6',	'2025-04-05 19:27:21.416',	'2025-04-05 19:27:21.416',	NULL,	0,	1900,	0,	'0195f8c4f9ce7176bad146bd21ff5674',	NULL,	'0195f3a7952d79838bb6f248981d49af'),
('019606feda28757396be36d1b4fb944b',	'2025-04-05 19:28:07.464',	'2025-04-05 19:28:07.464',	NULL,	0,	430,	0,	'0195f8c4f9ce7176bad146bd21ff5674',	NULL,	'0195f3a7952d79838bb6f248981d49af'),
('01960700e0927bfcb753d619bc66f6a4',	'2025-04-05 19:30:20.179',	'2025-04-05 19:30:20.179',	NULL,	0,	1260,	0,	'0195f8c4f9ce7176bad146bd21ff5674',	NULL,	'0195f3a7952d79838bb6f248981d49af'),
('01960705ef1971a7884e480b7052f826',	'2025-04-05 19:35:51.577',	'2025-04-05 19:35:51.577',	NULL,	0,	200,	0,	'0195f8c4f9ce7176bad146bd21ff5674',	NULL,	'0195f3a7952d79838bb6f248981d49af'),
('01960706153974638791913fbaf9aee2',	'2025-04-05 19:36:01.337',	'2025-04-05 19:36:01.337',	NULL,	2,	430,	0,	'0195f8c4f9ce7176bad146bd21ff5674',	NULL,	'0195f3a7952d79838bb6f248981d49af'),
('0196070c3f0d77fc9d3b76aa5bf09e37',	'2025-04-05 19:42:45.262',	'2025-04-05 19:42:45.262',	NULL,	0,	890,	0,	'0195f8c4f9ce7176bad146bd21ff5674',	NULL,	'0195f3a7952d79838bb6f248981d49af'),
('0196070c5fb577359e63e89f2ef30234',	'2025-04-05 19:42:53.622',	'2025-04-05 19:42:53.622',	NULL,	0,	380,	0,	'0195f8c4f9ce7176bad146bd21ff5674',	NULL,	'0195f3a7952d79838bb6f248981d49af'),
('0196070eaf6a72c1acdcc510188c2e06',	'2025-04-05 19:45:25.098',	'2025-04-05 19:45:25.098',	NULL,	0,	380,	0,	'0195f8c4f9ce7176bad146bd21ff5674',	NULL,	'0195f3a7952d79838bb6f248981d49af'),
('0196071066577090abed562de4323418',	'2025-04-05 19:47:17.463',	'2025-04-05 19:47:17.463',	NULL,	0,	860,	0,	'0195f8c4f9ce7176bad146bd21ff5674',	NULL,	'0195f3a7952d79838bb6f248981d49af'),
('0196071140bd7153b963e222d28f4c34',	'2025-04-05 19:48:13.373',	'2025-04-05 19:48:13.373',	NULL,	0,	430,	0,	'0195f8c4f9ce7176bad146bd21ff5674',	NULL,	'0195f3a7952d79838bb6f248981d49af'),
('0196071ad6157ab9a7fc15053c592e5c',	'2025-04-05 19:58:41.430',	'2025-04-05 19:58:41.430',	NULL,	0,	860,	0,	'0195f8c4f9ce7176bad146bd21ff5674',	NULL,	'0195f3a7952d79838bb6f248981d49af'),
('0196071af50171798f8ec862d430a220',	'2025-04-05 19:58:49.345',	'2025-04-05 19:58:49.345',	NULL,	0,	200,	0,	'0195f8c4f9ce7176bad146bd21ff5674',	NULL,	'0195f3a7952d79838bb6f248981d49af'),
('0196071f5c0a78d78a060f59a9f9868e',	'2025-04-05 20:03:37.867',	'2025-04-05 20:03:37.867',	NULL,	0,	800,	0,	'0195f8c4f9ce7176bad146bd21ff5674',	NULL,	'0195f3a7952d79838bb6f248981d49af'),
('01960720d51677358f476f2bc3f58e87',	'2025-04-05 20:05:14.391',	'2025-04-05 20:05:14.391',	NULL,	0,	430,	0,	'0195f8c4f9ce7176bad146bd21ff5674',	NULL,	'0195f3a7952d79838bb6f248981d49af'),
('0196072b9efc799d889824ccdce4ec4a',	'2025-04-05 20:17:01.437',	'2025-04-05 20:17:01.446',	NULL,	1,	1240,	1240,	'0195f8c4f9ce7176bad146bd21ff5674',	'0196045bc3e672eeb38280e33cf3f455',	'0195f3a7952d79838bb6f248981d49af'),
('019607324aee7ad4a031f102b1df848a',	'2025-04-05 20:24:18.671',	'2025-04-05 20:24:18.671',	NULL,	0,	-100,	0,	'0195f8c4f9ce7176bad146bd21ff5674',	NULL,	'0195f3a7952d79838bb6f248981d49af'),
('019607365c2272df9d9a1f8b0d631a7e',	'2025-04-05 20:28:45.218',	'2025-04-05 20:28:45.218',	NULL,	0,	2450,	0,	'0195f8c4f9ce7176bad146bd21ff5674',	NULL,	'0195f3a7952d79838bb6f248981d49af'),
('01960739f8f37e35996dc08292f4a9e6',	'2025-04-05 20:32:41.972',	'2025-04-05 20:32:41.972',	NULL,	0,	860,	0,	'0195f8c4f9ce7176bad146bd21ff5674',	NULL,	'0195f3a7952d79838bb6f248981d49af'),
('019607411e8d7d969efc6ee5311bf9d0',	'2025-04-05 20:40:30.350',	'2025-04-05 20:40:30.350',	NULL,	0,	2450,	0,	'0195f8c4f9ce7176bad146bd21ff5674',	NULL,	'0195f3a7952d79838bb6f248981d49af'),
('01960743f8d27da5ac04acc08859b29a',	'2025-04-05 20:43:37.299',	'2025-04-05 20:43:37.299',	NULL,	0,	1400,	0,	'0195f8c4f9ce7176bad146bd21ff5674',	NULL,	'0195f3a7952d79838bb6f248981d49af'),
('01960744cf6e7b17ba4a5a1af664fe60',	'2025-04-05 20:44:32.239',	'2025-04-05 20:44:32.239',	NULL,	0,	1290,	0,	'0195f8c4f9ce7176bad146bd21ff5674',	NULL,	'0195f3a7952d79838bb6f248981d49af'),
('0196074a8e087b219d5f9f39fbed65a2',	'2025-04-05 20:50:48.713',	'2025-04-05 20:50:48.713',	NULL,	0,	300,	0,	'0195f8c4f9ce7176bad146bd21ff5674',	NULL,	'0195f3a7952d79838bb6f248981d49af'),
('0196074deb617ba49b882ff9c9120d29',	'2025-04-05 20:54:29.218',	'2025-04-05 20:54:29.218',	NULL,	0,	2450,	0,	'0195f8c4f9ce7176bad146bd21ff5674',	NULL,	'0195f3a7952d79838bb6f248981d49af'),
('0196074ed0a97140a8ca492b1409ea0b',	'2025-04-05 20:55:27.913',	'2025-04-05 20:55:27.913',	NULL,	2,	860,	0,	'0195f8c4f9ce7176bad146bd21ff5674',	NULL,	'0195f3a7952d79838bb6f248981d49af'),
('019607502aeb706a917d82522a7b7d4f',	'2025-04-05 20:56:56.555',	'2025-04-05 20:56:56.561',	NULL,	1,	760,	760,	'0195f8c4f9ce7176bad146bd21ff5674',	'01960459cbc8797daeed6fa1ec0fb685',	'0195f3a7952d79838bb6f248981d49af'),
('0196075c484a7914810dfb55b36dc428',	'2025-04-05 21:10:10.507',	'2025-04-05 21:10:10.507',	NULL,	0,	2400,	0,	'0195f8c4f9ce7176bad146bd21ff5674',	NULL,	'0195f3a7952d79838bb6f248981d49af'),
('0196075cde2778908c3de678ed7bcd65',	'2025-04-05 21:10:48.872',	'2025-04-05 21:10:48.872',	NULL,	2,	860,	0,	'0195f8c4f9ce7176bad146bd21ff5674',	NULL,	'0195f3a7952d79838bb6f248981d49af'),
('0196075fd8ca769aa398d637675df749',	'2025-04-05 21:14:04.107',	'2025-04-05 21:14:04.107',	NULL,	0,	1500,	0,	'0195f8c4f9ce7176bad146bd21ff5674',	NULL,	'0195f3a7952d79838bb6f248981d49af'),
('01960768b0077cc1977f1469dda613d1',	'2025-04-05 21:23:43.496',	'2025-04-05 21:23:43.496',	NULL,	0,	2800,	0,	'0195f8c4f9ce7176bad146bd21ff5674',	NULL,	'0195f3a7952d79838bb6f248981d49af'),
('01960770df3272dca963d27117731cfa',	'2025-04-05 21:32:39.858',	'2025-04-05 21:32:39.858',	NULL,	0,	1290,	0,	'0195f8c4f9ce7176bad146bd21ff5674',	NULL,	'0195f3a7952d79838bb6f248981d49af'),
('01960772128b7855addd96fac0e6ddc3',	'2025-04-05 21:33:58.540',	'2025-04-05 21:33:58.540',	NULL,	0,	2180,	0,	'0195f8c4f9ce7176bad146bd21ff5674',	NULL,	'0195f3a7952d79838bb6f248981d49af'),
('01960775f8bb7b328673cb0a99085dad',	'2025-04-05 21:38:14.076',	'2025-04-05 21:38:14.087',	NULL,	1,	2180,	2180,	'0195f8c4f9ce7176bad146bd21ff5674',	'0196045bc3e672eeb38280e33cf3f455',	'0195f3a7952d79838bb6f248981d49af'),
('0196077c2ca37138a6b04447ab1212f9',	'2025-04-05 21:45:00.579',	'2025-04-05 21:45:00.586',	NULL,	1,	730,	730,	'0195f8c4f9ce7176bad146bd21ff5674',	'0196045bc3e672eeb38280e33cf3f455',	'0195f3a7952d79838bb6f248981d49af'),
('0196077fe3177263aab1c0f04c2c618e',	'2025-04-05 21:49:03.895',	'2025-04-05 21:49:03.895',	NULL,	0,	2400,	0,	'0195f8c4f9ce7176bad146bd21ff5674',	NULL,	'0195f3a7952d79838bb6f248981d49af'),
('019607846f567d958acc649084bc7f87',	'2025-04-05 21:54:01.943',	'2025-04-05 21:54:01.943',	NULL,	2,	430,	0,	'0195f8c4f9ce7176bad146bd21ff5674',	NULL,	'0195f3a7952d79838bb6f248981d49af'),
('0196078576dc77dc8d702b449c3cbe33',	'2025-04-05 21:55:09.405',	'2025-04-05 21:55:09.405',	NULL,	2,	230,	0,	'0195f8c4f9ce7176bad146bd21ff5674',	NULL,	'0195f3a7952d79838bb6f248981d49af'),
('019607862e647addbc406b4998f1d301',	'2025-04-05 21:55:56.389',	'2025-04-05 21:55:56.389',	NULL,	2,	430,	0,	'0195f8c4f9ce7176bad146bd21ff5674',	NULL,	'0195f3a7952d79838bb6f248981d49af'),
('01960787cdf17bf8bb4c87b6341bbeb4',	'2025-04-05 21:57:42.770',	'2025-04-05 21:57:42.770',	NULL,	0,	2800,	0,	'0195f8c4f9ce7176bad146bd21ff5674',	NULL,	'0195f3a7952d79838bb6f248981d49af'),
('0196078baf087e349005e81a4879fe1e',	'2025-04-05 22:01:57.001',	'2025-04-05 22:01:57.001',	NULL,	0,	1050,	0,	'0195f8c4f9ce7176bad146bd21ff5674',	NULL,	'0195f3a7952d79838bb6f248981d49af'),
('0196078d9b9a75deaa995a9cc92647b7',	'2025-04-05 22:04:03.098',	'2025-04-05 22:04:03.098',	NULL,	0,	810,	0,	'0195f8c4f9ce7176bad146bd21ff5674',	NULL,	'0195f3a7952d79838bb6f248981d49af'),
('0196079463da73c3ae7047b8a9772043',	'2025-04-05 22:11:27.578',	'2025-04-05 22:11:27.578',	NULL,	0,	2100,	0,	'0195f8c4f9ce7176bad146bd21ff5674',	NULL,	'0195f3a7952d79838bb6f248981d49af'),
('019607a4b9937befa01d57e2b62d1799',	'2025-04-05 22:29:18.100',	'2025-04-05 22:29:18.100',	NULL,	0,	700,	0,	'0195f8c4f9ce7176bad146bd21ff5674',	NULL,	'0195f3a7952d79838bb6f248981d49af'),
('019607a4ef787b25a675a725f2d37749',	'2025-04-05 22:29:31.897',	'2025-04-05 22:29:31.897',	NULL,	0,	2050,	0,	'0195f8c4f9ce7176bad146bd21ff5674',	NULL,	'0195f3a7952d79838bb6f248981d49af'),
('019607a51a7373c79cf4a5aadbe93473',	'2025-04-05 22:29:42.899',	'2025-04-05 22:29:42.906',	NULL,	1,	2050,	2050,	'0195f8c4f9ce7176bad146bd21ff5674',	'0196045bc3e672eeb38280e33cf3f455',	'0195f3a7952d79838bb6f248981d49af'),
('019607a848fe7945a1f9341a676efc3e',	'2025-04-05 22:33:11.424',	'2025-04-05 22:33:11.449',	NULL,	1,	2000,	2000,	'0195f8c4f9ce7176bad146bd21ff5674',	'01960459cbc8797daeed6fa1ec0fb685',	'0195f3a7952d79838bb6f248981d49af'),
('019607a8fdc27cb39de337f7ccc29cd2',	'2025-04-05 22:33:57.699',	'2025-04-05 22:33:57.708',	NULL,	1,	180,	180,	'0195f8c4f9ce7176bad146bd21ff5674',	'01960459cbc8797daeed6fa1ec0fb685',	'0195f3a7952d79838bb6f248981d49af'),
('019607bab0887c8b8e4fa743173f4373',	'2025-04-05 22:53:17.577',	'2025-04-05 22:53:17.583',	NULL,	1,	760,	760,	'0195f8c4f9ce7176bad146bd21ff5674',	'0196045bc3e672eeb38280e33cf3f455',	'0195f3a7952d79838bb6f248981d49af'),
('019607bce775767b80646ed4bb96c3ec',	'2025-04-05 22:55:42.710',	'2025-04-05 22:55:42.717',	NULL,	1,	810,	810,	'0195f8c4f9ce7176bad146bd21ff5674',	'01960459cbc8797daeed6fa1ec0fb685',	'0195f3a7952d79838bb6f248981d49af'),
('019607cef5227ce3867fcc3e85811f22',	'2025-04-05 23:15:25.859',	'2025-04-05 23:15:25.859',	NULL,	2,	900,	0,	'0195f8c4f9ce7176bad146bd21ff5674',	NULL,	'0195f3a7952d79838bb6f248981d49af'),
('019607cfaf5e715484427b7ccecd4ed9',	'2025-04-05 23:16:13.534',	'2025-04-05 23:16:13.534',	NULL,	0,	1190,	0,	'0195f8c4f9ce7176bad146bd21ff5674',	NULL,	'0195f3a7952d79838bb6f248981d49af'),
('019607d42c6c7e77923b527f1f922415',	'2025-04-05 23:21:07.693',	'2025-04-05 23:21:07.693',	NULL,	0,	1200,	0,	'0195f8c4f9ce7176bad146bd21ff5674',	NULL,	'0195f3a7952d79838bb6f248981d49af'),
('01964dfb53ab71d2b4d7cc99ba36b2f3',	'2025-04-19 14:17:18.763',	'2025-04-19 14:17:18.763',	NULL,	0,	250,	0,	'0195f8c4f9ce7176bad146bd21ff5674',	NULL,	'0195f3a7952d79838bb6f248981d49af'),
('01964e0470cc7b2ba48962c4a24b9129',	'2025-04-19 14:27:16.045',	'2025-04-19 14:27:16.045',	NULL,	0,	300,	0,	'0195f8c4f9ce7176bad146bd21ff5674',	NULL,	'0195f3a7952d79838bb6f248981d49af'),
('01964e05d3497615a60194851606e55d',	'2025-04-19 14:28:46.793',	'2025-04-19 14:28:46.793',	NULL,	0,	400,	0,	'0195f8c4f9ce7176bad146bd21ff5674',	NULL,	'0195f3a7952d79838bb6f248981d49af'),
('01964e0fd1bd705b92bd5810160fbc95',	'2025-04-19 14:39:41.757',	'2025-04-19 14:39:41.757',	NULL,	0,	500,	0,	'0195f8c4f9ce7176bad146bd21ff5674',	NULL,	'0195f3a7952d79838bb6f248981d49af'),
('01964e116a567d9382b08818db0ac773',	'2025-04-19 14:41:26.359',	'2025-04-19 14:41:26.359',	NULL,	0,	100,	0,	'0195f8c4f9ce7176bad146bd21ff5674',	NULL,	'0195f3a7952d79838bb6f248981d49af'),
('01964e13031378efb12f3f31f809e93e',	'2025-04-19 14:43:10.996',	'2025-04-19 14:43:10.996',	NULL,	0,	600,	0,	'0195f8c4f9ce7176bad146bd21ff5674',	NULL,	'0195f3a7952d79838bb6f248981d49af'),
('01964e133093755ea0c14d9770aea3d9',	'2025-04-19 14:43:22.643',	'2025-04-19 14:43:22.643',	NULL,	0,	-100,	0,	'0195f8c4f9ce7176bad146bd21ff5674',	NULL,	'0195f3a7952d79838bb6f248981d49af'),
('01964e1389eb7dffba2dc9e1947ba277',	'2025-04-19 14:43:45.516',	'2025-04-19 14:43:45.516',	NULL,	2,	400,	0,	'0195f8c4f9ce7176bad146bd21ff5674',	NULL,	'0195f3a7952d79838bb6f248981d49af'),
('01964e1549e37cd5b8a038fb640f3eda',	'2025-04-19 14:45:40.196',	'2025-04-19 14:45:40.196',	NULL,	0,	2120,	0,	'0195f8c4f9ce7176bad146bd21ff5674',	NULL,	'0195f3a7952d79838bb6f248981d49af'),
('01964e224f4c72caa90f968b8d926536',	'2025-04-19 14:59:53.548',	'2025-04-19 14:59:53.548',	NULL,	0,	400,	0,	'0195f8c4f9ce7176bad146bd21ff5674',	NULL,	'0195f3a7952d79838bb6f248981d49af'),
('01964e23510b7b93b81a7b97d38ce262',	'2025-04-19 15:00:59.532',	'2025-04-19 15:00:59.532',	NULL,	2,	430,	0,	'0195f8c4f9ce7176bad146bd21ff5674',	NULL,	'0195f3a7952d79838bb6f248981d49af'),
('01964e237b58718792a18f94b1e9b14d',	'2025-04-19 15:01:10.360',	'2025-04-19 15:01:10.360',	NULL,	2,	300,	0,	'0195f8c4f9ce7176bad146bd21ff5674',	NULL,	'0195f3a7952d79838bb6f248981d49af'),
('01964e27e8a07046928d9c6230108f63',	'2025-04-19 15:06:00.480',	'2025-04-19 15:06:00.480',	NULL,	0,	350,	0,	'0195f8c4f9ce7176bad146bd21ff5674',	NULL,	'0195f3a7952d79838bb6f248981d49af'),
('01964e2b70a57aa2b3c0163aef6cb7ef',	'2025-04-19 15:09:51.910',	'2025-04-19 15:09:51.910',	NULL,	0,	1000,	0,	'0195f8c4f9ce7176bad146bd21ff5674',	NULL,	'0195f3a7952d79838bb6f248981d49af'),
('01964e2c39eb7017944a52fa8da84207',	'2025-04-19 15:10:43.435',	'2025-04-19 15:10:43.435',	NULL,	2,	300,	0,	'0195f8c4f9ce7176bad146bd21ff5674',	NULL,	'0195f3a7952d79838bb6f248981d49af'),
('01964e2d22ca784eb84838403842d7bd',	'2025-04-19 15:11:43.051',	'2025-04-19 15:11:43.051',	NULL,	2,	1590,	0,	'0195f8c4f9ce7176bad146bd21ff5674',	NULL,	'0195f3a7952d79838bb6f248981d49af'),
('01964e2d2d3971b8af835cc61caa0cac',	'2025-04-19 15:11:45.721',	'2025-04-19 15:11:45.721',	NULL,	0,	700,	0,	'0195f8c4f9ce7176bad146bd21ff5674',	NULL,	'0195f3a7952d79838bb6f248981d49af'),
('01964e2de9027c6fb411b0bed1528b8e',	'2025-04-19 15:12:33.795',	'2025-04-19 15:12:33.795',	NULL,	0,	450,	0,	'0195f8c4f9ce7176bad146bd21ff5674',	NULL,	'0195f3a7952d79838bb6f248981d49af'),
('01964e317d46762aae54e9c0145cce30',	'2025-04-19 15:16:28.359',	'2025-04-19 15:16:28.359',	NULL,	0,	700,	0,	'0195f8c4f9ce7176bad146bd21ff5674',	NULL,	'0195f3a7952d79838bb6f248981d49af'),
('01964e32a12371efb53c5ea6ff1d0a4a',	'2025-04-19 15:17:43.075',	'2025-04-19 15:17:43.075',	NULL,	2,	430,	0,	'0195f8c4f9ce7176bad146bd21ff5674',	NULL,	'0195f3a7952d79838bb6f248981d49af'),
('01964e335ed27c1eb3551a1ba513f005',	'2025-04-19 15:18:31.635',	'2025-04-19 15:18:31.635',	NULL,	0,	600,	0,	'0195f8c4f9ce7176bad146bd21ff5674',	NULL,	'0195f3a7952d79838bb6f248981d49af'),
('01964e35c06a76f28a8c3091caf9fa66',	'2025-04-19 15:21:07.691',	'2025-04-19 15:21:07.691',	NULL,	3,	600,	0,	'0195f8c4f9ce7176bad146bd21ff5674',	NULL,	'0195f3a7952d79838bb6f248981d49af'),
('01964e3895f37f1fb449bb2be2a4cd7e',	'2025-04-19 15:24:13.428',	'2025-04-19 15:24:13.428',	NULL,	0,	650,	0,	'0195f8c4f9ce7176bad146bd21ff5674',	NULL,	'0195f3a7952d79838bb6f248981d49af'),
('01964e3a5ccb791ea6b7641cbd9ea742',	'2025-04-19 15:26:09.868',	'2025-04-19 15:26:09.868',	NULL,	0,	1300,	0,	'0195f8c4f9ce7176bad146bd21ff5674',	NULL,	'0195f3a7952d79838bb6f248981d49af'),
('01964e3a79b675c68db56b95bef3a9dc',	'2025-04-19 15:26:17.270',	'2025-04-19 15:26:17.270',	NULL,	0,	530,	0,	'0195f8c4f9ce7176bad146bd21ff5674',	NULL,	'0195f3a7952d79838bb6f248981d49af'),
('01964e3b810b7f2696dab52dbe706fb0',	'2025-04-19 15:27:24.684',	'2025-04-19 15:27:24.684',	NULL,	2,	430,	0,	'0195f8c4f9ce7176bad146bd21ff5674',	NULL,	'0195f3a7952d79838bb6f248981d49af'),
('01964e3c454c732090af91d788bfde43',	'2025-04-19 15:28:14.924',	'2025-04-19 15:28:14.924',	NULL,	0,	450,	0,	'0195f8c4f9ce7176bad146bd21ff5674',	NULL,	'0195f3a7952d79838bb6f248981d49af'),
('01964e4999f67547b9164b73a78b665a',	'2025-04-19 15:42:48.566',	'2025-04-19 15:42:48.566',	NULL,	2,	600,	0,	'0195f8c4f9ce7176bad146bd21ff5674',	NULL,	'0195f3a7952d79838bb6f248981d49af'),
('01964e4b645a72a89752c65c7c542ee0',	'2025-04-19 15:44:45.914',	'2025-04-19 15:44:45.914',	NULL,	2,	430,	0,	'0195f8c4f9ce7176bad146bd21ff5674',	NULL,	'0195f3a7952d79838bb6f248981d49af'),
('01964e4bf6297b6d8660415e9839ffa1',	'2025-04-19 15:45:23.242',	'2025-04-19 15:45:23.242',	NULL,	0,	-100,	0,	'0195f8c4f9ce7176bad146bd21ff5674',	NULL,	'0195f3a7952d79838bb6f248981d49af'),
('01964e4d0ce270728aa24db97b1db67e',	'2025-04-19 15:46:34.594',	'2025-04-19 15:46:34.594',	NULL,	0,	-100,	0,	'0195f8c4f9ce7176bad146bd21ff5674',	NULL,	'0195f3a7952d79838bb6f248981d49af'),
('01964e50d63c7a238633cca5c925f2f6',	'2025-04-19 15:50:42.749',	'2025-04-19 15:50:42.749',	NULL,	0,	530,	0,	'0195f8c4f9ce7176bad146bd21ff5674',	NULL,	'0195f3a7952d79838bb6f248981d49af'),
('01964e5324e77aa2aaa36b4b6482ceda',	'2025-04-19 15:53:13.960',	'2025-04-19 15:53:13.960',	NULL,	0,	300,	0,	'0195f8c4f9ce7176bad146bd21ff5674',	NULL,	'0195f3a7952d79838bb6f248981d49af'),
('01964e5373d1719aa6fb609469a7ecfb',	'2025-04-19 15:53:34.161',	'2025-04-19 15:53:34.161',	NULL,	2,	600,	0,	'0195f8c4f9ce7176bad146bd21ff5674',	NULL,	'0195f3a7952d79838bb6f248981d49af'),
('01964e549da476fd9a38978b18a89ae3',	'2025-04-19 15:54:50.405',	'2025-04-19 15:54:50.405',	NULL,	0,	530,	0,	'0195f8c4f9ce7176bad146bd21ff5674',	NULL,	'0195f3a7952d79838bb6f248981d49af'),
('01964e561ce07e22b8ccd0f91cfbc0ed',	'2025-04-19 15:56:28.513',	'2025-04-19 15:56:28.513',	NULL,	0,	800,	0,	'0195f8c4f9ce7176bad146bd21ff5674',	NULL,	'0195f3a7952d79838bb6f248981d49af'),
('01964e563ba876fd8f89605812a34796',	'2025-04-19 15:56:36.393',	'2025-04-19 15:56:36.393',	NULL,	0,	600,	0,	'0195f8c4f9ce7176bad146bd21ff5674',	NULL,	'0195f3a7952d79838bb6f248981d49af'),
('01964e563f497344bd1c940f6714f215',	'2025-04-19 15:56:37.321',	'2025-04-19 15:56:37.321',	NULL,	0,	1720,	0,	'0195fd5dcef47edfb673a8d55548bb8d',	NULL,	'0196045371527564a77dafafd6967c4f'),
('01964e571e627a23ae5c44123951e207',	'2025-04-19 15:57:34.435',	'2025-04-19 15:57:34.435',	NULL,	0,	530,	0,	'0195fd5dcef47edfb673a8d55548bb8d',	NULL,	'0196045371527564a77dafafd6967c4f'),
('01964e57533b7d0fafe4bf16d01f362c',	'2025-04-19 15:57:47.964',	'2025-04-19 15:57:47.964',	NULL,	3,	810,	0,	'0195f8c4f9ce7176bad146bd21ff5674',	NULL,	'0195f3a7952d79838bb6f248981d49af'),
('01964e57b24f7b5195e8479a3cdcc895',	'2025-04-19 15:58:12.304',	'2025-04-19 15:58:12.304',	NULL,	0,	430,	0,	'0195fd5dcef47edfb673a8d55548bb8d',	NULL,	'0196045371527564a77dafafd6967c4f'),
('01964e58189176959efb8f45b209577e',	'2025-04-19 15:58:38.482',	'2025-04-19 15:58:38.482',	NULL,	0,	430,	0,	'0195fd5dcef47edfb673a8d55548bb8d',	NULL,	'0196045371527564a77dafafd6967c4f'),
('01964e5a82d276a1b7e1580390469024',	'2025-04-19 16:01:16.755',	'2025-04-19 16:01:16.755',	NULL,	0,	1350,	0,	'0195f8c4f9ce7176bad146bd21ff5674',	NULL,	'0195f71635417301a790629d2c192fca'),
('01964e5c470275758d3eeb4907a665b3',	'2025-04-19 16:03:12.514',	'2025-04-19 16:03:12.514',	NULL,	0,	600,	0,	'0195f8c4f9ce7176bad146bd21ff5674',	NULL,	'0195f3a7952d79838bb6f248981d49af'),
('01964e5c736971c9b37f8f446021f0d1',	'2025-04-19 16:03:23.881',	'2025-04-19 16:03:23.881',	NULL,	0,	1060,	0,	'0195f8c4f9ce7176bad146bd21ff5674',	NULL,	'0195f3a7952d79838bb6f248981d49af'),
('01964e5c8ee9708d8f6a30d57325d094',	'2025-04-19 16:03:30.921',	'2025-04-19 16:03:30.921',	NULL,	0,	1100,	0,	'0195f8c4f9ce7176bad146bd21ff5674',	NULL,	'0195f3a7952d79838bb6f248981d49af'),
('01964e5d23d173debca04db92a771182',	'2025-04-19 16:04:09.041',	'2025-04-19 16:04:09.041',	NULL,	3,	300,	0,	'0195f8c4f9ce7176bad146bd21ff5674',	NULL,	'0195f3a7952d79838bb6f248981d49af'),
('01964e5da0c370e4963c3d78c53ff1c9',	'2025-04-19 16:04:41.027',	'2025-04-19 16:04:41.027',	NULL,	0,	300,	0,	'0195f8c4f9ce7176bad146bd21ff5674',	NULL,	'0195f3a7952d79838bb6f248981d49af'),
('01964e5e0b0a774f97436b130f64e660',	'2025-04-19 16:05:08.235',	'2025-04-19 16:05:08.235',	NULL,	0,	400,	0,	'0195f8c4f9ce7176bad146bd21ff5674',	NULL,	'0195f3a7952d79838bb6f248981d49af'),
('01964e5f034d78e2bb80c0489ed7ad57',	'2025-04-19 16:06:11.790',	'2025-04-19 16:06:11.790',	NULL,	0,	1630,	0,	'0195f8c4f9ce7176bad146bd21ff5674',	NULL,	'0195f3a7952d79838bb6f248981d49af'),
('01964e5fedd17f269d2ba29d2d7cda98',	'2025-04-19 16:07:11.826',	'2025-04-19 16:07:11.826',	NULL,	0,	900,	0,	'0195f8c4f9ce7176bad146bd21ff5674',	NULL,	'0195f3a7952d79838bb6f248981d49af'),
('01964e60c81c720a83551803e5733306',	'2025-04-19 16:08:07.708',	'2025-04-19 16:08:07.708',	NULL,	0,	350,	0,	'0195f8c4f9ce7176bad146bd21ff5674',	NULL,	'0195f3a7952d79838bb6f248981d49af'),
('01964e61857c75a3a2dd5aeaf9cf3d8d',	'2025-04-19 16:08:56.188',	'2025-04-19 16:08:56.188',	NULL,	3,	300,	0,	'0195f8c4f9ce7176bad146bd21ff5674',	NULL,	'0195f3a7952d79838bb6f248981d49af'),
('01964e624f5a7e649c1db801d9f4a25b',	'2025-04-19 16:09:47.867',	'2025-04-19 16:09:47.867',	NULL,	0,	1720,	0,	'0195f8c4f9ce7176bad146bd21ff5674',	NULL,	'0195f3a7952d79838bb6f248981d49af'),
('01964e62ef9c7371a8e6a992f6a298be',	'2025-04-19 16:10:28.892',	'2025-04-19 16:10:28.892',	NULL,	0,	1150,	0,	'0195f8c4f9ce7176bad146bd21ff5674',	NULL,	'0195f71635417301a790629d2c192fca'),
('01964e62ff567940b8d3e0c43507d272',	'2025-04-19 16:10:32.919',	'2025-04-19 16:10:32.919',	NULL,	0,	1060,	0,	'0195fd5dcef47edfb673a8d55548bb8d',	NULL,	'0196045371527564a77dafafd6967c4f'),
('01964e633f61747a945fe658bdcdbebb',	'2025-04-19 16:10:49.313',	'2025-04-19 16:10:49.313',	NULL,	0,	400,	0,	'0195f8c4f9ce7176bad146bd21ff5674',	NULL,	'0195f3a7952d79838bb6f248981d49af'),
('01964e63c77d7cfaad48d559a568a6c4',	'2025-04-19 16:11:24.158',	'2025-04-19 16:11:24.158',	NULL,	0,	1600,	0,	'0195f8c4f9ce7176bad146bd21ff5674',	NULL,	'0195f3a7952d79838bb6f248981d49af'),
('01964e653c9b78c4839ee9e9607d943f',	'2025-04-19 16:12:59.676',	'2025-04-19 16:12:59.676',	NULL,	0,	350,	0,	'0195f8c4f9ce7176bad146bd21ff5674',	NULL,	'0195f71635417301a790629d2c192fca'),
('01964e675e6d72d39aa5b1a62be1255e',	'2025-04-19 16:15:19.405',	'2025-04-19 16:15:19.405',	NULL,	0,	400,	0,	'0195f8c4f9ce7176bad146bd21ff5674',	NULL,	'0195f3a7952d79838bb6f248981d49af'),
('01964e67bddb70fcb6788c70fe9880fe',	'2025-04-19 16:15:43.835',	'2025-04-19 16:15:43.835',	NULL,	0,	1200,	0,	'0195f8c4f9ce7176bad146bd21ff5674',	NULL,	'0195f3a7952d79838bb6f248981d49af'),
('01964e68a1d17d86a183a37bf6940374',	'2025-04-19 16:16:42.194',	'2025-04-19 16:16:42.194',	NULL,	0,	430,	0,	'0195fd5dcef47edfb673a8d55548bb8d',	NULL,	'0196045371527564a77dafafd6967c4f'),
('01964e69b2747bb7afe01e2c077ce109',	'2025-04-19 16:17:51.989',	'2025-04-19 16:17:51.989',	NULL,	0,	450,	0,	'0195f8c4f9ce7176bad146bd21ff5674',	NULL,	'0195f3a7952d79838bb6f248981d49af'),
('01964e6a68ad795cb6020bc8dcc2d95c',	'2025-04-19 16:18:38.638',	'2025-04-19 16:18:38.638',	NULL,	0,	300,	0,	'0195f8c4f9ce7176bad146bd21ff5674',	NULL,	'0195f3a7952d79838bb6f248981d49af'),
('01964e6ae4387d92b148dcbbdfeb11c5',	'2025-04-19 16:19:10.265',	'2025-04-19 16:19:10.265',	NULL,	0,	700,	0,	'0195f8c4f9ce7176bad146bd21ff5674',	NULL,	'0195f71635417301a790629d2c192fca'),
('01964e6b06a070cfbce915d439bcc575',	'2025-04-19 16:19:19.072',	'2025-04-19 16:19:19.072',	NULL,	0,	350,	0,	'0195f8c4f9ce7176bad146bd21ff5674',	NULL,	'0195f71635417301a790629d2c192fca'),
('01964e6b997b71608b027ab8be3e1aa7',	'2025-04-19 16:19:56.667',	'2025-04-19 16:19:56.667',	NULL,	0,	530,	0,	'0195f8c4f9ce7176bad146bd21ff5674',	NULL,	'0195f3a7952d79838bb6f248981d49af'),
('01964e6beb2a73a2b4def5fdb5e9a514',	'2025-04-19 16:20:17.578',	'2025-04-19 16:20:17.578',	NULL,	0,	930,	0,	'0195fd5dcef47edfb673a8d55548bb8d',	NULL,	'0196045371527564a77dafafd6967c4f'),
('01964e6cbe3675418c98aa9829393d9a',	'2025-04-19 16:21:11.606',	'2025-04-19 16:21:11.606',	NULL,	0,	300,	0,	'0195f8c4f9ce7176bad146bd21ff5674',	NULL,	'0195f3a7952d79838bb6f248981d49af'),
('01964e6d484c75ab80d0f0867107a03b',	'2025-04-19 16:21:46.956',	'2025-04-19 16:21:46.956',	NULL,	0,	1100,	0,	'0195f8c4f9ce7176bad146bd21ff5674',	NULL,	'0195f3a7952d79838bb6f248981d49af'),
('01964e6df89175ea960d3f950eef4797',	'2025-04-19 16:22:32.081',	'2025-04-19 16:22:32.081',	NULL,	0,	300,	0,	'0195f8c4f9ce7176bad146bd21ff5674',	NULL,	'0195f3a7952d79838bb6f248981d49af'),
('01964e6dfde8755c8151fa7e14841034',	'2025-04-19 16:22:33.448',	'2025-04-19 16:22:33.448',	NULL,	0,	530,	0,	'0195f8c4f9ce7176bad146bd21ff5674',	NULL,	'0195f3a7952d79838bb6f248981d49af'),
('01964e6e2dcd7c8597898dcc84df7397',	'2025-04-19 16:22:45.710',	'2025-04-19 16:22:45.710',	NULL,	0,	700,	0,	'0195f8c4f9ce7176bad146bd21ff5674',	NULL,	'0195f3a7952d79838bb6f248981d49af'),
('01964e6ee56c7bde8dcabefb9b7d4250',	'2025-04-19 16:23:32.717',	'2025-04-19 16:23:32.717',	NULL,	0,	450,	0,	'0195f8c4f9ce7176bad146bd21ff5674',	NULL,	'0195f3a7952d79838bb6f248981d49af'),
('01964e6fdd397404b4273cb0a2081db1',	'2025-04-19 16:24:36.153',	'2025-04-19 16:24:36.153',	NULL,	0,	450,	0,	'0195f8c4f9ce7176bad146bd21ff5674',	NULL,	'0195f71635417301a790629d2c192fca'),
('01964e7145a07ce0aca82fcdb1ce32b1',	'2025-04-19 16:26:08.417',	'2025-04-19 16:26:08.417',	NULL,	0,	1550,	0,	'0195f8c4f9ce7176bad146bd21ff5674',	NULL,	'0195f3a7952d79838bb6f248981d49af'),
('01964e715ee17d27baa9b701b89e5c66',	'2025-04-19 16:26:14.882',	'2025-04-19 16:26:14.882',	NULL,	0,	350,	0,	'0195f8c4f9ce7176bad146bd21ff5674',	NULL,	'0195f3a7952d79838bb6f248981d49af'),
('01964e71a8717802925c67209552eb99',	'2025-04-19 16:26:33.714',	'2025-04-19 16:26:33.714',	NULL,	0,	580,	0,	'0195f8c4f9ce7176bad146bd21ff5674',	NULL,	'0195f3a7952d79838bb6f248981d49af'),
('01964e71c37b7ddcba116ef5cfa3d3d5',	'2025-04-19 16:26:40.636',	'2025-04-19 16:26:40.636',	NULL,	0,	530,	0,	'0195f8c4f9ce7176bad146bd21ff5674',	NULL,	'0195f3a7952d79838bb6f248981d49af'),
('01964e7295ec76858fc3bd7994245cc4',	'2025-04-19 16:27:34.509',	'2025-04-19 16:27:34.509',	NULL,	0,	1330,	0,	'0195f8c4f9ce7176bad146bd21ff5674',	NULL,	'0195f3a7952d79838bb6f248981d49af'),
('01964e72d29c7627bb2858bfdefe52a4',	'2025-04-19 16:27:50.045',	'2025-04-19 16:27:50.045',	NULL,	0,	430,	0,	'0195f8c4f9ce7176bad146bd21ff5674',	NULL,	'0195f3a7952d79838bb6f248981d49af'),
('01964e7318b37eb68d02909f09024fbf',	'2025-04-19 16:28:07.988',	'2025-04-19 16:28:07.988',	NULL,	0,	1550,	0,	'0195f8c4f9ce7176bad146bd21ff5674',	NULL,	'0195f3a7952d79838bb6f248981d49af'),
('01964e736072770b96ae6c03fce6c39a',	'2025-04-19 16:28:26.355',	'2025-04-19 16:28:26.355',	NULL,	0,	1060,	0,	'0195f8c4f9ce7176bad146bd21ff5674',	NULL,	'0195f3a7952d79838bb6f248981d49af'),
('01964e73c85a74509ab1d5c0449ae247',	'2025-04-19 16:28:52.954',	'2025-04-19 16:28:52.954',	NULL,	0,	700,	0,	'0195f8c4f9ce7176bad146bd21ff5674',	NULL,	'0195f71635417301a790629d2c192fca'),
('01964e742e62722ca0e6c71c3af03f9b',	'2025-04-19 16:29:19.074',	'2025-04-19 16:29:19.074',	NULL,	0,	400,	0,	'0195f8c4f9ce7176bad146bd21ff5674',	NULL,	'0195f3a7952d79838bb6f248981d49af'),
('01964e7459057954a98b48429072643d',	'2025-04-19 16:29:29.990',	'2025-04-19 16:29:29.990',	NULL,	0,	530,	0,	'0195fd5dcef47edfb673a8d55548bb8d',	NULL,	'0196045371527564a77dafafd6967c4f'),
('01964e751d447da4a83a9acafebbbd50',	'2025-04-19 16:30:20.229',	'2025-04-19 16:30:20.229',	NULL,	0,	530,	0,	'0195fd5dcef47edfb673a8d55548bb8d',	NULL,	'0196045371527564a77dafafd6967c4f'),
('01964e7584e777c6b52fa7252c282429',	'2025-04-19 16:30:46.760',	'2025-04-19 16:30:46.760',	NULL,	0,	450,	0,	'0195f8c4f9ce7176bad146bd21ff5674',	NULL,	'0195f3a7952d79838bb6f248981d49af'),
('01964e7660537cd38bb9d032ec38993e',	'2025-04-19 16:31:42.932',	'2025-04-19 16:31:42.932',	NULL,	0,	800,	0,	'0195f8c4f9ce7176bad146bd21ff5674',	NULL,	'0195f3a7952d79838bb6f248981d49af'),
('01964e773df97376bc0f67bf6cbe40e6',	'2025-04-19 16:32:39.673',	'2025-04-19 16:32:39.673',	NULL,	0,	1000,	0,	'0195f8c4f9ce7176bad146bd21ff5674',	NULL,	'0195f3a7952d79838bb6f248981d49af'),
('01964e777d0b777fa194fe33550802eb',	'2025-04-19 16:32:55.820',	'2025-04-19 16:32:55.820',	NULL,	0,	430,	0,	'0195fd5dcef47edfb673a8d55548bb8d',	NULL,	'0196045371527564a77dafafd6967c4f'),
('01964e7796e57a58a11cd88b77e884c3',	'2025-04-19 16:33:02.438',	'2025-04-19 16:33:02.438',	NULL,	2,	600,	0,	'0195f8c4f9ce7176bad146bd21ff5674',	NULL,	'0195f3a7952d79838bb6f248981d49af'),
('01964e77e0a275f6a63232e33fb858a8',	'2025-04-19 16:33:21.314',	'2025-04-19 16:33:21.314',	NULL,	0,	230,	0,	'0195f8c4f9ce7176bad146bd21ff5674',	NULL,	'0195f3a7952d79838bb6f248981d49af'),
('01964e79137c731c84439166ef52a316',	'2025-04-19 16:34:39.868',	'2025-04-19 16:34:39.868',	NULL,	2,	430,	0,	'0195f8c4f9ce7176bad146bd21ff5674',	NULL,	'0195f3a7952d79838bb6f248981d49af'),
('01964e79313279f8a3d0447d93e8e215',	'2025-04-19 16:34:47.475',	'2025-04-19 16:34:47.475',	NULL,	0,	1590,	0,	'0195fd5dcef47edfb673a8d55548bb8d',	NULL,	'0196045371527564a77dafafd6967c4f'),
('01964e796a5274e382f44ac1c8208f02',	'2025-04-19 16:35:02.098',	'2025-04-19 16:35:02.098',	NULL,	0,	500,	0,	'0195f8c4f9ce7176bad146bd21ff5674',	NULL,	'0195f71635417301a790629d2c192fca'),
('01964e799fd37ee7b078a0f11ac0c7c9',	'2025-04-19 16:35:15.796',	'2025-04-19 16:35:15.796',	NULL,	0,	450,	0,	'0195f8c4f9ce7176bad146bd21ff5674',	NULL,	'0195f3a7952d79838bb6f248981d49af'),
('01964e7a0c4a71848cb5c287be16b6cc',	'2025-04-19 16:35:43.562',	'2025-04-19 16:35:43.562',	NULL,	0,	650,	0,	'0195f8c4f9ce7176bad146bd21ff5674',	NULL,	'0195f3a7952d79838bb6f248981d49af'),
('01964e7a982b7515903f956aad627060',	'2025-04-19 16:36:19.371',	'2025-04-19 16:36:19.371',	NULL,	0,	850,	0,	'0195f8c4f9ce7176bad146bd21ff5674',	NULL,	'0195f3a7952d79838bb6f248981d49af'),
('01964e7ade927c9ebc97954bd25565d9',	'2025-04-19 16:36:37.395',	'2025-04-19 16:36:37.395',	NULL,	0,	1590,	0,	'0195f8c4f9ce7176bad146bd21ff5674',	NULL,	'0195f3a7952d79838bb6f248981d49af'),
('01964e7b035a793a98bbe7d5aafd08ca',	'2025-04-19 16:36:46.811',	'2025-04-19 16:36:46.811',	NULL,	0,	300,	0,	'0195f8c4f9ce7176bad146bd21ff5674',	NULL,	'0195f3a7952d79838bb6f248981d49af'),
('01964e7ba8ca7a61b08725cf94e63175',	'2025-04-19 16:37:29.163',	'2025-04-19 16:37:29.163',	NULL,	2,	430,	0,	'0195f8c4f9ce7176bad146bd21ff5674',	NULL,	'0195f3a7952d79838bb6f248981d49af'),
('01964e7c63827e07a5651476ed204309',	'2025-04-19 16:38:16.963',	'2025-04-19 16:38:16.963',	NULL,	0,	500,	0,	'0195f8c4f9ce7176bad146bd21ff5674',	NULL,	'0195f71635417301a790629d2c192fca'),
('01964e7d10797dd09bfcf4cfa7826608',	'2025-04-19 16:39:01.242',	'2025-04-19 16:39:01.242',	NULL,	0,	400,	0,	'0195f8c4f9ce7176bad146bd21ff5674',	NULL,	'0195f3a7952d79838bb6f248981d49af'),
('01964e7e839a763285158b205f8b3ed3',	'2025-04-19 16:40:36.251',	'2025-04-19 16:40:36.251',	NULL,	0,	800,	0,	'0195f8c4f9ce7176bad146bd21ff5674',	NULL,	'0195f3a7952d79838bb6f248981d49af'),
('01964e8012127bf9a872fd4147674015',	'2025-04-19 16:42:18.259',	'2025-04-19 16:42:18.259',	NULL,	0,	350,	0,	'0195f8c4f9ce7176bad146bd21ff5674',	NULL,	'0195f71635417301a790629d2c192fca'),
('01964e80447070b994109327c83446f5',	'2025-04-19 16:42:31.152',	'2025-04-19 16:42:31.152',	NULL,	0,	700,	0,	'0195f8c4f9ce7176bad146bd21ff5674',	NULL,	'0195f3a7952d79838bb6f248981d49af'),
('01964e8087a07ec38141c9ac9b837c87',	'2025-04-19 16:42:48.353',	'2025-04-19 16:42:48.353',	NULL,	3,	1710,	0,	'0195f8c4f9ce7176bad146bd21ff5674',	NULL,	'0195f3a7952d79838bb6f248981d49af'),
('01964e80950c7222af9034359c6510c5',	'2025-04-19 16:42:51.788',	'2025-04-19 16:42:51.788',	NULL,	0,	-50,	0,	'0195f8c4f9ce7176bad146bd21ff5674',	NULL,	'0195f3a7952d79838bb6f248981d49af'),
('01964e80e6b077f0b0d46b56dd7d6756',	'2025-04-19 16:43:12.689',	'2025-04-19 16:43:12.689',	NULL,	0,	1060,	0,	'0195f8c4f9ce7176bad146bd21ff5674',	NULL,	'0195f3a7952d79838bb6f248981d49af'),
('01964e8265a17e1681430ed459f6f577',	'2025-04-19 16:44:50.722',	'2025-04-19 16:44:50.722',	NULL,	0,	330,	0,	'0195f8c4f9ce7176bad146bd21ff5674',	NULL,	'0195f3a7952d79838bb6f248981d49af'),
('01964e827514797d98039ccdd894b93b',	'2025-04-19 16:44:54.677',	'2025-04-19 16:44:54.677',	NULL,	0,	1550,	0,	'0195f8c4f9ce7176bad146bd21ff5674',	NULL,	'0195f71635417301a790629d2c192fca'),
('01964e8321e37c88a0abf794c94d6222',	'2025-04-19 16:45:38.916',	'2025-04-19 16:45:38.916',	NULL,	0,	-100,	0,	'0195f8c4f9ce7176bad146bd21ff5674',	NULL,	'0195f3a7952d79838bb6f248981d49af'),
('01964e83565779a38d0a749eee8bea4c',	'2025-04-19 16:45:52.344',	'2025-04-19 16:45:52.344',	NULL,	0,	450,	0,	'0195f8c4f9ce7176bad146bd21ff5674',	NULL,	'0195f71635417301a790629d2c192fca'),
('01964e83af9c7610a977fa2e5abfbbaa',	'2025-04-19 16:46:15.196',	'2025-04-19 16:46:15.196',	NULL,	0,	450,	0,	'0195f8c4f9ce7176bad146bd21ff5674',	NULL,	'0195f3a7952d79838bb6f248981d49af'),
('01964e843a40796c9b49df8ce53d46bf',	'2025-04-19 16:46:50.689',	'2025-04-19 16:46:50.689',	NULL,	0,	530,	0,	'0195f8c4f9ce7176bad146bd21ff5674',	NULL,	'0195f3a7952d79838bb6f248981d49af'),
('01964e844fe872a3826bded147ad3217',	'2025-04-19 16:46:56.232',	'2025-04-19 16:46:56.232',	NULL,	0,	500,	0,	'0195f8c4f9ce7176bad146bd21ff5674',	NULL,	'0195f71635417301a790629d2c192fca'),
('01964e84661c741fbe0ae4516a222be2',	'2025-04-19 16:47:01.916',	'2025-04-19 16:47:01.916',	NULL,	0,	400,	0,	'0195f8c4f9ce7176bad146bd21ff5674',	NULL,	'0195f3a7952d79838bb6f248981d49af'),
('01964e84af1371afb1588eab41cab00b',	'2025-04-19 16:47:20.595',	'2025-04-19 16:47:20.595',	NULL,	0,	400,	0,	'0195f8c4f9ce7176bad146bd21ff5674',	NULL,	'0195f3a7952d79838bb6f248981d49af'),
('01964e84f8d8777bb9853145e5776d00',	'2025-04-19 16:47:39.481',	'2025-04-19 16:47:39.481',	NULL,	0,	530,	0,	'0195f8c4f9ce7176bad146bd21ff5674',	NULL,	'0195f3a7952d79838bb6f248981d49af'),
('01964e855e857a828cac7ca40f04b856',	'2025-04-19 16:48:05.510',	'2025-04-19 16:48:05.510',	NULL,	0,	550,	0,	'0195f8c4f9ce7176bad146bd21ff5674',	NULL,	'0195f3a7952d79838bb6f248981d49af'),
('01964e85f992741a8479b091218c62b2',	'2025-04-19 16:48:45.202',	'2025-04-19 16:48:45.202',	NULL,	0,	1350,	0,	'0195f8c4f9ce7176bad146bd21ff5674',	NULL,	'0195f3a7952d79838bb6f248981d49af'),
('01964e86332a784888e15c2a6defdbfd',	'2025-04-19 16:48:59.947',	'2025-04-19 16:48:59.947',	NULL,	0,	800,	0,	'0195fd5dcef47edfb673a8d55548bb8d',	NULL,	'0196045371527564a77dafafd6967c4f'),
('01964e86480b7b9db54dfbc164ab90a3',	'2025-04-19 16:49:05.292',	'2025-04-19 16:49:05.292',	NULL,	0,	1550,	0,	'0195f8c4f9ce7176bad146bd21ff5674',	NULL,	'0195f71635417301a790629d2c192fca'),
('01964e8788587d9aaf98f2125ff4aca8',	'2025-04-19 16:50:27.289',	'2025-04-19 16:50:27.289',	NULL,	0,	1300,	0,	'0195f8c4f9ce7176bad146bd21ff5674',	NULL,	'0195f71635417301a790629d2c192fca'),
('01964e87a4ea7902a7330fd8bb076e94',	'2025-04-19 16:50:34.603',	'2025-04-19 16:50:34.603',	NULL,	0,	1590,	0,	'0195f8c4f9ce7176bad146bd21ff5674',	NULL,	'0195f3a7952d79838bb6f248981d49af'),
('01964e87e5da7bfc951d916a5b088fe8',	'2025-04-19 16:50:51.227',	'2025-04-19 16:50:51.227',	NULL,	0,	1060,	0,	'0195f8c4f9ce7176bad146bd21ff5674',	NULL,	'0195f3a7952d79838bb6f248981d49af'),
('01964e8884d97c26a41fe1269a314278',	'2025-04-19 16:51:31.930',	'2025-04-19 16:51:31.930',	NULL,	0,	430,	0,	'0195fd5dcef47edfb673a8d55548bb8d',	NULL,	'0196045371527564a77dafafd6967c4f'),
('01964e88a0f7712092bb3d834b0e913d',	'2025-04-19 16:51:39.127',	'2025-04-19 16:51:39.127',	NULL,	0,	530,	0,	'0195fd5dcef47edfb673a8d55548bb8d',	NULL,	'0196045371527564a77dafafd6967c4f'),
('01964e89077b793fa77a4996c3e71885',	'2025-04-19 16:52:05.372',	'2025-04-19 16:52:05.372',	NULL,	0,	1390,	0,	'0195fd5dcef47edfb673a8d55548bb8d',	NULL,	'0196045371527564a77dafafd6967c4f'),
('01964e890ce978f5a4214a7c1f4b6fde',	'2025-04-19 16:52:06.762',	'2025-04-19 16:52:06.762',	NULL,	0,	400,	0,	'0195f8c4f9ce7176bad146bd21ff5674',	NULL,	'0195f3a7952d79838bb6f248981d49af'),
('01964e893abe7716beca6c3d4306405b',	'2025-04-19 16:52:18.495',	'2025-04-19 16:52:18.495',	NULL,	0,	900,	0,	'0195f8c4f9ce7176bad146bd21ff5674',	NULL,	'0195f3a7952d79838bb6f248981d49af'),
('01964e89fc0e7c1c9a5a3147d5f3b10e',	'2025-04-19 16:53:07.983',	'2025-04-19 16:53:07.983',	NULL,	0,	1920,	0,	'0195fd5dcef47edfb673a8d55548bb8d',	NULL,	'0196045371527564a77dafafd6967c4f'),
('01964e8a35d272a5b5a75d3a1036b4aa',	'2025-04-19 16:53:22.770',	'2025-04-19 16:53:22.770',	NULL,	0,	350,	0,	'0195f8c4f9ce7176bad146bd21ff5674',	NULL,	'0195f3a7952d79838bb6f248981d49af'),
('01964e8ad1707b05ab9a6365a78f08e2',	'2025-04-19 16:54:02.609',	'2025-04-19 16:54:02.609',	NULL,	0,	200,	0,	'0195f8c4f9ce7176bad146bd21ff5674',	NULL,	'0195f3a7952d79838bb6f248981d49af'),
('01964e8ae6817e1f8d6b69c2b41b1607',	'2025-04-19 16:54:08.002',	'2025-04-19 16:54:08.002',	NULL,	2,	350,	0,	'0195f8c4f9ce7176bad146bd21ff5674',	NULL,	'0195f3a7952d79838bb6f248981d49af'),
('01964e8bba3e76918e774411bd0656c9',	'2025-04-19 16:55:02.207',	'2025-04-19 16:55:02.207',	NULL,	0,	400,	0,	'0195f8c4f9ce7176bad146bd21ff5674',	NULL,	'0195f3a7952d79838bb6f248981d49af'),
('01964e8bbe407d2a9ba8b50de769b441',	'2025-04-19 16:55:03.233',	'2025-04-19 16:55:03.233',	NULL,	0,	300,	0,	'0195f8c4f9ce7176bad146bd21ff5674',	NULL,	'0195f3a7952d79838bb6f248981d49af'),
('01964e8bffd677f1927dab1918858399',	'2025-04-19 16:55:20.023',	'2025-04-19 16:55:20.023',	NULL,	0,	400,	0,	'0195fd5dcef47edfb673a8d55548bb8d',	NULL,	'0196045371527564a77dafafd6967c4f'),
('01964e8c258377c3a3d78da3370d99a5',	'2025-04-19 16:55:29.668',	'2025-04-19 16:55:29.668',	NULL,	0,	400,	0,	'0195f8c4f9ce7176bad146bd21ff5674',	NULL,	'0195f3a7952d79838bb6f248981d49af'),
('01964e8ccdbf7135b70f08747606f274',	'2025-04-19 16:56:12.735',	'2025-04-19 16:56:12.735',	NULL,	0,	530,	0,	'0195fd5dcef47edfb673a8d55548bb8d',	NULL,	'0196045371527564a77dafafd6967c4f'),
('01964e8d39b57962b4ce5139133bd726',	'2025-04-19 16:56:40.374',	'2025-04-19 16:56:40.374',	NULL,	0,	1700,	0,	'0195f8c4f9ce7176bad146bd21ff5674',	NULL,	'0195f3a7952d79838bb6f248981d49af'),
('01964e8d47637c42a272b04c71f4d0c9',	'2025-04-19 16:56:43.876',	'2025-04-19 16:56:43.876',	NULL,	0,	1050,	0,	'0195f8c4f9ce7176bad146bd21ff5674',	NULL,	'0195f3a7952d79838bb6f248981d49af'),
('01964e8d74147d8584e539782549d0e6',	'2025-04-19 16:56:55.317',	'2025-04-19 16:56:55.317',	NULL,	0,	1100,	0,	'0195f8c4f9ce7176bad146bd21ff5674',	NULL,	'0195f3a7952d79838bb6f248981d49af'),
('01964e8d97b274019381f2442a80e238',	'2025-04-19 16:57:04.434',	'2025-04-19 16:57:04.434',	NULL,	0,	350,	0,	'0195f8c4f9ce7176bad146bd21ff5674',	NULL,	'0195f3a7952d79838bb6f248981d49af'),
('01964e8e468c775ea5d636a8f1d7f139',	'2025-04-19 16:57:49.197',	'2025-04-19 16:57:49.197',	NULL,	0,	-100,	0,	'0195f8c4f9ce7176bad146bd21ff5674',	NULL,	'0195f3a7952d79838bb6f248981d49af'),
('01964e8e590a761db09b8e6f3bcb4e0b',	'2025-04-19 16:57:53.930',	'2025-04-19 16:57:53.930',	NULL,	0,	2450,	0,	'0195f8c4f9ce7176bad146bd21ff5674',	NULL,	'0195f71635417301a790629d2c192fca'),
('01964e8f11fa7052aa6c2b942382e152',	'2025-04-19 16:58:41.274',	'2025-04-19 16:58:41.274',	NULL,	0,	600,	0,	'0195f8c4f9ce7176bad146bd21ff5674',	NULL,	'0195f3a7952d79838bb6f248981d49af'),
('01964e8f7ce97461912184f17ddb133c',	'2025-04-19 16:59:08.649',	'2025-04-19 16:59:08.649',	NULL,	0,	1210,	0,	'0195f8c4f9ce7176bad146bd21ff5674',	NULL,	'0195f3a7952d79838bb6f248981d49af'),
('01964e8f91a077beb08e847606c1f823',	'2025-04-19 16:59:13.953',	'2025-04-19 16:59:13.953',	NULL,	0,	530,	0,	'0195f8c4f9ce7176bad146bd21ff5674',	NULL,	'0195f3a7952d79838bb6f248981d49af'),
('01964e8fac247b0e8ae380f3d9752b95',	'2025-04-19 16:59:20.741',	'2025-04-19 16:59:20.741',	NULL,	0,	400,	0,	'0195fd5dcef47edfb673a8d55548bb8d',	NULL,	'0196045371527564a77dafafd6967c4f'),
('01964e9046727dc4a5c7ebe7d05cfa90',	'2025-04-19 17:00:00.243',	'2025-04-19 17:00:00.243',	NULL,	0,	400,	0,	'0195fd5dcef47edfb673a8d55548bb8d',	NULL,	'0196045371527564a77dafafd6967c4f'),
('01964e906e777997913841b8bba3be69',	'2025-04-19 17:00:10.488',	'2025-04-19 17:00:10.488',	NULL,	0,	900,	0,	'0195f8c4f9ce7176bad146bd21ff5674',	NULL,	'0195f3a7952d79838bb6f248981d49af'),
('01964e90f0e07dd3aba36d68d9c203d2',	'2025-04-19 17:00:43.873',	'2025-04-19 17:00:43.873',	NULL,	2,	380,	0,	'0195f8c4f9ce7176bad146bd21ff5674',	NULL,	'0195f3a7952d79838bb6f248981d49af'),
('01964e910bc276699ad467e0c669689f',	'2025-04-19 17:00:50.755',	'2025-04-19 17:00:50.755',	NULL,	0,	2350,	0,	'0195f8c4f9ce7176bad146bd21ff5674',	NULL,	'0195f71635417301a790629d2c192fca'),
('01964e912fb2745ba60a18fd3bcdd47c',	'2025-04-19 17:00:59.954',	'2025-04-19 17:00:59.954',	NULL,	0,	400,	0,	'0195f8c4f9ce7176bad146bd21ff5674',	NULL,	'0195f3a7952d79838bb6f248981d49af'),
('01964e91b90a74f6a33912395fd49c5e',	'2025-04-19 17:01:35.114',	'2025-04-19 17:01:35.114',	NULL,	0,	1600,	0,	'0195f8c4f9ce7176bad146bd21ff5674',	NULL,	'0195f3a7952d79838bb6f248981d49af'),
('01964e922eeb725ca31f6c6b8a81f0a9',	'2025-04-19 17:02:05.291',	'2025-04-19 17:02:05.291',	NULL,	0,	350,	0,	'0195f8c4f9ce7176bad146bd21ff5674',	NULL,	'0195f3a7952d79838bb6f248981d49af'),
('01964e92f0ec7d96b9ca2e5c2e889dd0',	'2025-04-19 17:02:54.957',	'2025-04-19 17:02:54.957',	NULL,	0,	850,	0,	'0195f8c4f9ce7176bad146bd21ff5674',	NULL,	'0195f3a7952d79838bb6f248981d49af'),
('01964e930516717ab468c7b85a2ecf1c',	'2025-04-19 17:03:00.118',	'2025-04-19 17:03:00.118',	NULL,	0,	1100,	0,	'0195f8c4f9ce7176bad146bd21ff5674',	NULL,	'0195f3a7952d79838bb6f248981d49af'),
('01964e93697778b7a5113409920c5da9',	'2025-04-19 17:03:25.816',	'2025-04-19 17:03:25.816',	NULL,	0,	530,	0,	'0195fd5dcef47edfb673a8d55548bb8d',	NULL,	'0196045371527564a77dafafd6967c4f'),
('01964e939c867aeab672df37b0719e9a',	'2025-04-19 17:03:38.887',	'2025-04-19 17:03:38.887',	NULL,	0,	1290,	0,	'0195fd5dcef47edfb673a8d55548bb8d',	NULL,	'0196045371527564a77dafafd6967c4f'),
('01964e93eaa07975885291f4c5759782',	'2025-04-19 17:03:58.881',	'2025-04-19 17:03:58.881',	NULL,	2,	250,	0,	'0195f8c4f9ce7176bad146bd21ff5674',	NULL,	'0195f3a7952d79838bb6f248981d49af'),
('01964e9513d475279bb0b81d608015d0',	'2025-04-19 17:05:14.964',	'2025-04-19 17:05:14.964',	NULL,	0,	1350,	0,	'0195f8c4f9ce7176bad146bd21ff5674',	NULL,	'0195f71635417301a790629d2c192fca'),
('01964e96f3027d14862fe6f70b88d666',	'2025-04-19 17:07:17.635',	'2025-04-19 17:07:17.635',	NULL,	0,	700,	0,	'0195f8c4f9ce7176bad146bd21ff5674',	NULL,	'0195f3a7952d79838bb6f248981d49af'),
('01964e97ade379c28ac1f661f4185ca1',	'2025-04-19 17:08:05.476',	'2025-04-19 17:08:05.476',	NULL,	0,	1390,	0,	'0195f8c4f9ce7176bad146bd21ff5674',	NULL,	'0195f3a7952d79838bb6f248981d49af'),
('01964e98401c754b9bfb03cddb8206c5',	'2025-04-19 17:08:42.908',	'2025-04-19 17:08:42.908',	NULL,	3,	430,	0,	'0195f8c4f9ce7176bad146bd21ff5674',	NULL,	'0195f3a7952d79838bb6f248981d49af'),
('01964e99ac577167b1289fe9c5c882dc',	'2025-04-19 17:10:16.151',	'2025-04-19 17:10:16.151',	NULL,	0,	830,	0,	'0195f8c4f9ce7176bad146bd21ff5674',	NULL,	'0195f3a7952d79838bb6f248981d49af'),
('01964e9c2458700b99424b41b6e82084',	'2025-04-19 17:12:57.944',	'2025-04-19 17:12:57.944',	NULL,	0,	700,	0,	'0195fd5dcef47edfb673a8d55548bb8d',	NULL,	'0196045371527564a77dafafd6967c4f'),
('01964e9c94007bef8f5ac70e47c3e276',	'2025-04-19 17:13:26.529',	'2025-04-19 17:13:26.529',	NULL,	0,	1290,	0,	'0195f8c4f9ce7176bad146bd21ff5674',	NULL,	'0195f3a7952d79838bb6f248981d49af'),
('01964e9d20e7754db7e00d0b855e2fd3',	'2025-04-19 17:14:02.599',	'2025-04-19 17:14:02.599',	NULL,	0,	500,	0,	'0195f8c4f9ce7176bad146bd21ff5674',	NULL,	'0195f71635417301a790629d2c192fca'),
('01964e9e15ec736ea9bd8dfc54099061',	'2025-04-19 17:15:05.324',	'2025-04-19 17:15:05.324',	NULL,	0,	750,	0,	'0195f8c4f9ce7176bad146bd21ff5674',	NULL,	'0195f3a7952d79838bb6f248981d49af'),
('01964e9e1bcb7566bdf05526874967d4',	'2025-04-19 17:15:06.827',	'2025-04-19 17:15:06.827',	NULL,	0,	350,	0,	'0195f8c4f9ce7176bad146bd21ff5674',	NULL,	'0195f71635417301a790629d2c192fca'),
('01964e9e28a17023a1df75d029b872c3',	'2025-04-19 17:15:10.113',	'2025-04-19 17:15:10.113',	NULL,	0,	900,	0,	'0195f8c4f9ce7176bad146bd21ff5674',	NULL,	'0195f3a7952d79838bb6f248981d49af'),
('01964e9e56c873768bb0b7cea2bdc2e3',	'2025-04-19 17:15:21.928',	'2025-04-19 17:15:21.928',	NULL,	0,	500,	0,	'0195f8c4f9ce7176bad146bd21ff5674',	NULL,	'0195f71635417301a790629d2c192fca'),
('01964e9e6f1a7d898bb763c9926035c5',	'2025-04-19 17:15:28.155',	'2025-04-19 17:15:28.155',	NULL,	0,	350,	0,	'0195f8c4f9ce7176bad146bd21ff5674',	NULL,	'0195f71635417301a790629d2c192fca'),
('01964e9e802e7e48b0f3580303ba4a83',	'2025-04-19 17:15:32.527',	'2025-04-19 17:15:32.527',	NULL,	0,	500,	0,	'0195f8c4f9ce7176bad146bd21ff5674',	NULL,	'0195f71635417301a790629d2c192fca'),
('01964e9ef3d077a79258524f15bb456f',	'2025-04-19 17:16:02.129',	'2025-04-19 17:16:02.129',	NULL,	0,	800,	0,	'0195f8c4f9ce7176bad146bd21ff5674',	NULL,	'0195f3a7952d79838bb6f248981d49af'),
('01964e9f970377d29ee884af04caa82e',	'2025-04-19 17:16:43.908',	'2025-04-19 17:16:43.908',	NULL,	2,	830,	0,	'0195f8c4f9ce7176bad146bd21ff5674',	NULL,	'0195f3a7952d79838bb6f248981d49af'),
('01964e9fe2a87959bfd0f17141fed7a8',	'2025-04-19 17:17:03.273',	'2025-04-19 17:17:03.273',	NULL,	0,	350,	0,	'0195f8c4f9ce7176bad146bd21ff5674',	NULL,	'0195f3a7952d79838bb6f248981d49af'),
('01964ea0118b766299af4dda21d70606',	'2025-04-19 17:17:15.276',	'2025-04-19 17:17:15.276',	NULL,	0,	300,	0,	'0195f8c4f9ce7176bad146bd21ff5674',	NULL,	'0195f3a7952d79838bb6f248981d49af'),
('01964ea0a26e7f3c8404f2eec6339a58',	'2025-04-19 17:17:52.367',	'2025-04-19 17:17:52.367',	NULL,	0,	1290,	0,	'0195f8c4f9ce7176bad146bd21ff5674',	NULL,	'0195f3a7952d79838bb6f248981d49af'),
('01964ea15cad7e6f85bf4f1a21f89957',	'2025-04-19 17:18:40.046',	'2025-04-19 17:18:40.046',	NULL,	0,	700,	0,	'0195f8c4f9ce7176bad146bd21ff5674',	NULL,	'0195f3a7952d79838bb6f248981d49af'),
('01964ea1eecd7c94903a1fe53488b8ba',	'2025-04-19 17:19:17.454',	'2025-04-19 17:19:17.454',	NULL,	0,	800,	0,	'0195f8c4f9ce7176bad146bd21ff5674',	NULL,	'0195f71635417301a790629d2c192fca'),
('01964ea2409c777f8da4fa3db6ddd945',	'2025-04-19 17:19:38.397',	'2025-04-19 17:19:38.397',	NULL,	0,	850,	0,	'0195f8c4f9ce7176bad146bd21ff5674',	NULL,	'0195f71635417301a790629d2c192fca'),
('01964ea2a993757290ab3c74d1ce2f77',	'2025-04-19 17:20:05.267',	'2025-04-19 17:20:05.267',	NULL,	0,	1350,	0,	'0195f8c4f9ce7176bad146bd21ff5674',	NULL,	'0195f71635417301a790629d2c192fca'),
('01964ea314027d9cbfcf3127b82bb2cd',	'2025-04-19 17:20:32.515',	'2025-04-19 17:20:32.515',	NULL,	0,	-100,	0,	'0195f8c4f9ce7176bad146bd21ff5674',	NULL,	'0195f3a7952d79838bb6f248981d49af'),
('01964ea37834758492a1e0d6427a92ae',	'2025-04-19 17:20:58.164',	'2025-04-19 17:20:58.164',	NULL,	0,	1290,	0,	'0195f8c4f9ce7176bad146bd21ff5674',	NULL,	'0195f3a7952d79838bb6f248981d49af'),
('01964ea43fb17586ac2ed2d94fab4a85',	'2025-04-19 17:21:49.233',	'2025-04-19 17:21:49.233',	NULL,	0,	700,	0,	'0195f8c4f9ce7176bad146bd21ff5674',	NULL,	'0195f3a7952d79838bb6f248981d49af'),
('01964ea45fd871dd96e91ffaf2c4758e',	'2025-04-19 17:21:57.464',	'2025-04-19 17:21:57.464',	NULL,	0,	1060,	0,	'0195fd5dcef47edfb673a8d55548bb8d',	NULL,	'0196045371527564a77dafafd6967c4f'),
('01964ea483ae7c2ea6c84ea998e205d6',	'2025-04-19 17:22:06.639',	'2025-04-19 17:22:06.639',	NULL,	0,	200,	0,	'0195f8c4f9ce7176bad146bd21ff5674',	NULL,	'0195f3a7952d79838bb6f248981d49af'),
('01964ea484d1719694c7cd50dbdfe924',	'2025-04-19 17:22:06.929',	'2025-04-19 17:22:06.929',	NULL,	0,	1250,	0,	'0195f8c4f9ce7176bad146bd21ff5674',	NULL,	'0195f71635417301a790629d2c192fca'),
('01964ea4f33d734d8ddb73718c8bf2fe',	'2025-04-19 17:22:35.197',	'2025-04-19 17:22:35.197',	NULL,	0,	900,	0,	'0195f8c4f9ce7176bad146bd21ff5674',	NULL,	'0195f3a7952d79838bb6f248981d49af'),
('01964ea52d5672f38aefbf982eaf48bf',	'2025-04-19 17:22:50.070',	'2025-04-19 17:22:50.070',	NULL,	2,	300,	0,	'0195f8c4f9ce7176bad146bd21ff5674',	NULL,	'0195f3a7952d79838bb6f248981d49af'),
('01964ea584da740685b29e2d6c7d960c',	'2025-04-19 17:23:12.474',	'2025-04-19 17:23:12.474',	NULL,	0,	-100,	0,	'0195f8c4f9ce7176bad146bd21ff5674',	NULL,	'0195f3a7952d79838bb6f248981d49af'),
('01964ea5b75a75ffbd6288e15a6bf902',	'2025-04-19 17:23:25.402',	'2025-04-19 17:23:25.402',	NULL,	0,	700,	0,	'0195f8c4f9ce7176bad146bd21ff5674',	NULL,	'0195f71635417301a790629d2c192fca'),
('01964ea5e6de77f6b09ccec29b9f9d97',	'2025-04-19 17:23:37.567',	'2025-04-19 17:23:37.567',	NULL,	0,	450,	0,	'0195f8c4f9ce7176bad146bd21ff5674',	NULL,	'0195f3a7952d79838bb6f248981d49af'),
('01964ea5ecc37f2da04cf627e89a82ed',	'2025-04-19 17:23:39.076',	'2025-04-19 17:23:39.076',	NULL,	0,	350,	0,	'0195f8c4f9ce7176bad146bd21ff5674',	NULL,	'0195f71635417301a790629d2c192fca'),
('01964ea7c0c67c21a689d37c4280064e',	'2025-04-19 17:25:38.887',	'2025-04-19 17:25:38.887',	NULL,	0,	2280,	0,	'0195f8c4f9ce7176bad146bd21ff5674',	NULL,	'0195f3a7952d79838bb6f248981d49af'),
('01964ea826c87b508d492c2f453b1947',	'2025-04-19 17:26:05.001',	'2025-04-19 17:26:05.001',	NULL,	0,	4150,	0,	'0195fd5dcef47edfb673a8d55548bb8d',	NULL,	'0196045371527564a77dafafd6967c4f'),
('01964ea8fd457697ae840ff0b69c1668',	'2025-04-19 17:26:59.910',	'2025-04-19 17:26:59.910',	NULL,	0,	800,	0,	'0195f8c4f9ce7176bad146bd21ff5674',	NULL,	'0195f3a7952d79838bb6f248981d49af'),
('01964ea903db78e682805f32c80711a0',	'2025-04-19 17:27:01.596',	'2025-04-19 17:27:01.596',	NULL,	0,	550,	0,	'0195f8c4f9ce7176bad146bd21ff5674',	NULL,	'0195f3a7952d79838bb6f248981d49af'),
('01964ea922387d7293375f9a37e89a71',	'2025-04-19 17:27:09.369',	'2025-04-19 17:27:09.369',	NULL,	0,	1650,	0,	'0195f8c4f9ce7176bad146bd21ff5674',	NULL,	'0195f71635417301a790629d2c192fca'),
('01964ea928ba740f88d996a5f61ca99e',	'2025-04-19 17:27:11.034',	'2025-04-19 17:27:11.034',	NULL,	0,	300,	0,	'0195f8c4f9ce7176bad146bd21ff5674',	NULL,	'0195f3a7952d79838bb6f248981d49af'),
('01964ea93a707d67b5bb69670e938bab',	'2025-04-19 17:27:15.569',	'2025-04-19 17:27:15.569',	NULL,	0,	1300,	0,	'0195fd5dcef47edfb673a8d55548bb8d',	NULL,	'0196045371527564a77dafafd6967c4f'),
('01964ea981bc7a479af09779f733e46e',	'2025-04-19 17:27:33.821',	'2025-04-19 17:27:33.821',	NULL,	0,	600,	0,	'0195fd5dcef47edfb673a8d55548bb8d',	NULL,	'0196045371527564a77dafafd6967c4f'),
('01964ea98d7d7180adaf2e2e1b682e2c',	'2025-04-19 17:27:36.829',	'2025-04-19 17:27:36.829',	NULL,	0,	500,	0,	'0195f8c4f9ce7176bad146bd21ff5674',	NULL,	'0195f71635417301a790629d2c192fca'),
('01964eaa666f7cf980d3504e650a0464',	'2025-04-19 17:28:32.368',	'2025-04-19 17:28:32.368',	NULL,	0,	900,	0,	'0195f8c4f9ce7176bad146bd21ff5674',	NULL,	'0195f71635417301a790629d2c192fca'),
('01964eaa7e42780c8f99f693f0a37f57',	'2025-04-19 17:28:38.467',	'2025-04-19 17:28:38.467',	NULL,	0,	400,	0,	'0195f8c4f9ce7176bad146bd21ff5674',	NULL,	'0195f3a7952d79838bb6f248981d49af'),
('01964eaad96274cab416bb9903e807ee',	'2025-04-19 17:29:01.794',	'2025-04-19 17:29:01.794',	NULL,	0,	-300,	0,	'0195f8c4f9ce7176bad146bd21ff5674',	NULL,	'0195f3a7952d79838bb6f248981d49af'),
('01964eab2a2377e8ae561c98e0f434f1',	'2025-04-19 17:29:22.468',	'2025-04-19 17:29:22.468',	NULL,	0,	1100,	0,	'0195f8c4f9ce7176bad146bd21ff5674',	NULL,	'0195f3a7952d79838bb6f248981d49af'),
('01964eabbb5475ceb25f40a3aec6d2c6',	'2025-04-19 17:29:59.636',	'2025-04-19 17:29:59.636',	NULL,	0,	450,	0,	'0195f8c4f9ce7176bad146bd21ff5674',	NULL,	'0195f3a7952d79838bb6f248981d49af'),
('01964eabbedd75968d9512aa6659a807',	'2025-04-19 17:30:00.541',	'2025-04-19 17:30:00.541',	NULL,	0,	1050,	0,	'0195f8c4f9ce7176bad146bd21ff5674',	NULL,	'0195f71635417301a790629d2c192fca'),
('01964eabd12c705097e762a34cd09c91',	'2025-04-19 17:30:05.228',	'2025-04-19 17:30:05.228',	NULL,	0,	900,	0,	'0195f8c4f9ce7176bad146bd21ff5674',	NULL,	'0195f3a7952d79838bb6f248981d49af'),
('01964eabf9627cd88ce020080887108d',	'2025-04-19 17:30:15.523',	'2025-04-19 17:30:15.523',	NULL,	0,	680,	0,	'0195f8c4f9ce7176bad146bd21ff5674',	NULL,	'0195f3a7952d79838bb6f248981d49af'),
('01964ead5e7674728c040185d041e81c',	'2025-04-19 17:31:46.934',	'2025-04-19 17:31:46.934',	NULL,	0,	430,	0,	'0195fd5dcef47edfb673a8d55548bb8d',	NULL,	'0196045371527564a77dafafd6967c4f'),
('01964eae27cc7e43be188ccc008e5f56',	'2025-04-19 17:32:38.477',	'2025-04-19 17:32:38.477',	NULL,	0,	800,	0,	'0195f8c4f9ce7176bad146bd21ff5674',	NULL,	'0195f3a7952d79838bb6f248981d49af'),
('01964eae57ba7081bf3a3617a3c31d73',	'2025-04-19 17:32:50.746',	'2025-04-19 17:32:50.746',	NULL,	0,	2500,	0,	'0195f8c4f9ce7176bad146bd21ff5674',	NULL,	'0195f71635417301a790629d2c192fca'),
('01964eaf00fe720f8a9bfcd50ea78a48',	'2025-04-19 17:33:34.078',	'2025-04-19 17:33:34.078',	NULL,	0,	900,	0,	'0195f8c4f9ce7176bad146bd21ff5674',	NULL,	'0195f3a7952d79838bb6f248981d49af'),
('01964eaf6c0e73388615c3b3d5313154',	'2025-04-19 17:34:01.486',	'2025-04-19 17:34:01.486',	NULL,	0,	930,	0,	'0195f8c4f9ce7176bad146bd21ff5674',	NULL,	'0195f3a7952d79838bb6f248981d49af'),
('01964eaff4b37a05a9f4b48289699d91',	'2025-04-19 17:34:36.468',	'2025-04-19 17:34:36.468',	NULL,	0,	450,	0,	'0195f8c4f9ce7176bad146bd21ff5674',	NULL,	'0195f3a7952d79838bb6f248981d49af'),
('01964eb0005272bb9e83bfd3f07ed8f7',	'2025-04-19 17:34:39.442',	'2025-04-19 17:34:39.442',	NULL,	0,	500,	0,	'0195f8c4f9ce7176bad146bd21ff5674',	NULL,	'0195f71635417301a790629d2c192fca'),
('01964eb013827b019c3ee0e6f76dfd2a',	'2025-04-19 17:34:44.355',	'2025-04-19 17:34:44.355',	NULL,	0,	700,	0,	'0195f8c4f9ce7176bad146bd21ff5674',	NULL,	'0195f71635417301a790629d2c192fca'),
('01964eb0191a7bdfa85dd0fd6193588e',	'2025-04-19 17:34:45.787',	'2025-04-19 17:34:45.787',	NULL,	0,	2150,	0,	'0195fd5dcef47edfb673a8d55548bb8d',	NULL,	'0196045371527564a77dafafd6967c4f'),
('01964eb068d87051a51c6832e1959ee9',	'2025-04-19 17:35:06.200',	'2025-04-19 17:35:06.200',	NULL,	0,	350,	0,	'0195f8c4f9ce7176bad146bd21ff5674',	NULL,	'0195f71635417301a790629d2c192fca'),
('01964eb076217bfaa898b94d61713e38',	'2025-04-19 17:35:09.602',	'2025-04-19 17:35:09.602',	NULL,	0,	430,	0,	'0195fd5dcef47edfb673a8d55548bb8d',	NULL,	'0196045371527564a77dafafd6967c4f'),
('01964eb0ce7b757aa07da04ac3059cdc',	'2025-04-19 17:35:32.219',	'2025-04-19 17:35:32.219',	NULL,	0,	430,	0,	'0195fd5dcef47edfb673a8d55548bb8d',	NULL,	'0196045371527564a77dafafd6967c4f'),
('01964eb0e91b752a912a903ed3ada5b5',	'2025-04-19 17:35:39.035',	'2025-04-19 17:35:39.035',	NULL,	0,	-200,	0,	'0195f8c4f9ce7176bad146bd21ff5674',	NULL,	'0195f3a7952d79838bb6f248981d49af'),
('01964eb0e9907dcbb165847c3968f3ae',	'2025-04-19 17:35:39.153',	'2025-04-19 17:35:39.153',	NULL,	0,	530,	0,	'0195fd5dcef47edfb673a8d55548bb8d',	NULL,	'0196045371527564a77dafafd6967c4f'),
('01964eb14d9a70fabdc4bec4aae3de70',	'2025-04-19 17:36:04.762',	'2025-04-19 17:36:04.762',	NULL,	0,	430,	0,	'0195fd5dcef47edfb673a8d55548bb8d',	NULL,	'0196045371527564a77dafafd6967c4f'),
('01964eb18c187066826a4ce1369f9663',	'2025-04-19 17:36:20.760',	'2025-04-19 17:36:20.760',	NULL,	0,	1330,	0,	'0195f8c4f9ce7176bad146bd21ff5674',	NULL,	'0195f3a7952d79838bb6f248981d49af'),
('01964eb2101d72a38e60232bae54e688',	'2025-04-19 17:36:54.557',	'2025-04-19 17:36:54.557',	NULL,	0,	300,	0,	'0195f8c4f9ce7176bad146bd21ff5674',	NULL,	'0195f3a7952d79838bb6f248981d49af'),
('01964eb265507cee96a692caa4c84a94',	'2025-04-19 17:37:16.369',	'2025-04-19 17:37:16.369',	NULL,	0,	250,	0,	'0195f8c4f9ce7176bad146bd21ff5674',	NULL,	'0195f3a7952d79838bb6f248981d49af'),
('01964eb27f1378b08a5731a1837c1c38',	'2025-04-19 17:37:22.964',	'2025-04-19 17:37:22.964',	NULL,	0,	800,	0,	'0195fd5dcef47edfb673a8d55548bb8d',	NULL,	'0196045371527564a77dafafd6967c4f'),
('01964eb2b95d70b0999dc1b5ed6fb9a6',	'2025-04-19 17:37:37.885',	'2025-04-19 17:37:37.885',	NULL,	0,	730,	0,	'0195f8c4f9ce7176bad146bd21ff5674',	NULL,	'0195f3a7952d79838bb6f248981d49af'),
('01964eb33c057726b03dda67c0902697',	'2025-04-19 17:38:11.334',	'2025-04-19 17:38:11.334',	NULL,	0,	1160,	0,	'0195fd5dcef47edfb673a8d55548bb8d',	NULL,	'0196045371527564a77dafafd6967c4f'),
('01964eb3af1c7955b80bbcc76a965d93',	'2025-04-19 17:38:40.797',	'2025-04-19 17:38:40.797',	NULL,	0,	150,	0,	'0195f8c4f9ce7176bad146bd21ff5674',	NULL,	'0195f3a7952d79838bb6f248981d49af'),
('01964eb4c5c873b8a7844f6a50ee82d8',	'2025-04-19 17:39:52.136',	'2025-04-19 17:39:52.136',	NULL,	0,	3300,	0,	'0195f8c4f9ce7176bad146bd21ff5674',	NULL,	'0195f71635417301a790629d2c192fca'),
('01964eb64c4d7206ba2fd8b176e71bf4',	'2025-04-19 17:41:32.109',	'2025-04-19 17:41:32.109',	NULL,	0,	860,	0,	'0195f8c4f9ce7176bad146bd21ff5674',	NULL,	'0195f3a7952d79838bb6f248981d49af'),
('01964eb668ea7d1592c03983973259d6',	'2025-04-19 17:41:39.435',	'2025-04-19 17:41:39.435',	NULL,	3,	530,	0,	'0195f8c4f9ce7176bad146bd21ff5674',	NULL,	'0195f3a7952d79838bb6f248981d49af'),
('01964eb67cf776a38f6cc937538852ee',	'2025-04-19 17:41:44.568',	'2025-04-19 17:41:44.568',	NULL,	0,	550,	0,	'0195f8c4f9ce7176bad146bd21ff5674',	NULL,	'0195f3a7952d79838bb6f248981d49af'),
('01964eb71179748b81fc2260b2fec7b9',	'2025-04-19 17:42:22.585',	'2025-04-19 17:42:22.585',	NULL,	0,	-100,	0,	'0195f8c4f9ce7176bad146bd21ff5674',	NULL,	'0195f3a7952d79838bb6f248981d49af'),
('01964eb7c0147c8a98de8ad192682e88',	'2025-04-19 17:43:07.285',	'2025-04-19 17:43:07.285',	NULL,	0,	500,	0,	'0195f8c4f9ce7176bad146bd21ff5674',	NULL,	'0195f71635417301a790629d2c192fca'),
('01964eb80cec79bb96050ff0994253f0',	'2025-04-19 17:43:26.957',	'2025-04-19 17:43:26.957',	NULL,	0,	350,	0,	'0195f8c4f9ce7176bad146bd21ff5674',	NULL,	'0195f71635417301a790629d2c192fca'),
('01964eb904dd7d51a3004221269292ee',	'2025-04-19 17:44:30.430',	'2025-04-19 17:44:30.430',	NULL,	0,	350,	0,	'0195f8c4f9ce7176bad146bd21ff5674',	NULL,	'0195f3a7952d79838bb6f248981d49af'),
('01964eb92ba77b8f90950ac5494ee693',	'2025-04-19 17:44:40.360',	'2025-04-19 17:44:40.360',	NULL,	0,	930,	0,	'0195f8c4f9ce7176bad146bd21ff5674',	NULL,	'0195f3a7952d79838bb6f248981d49af'),
('01964eb96a3a7403b87cfeb7f3561053',	'2025-04-19 17:44:56.378',	'2025-04-19 17:44:56.378',	NULL,	0,	700,	0,	'0195f8c4f9ce7176bad146bd21ff5674',	NULL,	'0195f71635417301a790629d2c192fca'),
('01964eb96ab07bb59baf44f9d631442c',	'2025-04-19 17:44:56.497',	'2025-04-19 17:44:56.497',	NULL,	0,	2250,	0,	'0195fd5dcef47edfb673a8d55548bb8d',	NULL,	'0196045371527564a77dafafd6967c4f'),
('01964eb994eb750cacf7e7bb212c2d2f',	'2025-04-19 17:45:07.307',	'2025-04-19 17:45:07.307',	NULL,	0,	430,	0,	'0195fd5dcef47edfb673a8d55548bb8d',	NULL,	'0196045371527564a77dafafd6967c4f'),
('01964eb9c2807010af01f4f8d6bbd20e',	'2025-04-19 17:45:18.976',	'2025-04-19 17:45:18.976',	NULL,	0,	-100,	0,	'0195f8c4f9ce7176bad146bd21ff5674',	NULL,	'0195f3a7952d79838bb6f248981d49af'),
('01964eba47f57bad9e5dffd13153dc6a',	'2025-04-19 17:45:53.142',	'2025-04-19 17:45:53.142',	NULL,	0,	700,	0,	'0195f8c4f9ce7176bad146bd21ff5674',	NULL,	'0195f71635417301a790629d2c192fca'),
('01964ebb77d774e5b5c97c9c1b36062b',	'2025-04-19 17:47:10.935',	'2025-04-19 17:47:10.935',	NULL,	0,	530,	0,	'0195fd5dcef47edfb673a8d55548bb8d',	NULL,	'0196045371527564a77dafafd6967c4f'),
('01964ebdc35f795aa61c6e91d7ed54d6',	'2025-04-19 17:49:41.344',	'2025-04-19 17:49:41.344',	NULL,	0,	2250,	0,	'0195f8c4f9ce7176bad146bd21ff5674',	NULL,	'0195f71635417301a790629d2c192fca'),
('01964ebdfc9c7f04bbf4f3731e3ad60c',	'2025-04-19 17:49:55.997',	'2025-04-19 17:49:55.997',	NULL,	0,	430,	0,	'0195f8c4f9ce7176bad146bd21ff5674',	NULL,	'0195f3a7952d79838bb6f248981d49af'),
('01964ebe22bc708395afdf767a956bec',	'2025-04-19 17:50:05.756',	'2025-04-19 17:50:05.756',	NULL,	0,	350,	0,	'0195f8c4f9ce7176bad146bd21ff5674',	NULL,	'0195f71635417301a790629d2c192fca'),
('01964ec096e17a4f9699ca82b2104be6',	'2025-04-19 17:52:46.562',	'2025-04-19 17:52:46.562',	NULL,	0,	400,	0,	'0195f8c4f9ce7176bad146bd21ff5674',	NULL,	'0195f3a7952d79838bb6f248981d49af'),
('01964ec0afb2760ea61639fb08d7403f',	'2025-04-19 17:52:52.914',	'2025-04-19 17:52:52.914',	NULL,	0,	980,	0,	'0195f8c4f9ce7176bad146bd21ff5674',	NULL,	'0195f3a7952d79838bb6f248981d49af'),
('01964ec0b5c77870af6ba52576d4745e',	'2025-04-19 17:52:54.472',	'2025-04-19 17:52:54.472',	NULL,	0,	1350,	0,	'0195f8c4f9ce7176bad146bd21ff5674',	NULL,	'0195f71635417301a790629d2c192fca'),
('01964ec112c47c17b9ad3b866ff1839b',	'2025-04-19 17:53:18.277',	'2025-04-19 17:53:18.277',	NULL,	0,	700,	0,	'0195f8c4f9ce7176bad146bd21ff5674',	NULL,	'0195f3a7952d79838bb6f248981d49af'),
('01964ec177357605a22ec9ea1e159219',	'2025-04-19 17:53:43.990',	'2025-04-19 17:53:43.990',	NULL,	0,	700,	0,	'0195f8c4f9ce7176bad146bd21ff5674',	NULL,	'0195f3a7952d79838bb6f248981d49af'),
('01964ec28e4c7ad3a049a674d3446fc2',	'2025-04-19 17:54:55.437',	'2025-04-19 17:54:55.437',	NULL,	0,	300,	0,	'0195f8c4f9ce7176bad146bd21ff5674',	NULL,	'0195f3a7952d79838bb6f248981d49af'),
('01964ec30d4d795a9f72829055e8cf84',	'2025-04-19 17:55:27.950',	'2025-04-19 17:55:27.950',	NULL,	0,	1750,	0,	'0195f8c4f9ce7176bad146bd21ff5674',	NULL,	'0195f3a7952d79838bb6f248981d49af'),
('01964ec32f65705ca934ab0e59cf7ffe',	'2025-04-19 17:55:36.677',	'2025-04-19 17:55:36.677',	NULL,	0,	200,	0,	'0195f8c4f9ce7176bad146bd21ff5674',	NULL,	'0195f3a7952d79838bb6f248981d49af'),
('01964ec399f971f9bb0d8030ee76ff60',	'2025-04-19 17:56:03.961',	'2025-04-19 17:56:03.961',	NULL,	0,	530,	0,	'0195f8c4f9ce7176bad146bd21ff5674',	NULL,	'0195f3a7952d79838bb6f248981d49af'),
('01964ec3b9fc7bacadc59f72f4ec1bcc',	'2025-04-19 17:56:12.157',	'2025-04-19 17:56:12.157',	NULL,	0,	650,	0,	'0195f8c4f9ce7176bad146bd21ff5674',	NULL,	'0195f3a7952d79838bb6f248981d49af'),
('01964ec4c4b370b4bc89026067b8f1df',	'2025-04-19 17:57:20.435',	'2025-04-19 17:57:20.435',	NULL,	0,	600,	0,	'0195f8c4f9ce7176bad146bd21ff5674',	NULL,	'0195f3a7952d79838bb6f248981d49af'),
('01964ec648cb7bdd8a6a03f6bcc55b46',	'2025-04-19 17:58:59.788',	'2025-04-19 17:58:59.788',	NULL,	0,	600,	0,	'0195f8c4f9ce7176bad146bd21ff5674',	NULL,	'0195f3a7952d79838bb6f248981d49af'),
('01964ec6500f7c32885352a016e9802a',	'2025-04-19 17:59:01.648',	'2025-04-19 17:59:01.648',	NULL,	0,	580,	0,	'0195f8c4f9ce7176bad146bd21ff5674',	NULL,	'0195f3a7952d79838bb6f248981d49af'),
('01964ec67d2b7e68af6c0d093dc26829',	'2025-04-19 17:59:13.196',	'2025-04-19 17:59:13.196',	NULL,	0,	1290,	0,	'0195f8c4f9ce7176bad146bd21ff5674',	NULL,	'0195f3a7952d79838bb6f248981d49af'),
('01964ec69b9879f0801f3bcffaec9996',	'2025-04-19 17:59:20.985',	'2025-04-19 17:59:20.985',	NULL,	0,	1850,	0,	'0195f8c4f9ce7176bad146bd21ff5674',	NULL,	'0195f71635417301a790629d2c192fca'),
('01964ec72208734bbd2130bc4afcda12',	'2025-04-19 17:59:55.400',	'2025-04-19 17:59:55.400',	NULL,	0,	530,	0,	'0195f8c4f9ce7176bad146bd21ff5674',	NULL,	'0195f3a7952d79838bb6f248981d49af'),
('01964ec74aab7e05b4d61d97b0a17fc9',	'2025-04-19 18:00:05.804',	'2025-04-19 18:00:05.804',	NULL,	0,	400,	0,	'0195f8c4f9ce7176bad146bd21ff5674',	NULL,	'0195f3a7952d79838bb6f248981d49af'),
('01964ec90d6b7ac5b9a6400de17462a8',	'2025-04-19 18:02:01.196',	'2025-04-19 18:02:01.196',	NULL,	0,	400,	0,	'0195f8c4f9ce7176bad146bd21ff5674',	NULL,	'0195f3a7952d79838bb6f248981d49af'),
('01964ec9fc747b7db79f086a597330e1',	'2025-04-19 18:03:02.389',	'2025-04-19 18:03:02.389',	NULL,	0,	350,	0,	'0195f8c4f9ce7176bad146bd21ff5674',	NULL,	'0195f71635417301a790629d2c192fca'),
('01964eca80897a91a8f5ada179ac7edd',	'2025-04-19 18:03:36.202',	'2025-04-19 18:03:36.202',	NULL,	0,	200,	0,	'0195f8c4f9ce7176bad146bd21ff5674',	NULL,	'0195f3a7952d79838bb6f248981d49af'),
('01964ecb09247c3189e534a7af604c0d',	'2025-04-19 18:04:11.173',	'2025-04-19 18:04:11.173',	NULL,	0,	800,	0,	'0195f8c4f9ce7176bad146bd21ff5674',	NULL,	'0195f71635417301a790629d2c192fca'),
('01964ecb3b1375709b89ea8cf0aa63b3',	'2025-04-19 18:04:23.955',	'2025-04-19 18:04:23.955',	NULL,	2,	730,	0,	'0195f8c4f9ce7176bad146bd21ff5674',	NULL,	'0195f3a7952d79838bb6f248981d49af'),
('01964ecb60e077ee863c523093029e13',	'2025-04-19 18:04:33.633',	'2025-04-19 18:04:33.633',	NULL,	0,	1770,	0,	'0195f8c4f9ce7176bad146bd21ff5674',	NULL,	'0195f3a7952d79838bb6f248981d49af'),
('01964ecb64127415b6e9ab4ac539c134',	'2025-04-19 18:04:34.450',	'2025-04-19 18:04:34.450',	NULL,	0,	-200,	0,	'0195f8c4f9ce7176bad146bd21ff5674',	NULL,	'0195f3a7952d79838bb6f248981d49af'),
('01964ecb6ac278139b9cecd6e9336d0d',	'2025-04-19 18:04:36.163',	'2025-04-19 18:04:36.163',	NULL,	0,	600,	0,	'0195fd5dcef47edfb673a8d55548bb8d',	NULL,	'0196045371527564a77dafafd6967c4f'),
('01964ecb93807c928528a424e565eb75',	'2025-04-19 18:04:46.593',	'2025-04-19 18:04:46.593',	NULL,	0,	250,	0,	'0195f8c4f9ce7176bad146bd21ff5674',	NULL,	'0195f3a7952d79838bb6f248981d49af'),
('01964ecc40897253b9ec9f369a12efe4',	'2025-04-19 18:05:30.889',	'2025-04-19 18:05:30.889',	NULL,	0,	430,	0,	'0195f8c4f9ce7176bad146bd21ff5674',	NULL,	'0195f3a7952d79838bb6f248981d49af'),
('01964ecc667e7b669a88a3a5549d8f58',	'2025-04-19 18:05:40.607',	'2025-04-19 18:05:40.607',	NULL,	0,	850,	0,	'0195f8c4f9ce7176bad146bd21ff5674',	NULL,	'0195f71635417301a790629d2c192fca'),
('01964ecc691c75e68e41edffed6aa2c6',	'2025-04-19 18:05:41.276',	'2025-04-19 18:05:41.276',	NULL,	0,	-100,	0,	'0195f8c4f9ce7176bad146bd21ff5674',	NULL,	'0195f3a7952d79838bb6f248981d49af'),
('01964ecc70757a108e46d4f407a7db6b',	'2025-04-19 18:05:43.158',	'2025-04-19 18:05:43.158',	NULL,	0,	300,	0,	'0195f8c4f9ce7176bad146bd21ff5674',	NULL,	'0195f3a7952d79838bb6f248981d49af'),
('01964ecd0c0f767c979b10ab39433488',	'2025-04-19 18:06:22.992',	'2025-04-19 18:06:22.992',	NULL,	0,	500,	0,	'0195f8c4f9ce7176bad146bd21ff5674',	NULL,	'0195f71635417301a790629d2c192fca'),
('01964ece4f747ab59703516d70808dbe',	'2025-04-19 18:07:45.781',	'2025-04-19 18:07:45.781',	NULL,	0,	860,	0,	'0195fd5dcef47edfb673a8d55548bb8d',	NULL,	'0196045371527564a77dafafd6967c4f'),
('01964ecf9186701d9f8ed63166b4d9cc',	'2025-04-19 18:09:08.230',	'2025-04-19 18:09:08.230',	NULL,	0,	700,	0,	'0195f8c4f9ce7176bad146bd21ff5674',	NULL,	'0195f71635417301a790629d2c192fca'),
('01964ecfe00b70d8bd966dec8d567c86',	'2025-04-19 18:09:28.331',	'2025-04-19 18:09:28.331',	NULL,	0,	300,	0,	'0195f8c4f9ce7176bad146bd21ff5674',	NULL,	'0195f3a7952d79838bb6f248981d49af'),
('01964ecffa3b7c69952b0e02b9a49d38',	'2025-04-19 18:09:35.036',	'2025-04-19 18:09:35.036',	NULL,	0,	3110,	0,	'0195f8c4f9ce7176bad146bd21ff5674',	NULL,	'0195f3a7952d79838bb6f248981d49af'),
('01964ed0782377c59dee998b711c41bc',	'2025-04-19 18:10:07.268',	'2025-04-19 18:10:07.268',	NULL,	0,	430,	0,	'0195fd5dcef47edfb673a8d55548bb8d',	NULL,	'0196045371527564a77dafafd6967c4f'),
('01964ed0a8317a2f814afb701322e91a',	'2025-04-19 18:10:19.570',	'2025-04-19 18:10:19.570',	NULL,	0,	250,	0,	'0195f8c4f9ce7176bad146bd21ff5674',	NULL,	'0195f3a7952d79838bb6f248981d49af'),
('01964ed0d3e17da5a61b0cdae672ac75',	'2025-04-19 18:10:30.754',	'2025-04-19 18:10:30.754',	NULL,	0,	430,	0,	'0195fd5dcef47edfb673a8d55548bb8d',	NULL,	'0196045371527564a77dafafd6967c4f'),
('01964ed0dff471d79e74400d4eb3c4e9',	'2025-04-19 18:10:33.844',	'2025-04-19 18:10:33.844',	NULL,	0,	850,	0,	'0195f8c4f9ce7176bad146bd21ff5674',	NULL,	'0195f71635417301a790629d2c192fca'),
('01964ed1274e7d3fba21d4395c0fadad',	'2025-04-19 18:10:52.111',	'2025-04-19 18:10:52.111',	NULL,	0,	380,	0,	'0195fd5dcef47edfb673a8d55548bb8d',	NULL,	'0196045371527564a77dafafd6967c4f'),
('01964ed1b6f170b6961af377f525fd1d',	'2025-04-19 18:11:28.881',	'2025-04-19 18:11:28.881',	NULL,	0,	-200,	0,	'0195f8c4f9ce7176bad146bd21ff5674',	NULL,	'0195f3a7952d79838bb6f248981d49af'),
('01964ed1f2b17619af012f932de2586f',	'2025-04-19 18:11:44.178',	'2025-04-19 18:11:44.178',	NULL,	0,	1700,	0,	'0195f8c4f9ce7176bad146bd21ff5674',	NULL,	'0195f71635417301a790629d2c192fca'),
('01964ed24368722fa4a4f4a45e3a7225',	'2025-04-19 18:12:04.840',	'2025-04-19 18:12:04.840',	NULL,	0,	-100,	0,	'0195f8c4f9ce7176bad146bd21ff5674',	NULL,	'0195f3a7952d79838bb6f248981d49af'),
('01964ed306c37e8aaef9836016e2aca5',	'2025-04-19 18:12:54.852',	'2025-04-19 18:12:54.852',	NULL,	0,	350,	0,	'0195f8c4f9ce7176bad146bd21ff5674',	NULL,	'0195f3a7952d79838bb6f248981d49af'),
('01964ed43ad87121bbd82f0e036512b2',	'2025-04-19 18:14:13.720',	'2025-04-19 18:14:13.720',	NULL,	0,	1550,	0,	'0195f8c4f9ce7176bad146bd21ff5674',	NULL,	'0195f71635417301a790629d2c192fca'),
('01964ed4a8037c999d31d4ea9b12f0f9',	'2025-04-19 18:14:41.668',	'2025-04-19 18:14:41.668',	NULL,	0,	2620,	0,	'0195fd5dcef47edfb673a8d55548bb8d',	NULL,	'0196045371527564a77dafafd6967c4f'),
('01964ed5108d7728a163226bf2e182ec',	'2025-04-19 18:15:08.430',	'2025-04-19 18:15:08.430',	NULL,	0,	-200,	0,	'0195f8c4f9ce7176bad146bd21ff5674',	NULL,	'0195f3a7952d79838bb6f248981d49af'),
('01964ed5a1e372f384bb3072157a2295',	'2025-04-19 18:15:45.635',	'2025-04-19 18:15:45.635',	NULL,	0,	400,	0,	'0195f8c4f9ce7176bad146bd21ff5674',	NULL,	'0195f3a7952d79838bb6f248981d49af'),
('01964ed62e1a7d7bb0c139f620e757e6',	'2025-04-19 18:16:21.531',	'2025-04-19 18:16:21.531',	NULL,	0,	-100,	0,	'0195f8c4f9ce7176bad146bd21ff5674',	NULL,	'0195f3a7952d79838bb6f248981d49af'),
('01964ed8a5297c819598c1c65e8f02c7',	'2025-04-19 18:19:03.082',	'2025-04-19 18:19:03.082',	NULL,	2,	900,	0,	'0195f8c4f9ce7176bad146bd21ff5674',	NULL,	'0195f3a7952d79838bb6f248981d49af'),
('01964ed942027d16bbe1f2daaed9eec1',	'2025-04-19 18:19:43.235',	'2025-04-19 18:19:43.235',	NULL,	0,	150,	0,	'0195f8c4f9ce7176bad146bd21ff5674',	NULL,	'0195f3a7952d79838bb6f248981d49af'),
('01964ed97912708182c8babe0b9f529b',	'2025-04-19 18:19:57.330',	'2025-04-19 18:19:57.330',	NULL,	0,	-200,	0,	'0195f8c4f9ce7176bad146bd21ff5674',	NULL,	'0195f3a7952d79838bb6f248981d49af'),
('01964ed9a3b67050a6ac1079d050e21e',	'2025-04-19 18:20:08.246',	'2025-04-19 18:20:08.246',	NULL,	0,	-300,	0,	'0195f8c4f9ce7176bad146bd21ff5674',	NULL,	'0195f3a7952d79838bb6f248981d49af'),
('01964ed9c4a27deabd790c0662bc5728',	'2025-04-19 18:20:16.675',	'2025-04-19 18:20:16.675',	NULL,	3,	1720,	0,	'0195f8c4f9ce7176bad146bd21ff5674',	NULL,	'0195f3a7952d79838bb6f248981d49af'),
('01964ed9df6f7930951f3d4ec40bb656',	'2025-04-19 18:20:23.536',	'2025-04-19 18:20:23.536',	NULL,	0,	-100,	0,	'0195f8c4f9ce7176bad146bd21ff5674',	NULL,	'0195f3a7952d79838bb6f248981d49af'),
('01964ed9fc527720ab87869044ce1135',	'2025-04-19 18:20:30.931',	'2025-04-19 18:20:30.931',	NULL,	0,	-500,	0,	'0195f8c4f9ce7176bad146bd21ff5674',	NULL,	'0195f3a7952d79838bb6f248981d49af'),
('01964eda1d637c24be5b0cf092eff709',	'2025-04-19 18:20:39.396',	'2025-04-19 18:20:39.396',	NULL,	2,	1720,	0,	'0195f8c4f9ce7176bad146bd21ff5674',	NULL,	'0195f3a7952d79838bb6f248981d49af'),
('01964eda340a73789e93f72fc14b9d0e',	'2025-04-19 18:20:45.194',	'2025-04-19 18:20:45.194',	NULL,	0,	600,	0,	'0195f8c4f9ce7176bad146bd21ff5674',	NULL,	'0195f3a7952d79838bb6f248981d49af'),
('01964eda57d97a2cac9596edab640291',	'2025-04-19 18:20:54.362',	'2025-04-19 18:20:54.362',	NULL,	0,	-1000,	0,	'0195f8c4f9ce7176bad146bd21ff5674',	NULL,	'0195f3a7952d79838bb6f248981d49af'),
('01964edacba373339ea1513b92bc45f6',	'2025-04-19 18:21:24.003',	'2025-04-19 18:21:24.003',	NULL,	0,	350,	0,	'0195f8c4f9ce7176bad146bd21ff5674',	NULL,	'0195f3a7952d79838bb6f248981d49af'),
('01964edad07777f88c82dc8321e5ae95',	'2025-04-19 18:21:25.240',	'2025-04-19 18:21:25.240',	NULL,	0,	100,	0,	'0195f8c4f9ce7176bad146bd21ff5674',	NULL,	'0195f3a7952d79838bb6f248981d49af'),
('01964edb2a08794a8d3699f0be203ca8',	'2025-04-19 18:21:48.169',	'2025-04-19 18:21:48.169',	NULL,	0,	-100,	0,	'0195f8c4f9ce7176bad146bd21ff5674',	NULL,	'0195f3a7952d79838bb6f248981d49af'),
('01964edb814c7118a38e224ccf69bf90',	'2025-04-19 18:22:10.508',	'2025-04-19 18:22:10.508',	NULL,	0,	730,	0,	'0195f8c4f9ce7176bad146bd21ff5674',	NULL,	'0195f3a7952d79838bb6f248981d49af'),
('01964edba6e57db18b8e30889190a9d7',	'2025-04-19 18:22:20.134',	'2025-04-19 18:22:20.134',	NULL,	0,	680,	0,	'0195fd5dcef47edfb673a8d55548bb8d',	NULL,	'0196045371527564a77dafafd6967c4f'),
('01964edbf5dc7b11b296d60360e6bd82',	'2025-04-19 18:22:40.349',	'2025-04-19 18:22:40.349',	NULL,	0,	-1500,	0,	'0195f8c4f9ce7176bad146bd21ff5674',	NULL,	'0195f3a7952d79838bb6f248981d49af'),
('01964edbfbf87340854204a2e23ad3a3',	'2025-04-19 18:22:41.912',	'2025-04-19 18:22:41.912',	NULL,	0,	2350,	0,	'0195f8c4f9ce7176bad146bd21ff5674',	NULL,	'0195f71635417301a790629d2c192fca'),
('01964edcd127706b8865cd8a55ca0cd1',	'2025-04-19 18:23:36.487',	'2025-04-19 18:23:36.487',	NULL,	0,	530,	0,	'0195f8c4f9ce7176bad146bd21ff5674',	NULL,	'0195f3a7952d79838bb6f248981d49af'),
('01964ede8fff7a47920ab40465b8f0bb',	'2025-04-19 18:25:30.880',	'2025-04-19 18:25:30.880',	NULL,	0,	1200,	0,	'0195f8c4f9ce7176bad146bd21ff5674',	NULL,	'0195f3a7952d79838bb6f248981d49af'),
('01964edf1e0571af8f2913b163e5eb96',	'2025-04-19 18:26:07.237',	'2025-04-19 18:26:07.237',	NULL,	0,	600,	0,	'0195f8c4f9ce7176bad146bd21ff5674',	NULL,	'0195f3a7952d79838bb6f248981d49af'),
('01964edfbcbc70758e1edd79cc2f9fff',	'2025-04-19 18:26:47.868',	'2025-04-19 18:26:47.868',	NULL,	0,	1720,	0,	'0195f8c4f9ce7176bad146bd21ff5674',	NULL,	'0195f3a7952d79838bb6f248981d49af'),
('01964edfd16c7298a24e505cf29ff300',	'2025-04-19 18:26:53.164',	'2025-04-19 18:26:53.164',	NULL,	0,	850,	0,	'0195f8c4f9ce7176bad146bd21ff5674',	NULL,	'0195f71635417301a790629d2c192fca'),
('01964ee11be8760992e6abc7c417527d',	'2025-04-19 18:28:17.768',	'2025-04-19 18:28:17.768',	NULL,	0,	500,	0,	'0195f8c4f9ce7176bad146bd21ff5674',	NULL,	'0195f3a7952d79838bb6f248981d49af'),
('01964ee1f2347ebca2715c43f5d0e401',	'2025-04-19 18:29:12.629',	'2025-04-19 18:29:12.629',	NULL,	0,	830,	0,	'0195f8c4f9ce7176bad146bd21ff5674',	NULL,	'0195f3a7952d79838bb6f248981d49af'),
('01964ee31e6972788ad379f5139d3e55',	'2025-04-19 18:30:29.481',	'2025-04-19 18:30:29.481',	NULL,	0,	350,	0,	'0195f8c4f9ce7176bad146bd21ff5674',	NULL,	'0195f71635417301a790629d2c192fca'),
('01964ee4760972cd83c65e4801976b2c',	'2025-04-19 18:31:57.449',	'2025-04-19 18:31:57.449',	NULL,	0,	1060,	0,	'0195f8c4f9ce7176bad146bd21ff5674',	NULL,	'0195f3a7952d79838bb6f248981d49af'),
('01964ee4d90b73b38e93c6f6454063c1',	'2025-04-19 18:32:22.795',	'2025-04-19 18:32:22.795',	NULL,	0,	780,	0,	'0195f8c4f9ce7176bad146bd21ff5674',	NULL,	'0195f3a7952d79838bb6f248981d49af'),
('01964ee585977e73a9af28fcdc29f9f4',	'2025-04-19 18:33:06.968',	'2025-04-19 18:33:06.968',	NULL,	0,	800,	0,	'0195f8c4f9ce7176bad146bd21ff5674',	NULL,	'0195f3a7952d79838bb6f248981d49af'),
('01964ee5ae837708a8e064ee5bde0ee1',	'2025-04-19 18:33:17.444',	'2025-04-19 18:33:17.444',	NULL,	0,	2650,	0,	'0195f8c4f9ce7176bad146bd21ff5674',	NULL,	'0195f3a7952d79838bb6f248981d49af'),
('01964ee748047d37a2f75a489588b2a6',	'2025-04-19 18:35:02.277',	'2025-04-19 18:35:02.277',	NULL,	0,	830,	0,	'0195f8c4f9ce7176bad146bd21ff5674',	NULL,	'0195f3a7952d79838bb6f248981d49af'),
('01964ee775d87e5eb601f02d0de52f9f',	'2025-04-19 18:35:14.009',	'2025-04-19 18:35:14.009',	NULL,	0,	950,	0,	'0195f8c4f9ce7176bad146bd21ff5674',	NULL,	'0195f3a7952d79838bb6f248981d49af'),
('01964ee8c1307bd5b2274373ac2e7d60',	'2025-04-19 18:36:38.833',	'2025-04-19 18:36:38.833',	NULL,	0,	900,	0,	'0195f8c4f9ce7176bad146bd21ff5674',	NULL,	'0195f3a7952d79838bb6f248981d49af'),
('01964ee8e00e746088c46c76bd6b29fe',	'2025-04-19 18:36:46.734',	'2025-04-19 18:36:46.734',	NULL,	0,	680,	0,	'0195f8c4f9ce7176bad146bd21ff5674',	NULL,	'0195f3a7952d79838bb6f248981d49af'),
('01964ee93a217ccc8ed8a9ad6ef2be22',	'2025-04-19 18:37:09.794',	'2025-04-19 18:37:09.794',	NULL,	0,	350,	0,	'0195f8c4f9ce7176bad146bd21ff5674',	NULL,	'0195f3a7952d79838bb6f248981d49af'),
('01964eea42db7cf8a895b9bdbdff2be2',	'2025-04-19 18:38:17.564',	'2025-04-19 18:38:17.564',	NULL,	0,	910,	0,	'0195f8c4f9ce7176bad146bd21ff5674',	NULL,	'0195f3a7952d79838bb6f248981d49af'),
('01964eea579679bf91f41a29e9d6abfd',	'2025-04-19 18:38:22.871',	'2025-04-19 18:38:22.871',	NULL,	0,	380,	0,	'0195f8c4f9ce7176bad146bd21ff5674',	NULL,	'0195f3a7952d79838bb6f248981d49af'),
('01964eea91b47cfe953dea2a56755189',	'2025-04-19 18:38:37.749',	'2025-04-19 18:38:37.749',	NULL,	0,	530,	0,	'0195f8c4f9ce7176bad146bd21ff5674',	NULL,	'0195f3a7952d79838bb6f248981d49af'),
('01964eeb43117be3a22918f08cfa912c',	'2025-04-19 18:39:23.154',	'2025-04-19 18:39:23.154',	NULL,	0,	1160,	0,	'0195f8c4f9ce7176bad146bd21ff5674',	NULL,	'0195f3a7952d79838bb6f248981d49af'),
('01964eebf5757d6ebb75995bc03654d1',	'2025-04-19 18:40:08.822',	'2025-04-19 18:40:08.822',	NULL,	0,	530,	0,	'0195f8c4f9ce7176bad146bd21ff5674',	NULL,	'0195f3a7952d79838bb6f248981d49af'),
('01964eec53e37374ad8b4ed2b4f3d3e3',	'2025-04-19 18:40:32.995',	'2025-04-19 18:40:32.995',	NULL,	0,	500,	0,	'0195f8c4f9ce7176bad146bd21ff5674',	NULL,	'0195f71635417301a790629d2c192fca'),
('01964eecb1227c7fb3b70d3d76ded3e0',	'2025-04-19 18:40:56.867',	'2025-04-19 18:40:56.875',	NULL,	1,	430,	430,	'0195f8c4f9ce7176bad146bd21ff5674',	'0196045c95c3750dae4c4c56018b5cab',	'0195f3a7952d79838bb6f248981d49af'),
('01964eece0b874df9a0737f08316b243',	'2025-04-19 18:41:09.048',	'2025-04-19 18:41:09.048',	NULL,	0,	450,	0,	'0195f8c4f9ce7176bad146bd21ff5674',	NULL,	'0195f71635417301a790629d2c192fca'),
('01964eed7152745386d1cfd77aaff507',	'2025-04-19 18:41:46.066',	'2025-04-19 18:41:46.066',	NULL,	0,	-270,	0,	'0195f8c4f9ce7176bad146bd21ff5674',	NULL,	'0195f3a7952d79838bb6f248981d49af'),
('01964eed9e427ceab809f95ebaf8d3ab',	'2025-04-19 18:41:57.571',	'2025-04-19 18:41:57.571',	NULL,	0,	430,	0,	'0195f8c4f9ce7176bad146bd21ff5674',	NULL,	'0195f3a7952d79838bb6f248981d49af'),
('01964eee320c7ba2b3a0d52de5a889c1',	'2025-04-19 18:42:35.405',	'2025-04-19 18:42:35.405',	NULL,	0,	2220,	0,	'0195f8c4f9ce7176bad146bd21ff5674',	NULL,	'0195f3a7952d79838bb6f248981d49af'),
('01964eef1a41776891e707defc7a2de2',	'2025-04-19 18:43:34.850',	'2025-04-19 18:43:34.850',	NULL,	0,	530,	0,	'0195f8c4f9ce7176bad146bd21ff5674',	NULL,	'0195f3a7952d79838bb6f248981d49af'),
('01964eef31c074fa9013ae48edf72031',	'2025-04-19 18:43:40.864',	'2025-04-19 18:43:40.864',	NULL,	0,	350,	0,	'0195f8c4f9ce7176bad146bd21ff5674',	NULL,	'0195f3a7952d79838bb6f248981d49af'),
('01964eef67db7908802a602b8bc1ab9d',	'2025-04-19 18:43:54.716',	'2025-04-19 18:43:54.716',	NULL,	0,	1160,	0,	'0195f8c4f9ce7176bad146bd21ff5674',	NULL,	'0195f3a7952d79838bb6f248981d49af'),
('01964ef136e47364a645831c3cf370f2',	'2025-04-19 18:45:53.252',	'2025-04-19 18:45:53.252',	NULL,	0,	1210,	0,	'0195fd5dcef47edfb673a8d55548bb8d',	NULL,	'0196045371527564a77dafafd6967c4f'),
('01964ef158e47725b50321afbc95e10b',	'2025-04-19 18:46:01.957',	'2025-04-19 18:46:01.957',	NULL,	2,	250,	0,	'0195f8c4f9ce7176bad146bd21ff5674',	NULL,	'0195f3a7952d79838bb6f248981d49af'),
('01964ef1769379f681dff85bab6dbd16',	'2025-04-19 18:46:09.556',	'2025-04-19 18:46:09.556',	NULL,	0,	450,	0,	'0195f8c4f9ce7176bad146bd21ff5674',	NULL,	'0195f3a7952d79838bb6f248981d49af'),
('01964ef31d877c778df93676a6f1e4d6',	'2025-04-19 18:47:57.832',	'2025-04-19 18:47:57.832',	NULL,	0,	700,	0,	'0195f8c4f9ce7176bad146bd21ff5674',	NULL,	'0195f3a7952d79838bb6f248981d49af'),
('01964ef331bc7a9fb374b913d5b41c1a',	'2025-04-19 18:48:03.005',	'2025-04-19 18:48:03.005',	NULL,	3,	380,	0,	'0195f8c4f9ce7176bad146bd21ff5674',	NULL,	'0195f3a7952d79838bb6f248981d49af'),
('01964ef35e207671a402b4facaace5ab',	'2025-04-19 18:48:14.369',	'2025-04-19 18:48:14.369',	NULL,	0,	1030,	0,	'0195f8c4f9ce7176bad146bd21ff5674',	NULL,	'0195f3a7952d79838bb6f248981d49af'),
('01964ef3e2c0798b94ebdd3ba27ea1d4',	'2025-04-19 18:48:48.321',	'2025-04-19 18:48:48.321',	NULL,	0,	530,	0,	'0195f8c4f9ce7176bad146bd21ff5674',	NULL,	'0195f3a7952d79838bb6f248981d49af'),
('01964ef579c87f41b300769630d3785f',	'2025-04-19 18:50:32.521',	'2025-04-19 18:50:32.521',	NULL,	0,	380,	0,	'0195f8c4f9ce7176bad146bd21ff5674',	NULL,	'0195f3a7952d79838bb6f248981d49af'),
('01964ef5bace7985b2eb6c9bb804f7da',	'2025-04-19 18:50:49.167',	'2025-04-19 18:50:49.167',	NULL,	2,	1330,	0,	'0195f8c4f9ce7176bad146bd21ff5674',	NULL,	'0195f3a7952d79838bb6f248981d49af'),
('01964ef5ed397321aa122a14cbdcfd01',	'2025-04-19 18:51:02.073',	'2025-04-19 18:51:02.073',	NULL,	0,	1000,	0,	'0195f8c4f9ce7176bad146bd21ff5674',	NULL,	'0195f3a7952d79838bb6f248981d49af'),
('01964ef640827d219f17c8df0c02bff3',	'2025-04-19 18:51:23.395',	'2025-04-19 18:51:23.395',	NULL,	0,	-100,	0,	'0195f8c4f9ce7176bad146bd21ff5674',	NULL,	'0195f3a7952d79838bb6f248981d49af'),
('01964ef788797322a9e1516bc246e8dc',	'2025-04-19 18:52:47.353',	'2025-04-19 18:52:47.353',	NULL,	0,	430,	0,	'0195f8c4f9ce7176bad146bd21ff5674',	NULL,	'0195f3a7952d79838bb6f248981d49af'),
('01964ef7de5f7d74885b843e48325b29',	'2025-04-19 18:53:09.344',	'2025-04-19 18:53:09.344',	NULL,	0,	-100,	0,	'0195f8c4f9ce7176bad146bd21ff5674',	NULL,	'0195f3a7952d79838bb6f248981d49af'),
('01964ef9856d707085a72699894cfca5',	'2025-04-19 18:54:57.645',	'2025-04-19 18:54:57.645',	NULL,	0,	-100,	0,	'0195f8c4f9ce7176bad146bd21ff5674',	NULL,	'0195f3a7952d79838bb6f248981d49af'),
('01964efa5a547ed28b5ec1511439087d',	'2025-04-19 18:55:52.149',	'2025-04-19 18:55:52.149',	NULL,	0,	-200,	0,	'0195f8c4f9ce7176bad146bd21ff5674',	NULL,	'0195f3a7952d79838bb6f248981d49af'),
('01964efaa49474df944357e41e699a01',	'2025-04-19 18:56:11.156',	'2025-04-19 18:56:11.156',	NULL,	0,	-500,	0,	'0195f8c4f9ce7176bad146bd21ff5674',	NULL,	'0195f3a7952d79838bb6f248981d49af'),
('01964efbc68274b689f6a576adc6af02',	'2025-04-19 18:57:25.378',	'2025-04-19 18:57:25.378',	NULL,	0,	700,	0,	'0195f8c4f9ce7176bad146bd21ff5674',	NULL,	'0195f3a7952d79838bb6f248981d49af'),
('01964efbe01b723183fc2ebf24c168c0',	'2025-04-19 18:57:31.931',	'2025-04-19 18:57:31.931',	NULL,	0,	430,	0,	'0195f8c4f9ce7176bad146bd21ff5674',	NULL,	'0195f3a7952d79838bb6f248981d49af'),
('01964efcfccf72f598f10be13bb65bc7',	'2025-04-19 18:58:44.815',	'2025-04-19 18:58:44.815',	NULL,	0,	-300,	0,	'0195f8c4f9ce7176bad146bd21ff5674',	NULL,	'0195f3a7952d79838bb6f248981d49af'),
('01964efe78ca7427a6464e9ff74d9700',	'2025-04-19 19:00:22.090',	'2025-04-19 19:00:22.090',	NULL,	0,	830,	0,	'0195f8c4f9ce7176bad146bd21ff5674',	NULL,	'0195f3a7952d79838bb6f248981d49af'),
('01964f007b8d75b3a2130ae5cf86e09e',	'2025-04-19 19:02:33.869',	'2025-04-19 19:02:33.869',	NULL,	0,	200,	0,	'0195f8c4f9ce7176bad146bd21ff5674',	NULL,	'0195f3a7952d79838bb6f248981d49af'),
('01964f010ca77742922278ba9306a7ef',	'2025-04-19 19:03:11.016',	'2025-04-19 19:03:11.016',	NULL,	0,	500,	0,	'0195f8c4f9ce7176bad146bd21ff5674',	NULL,	'0195f71635417301a790629d2c192fca'),
('01964f01729c7408abf3c1a7e188c6a8',	'2025-04-19 19:03:37.116',	'2025-04-19 19:03:37.116',	NULL,	0,	1590,	0,	'0195f8c4f9ce7176bad146bd21ff5674',	NULL,	'0195f3a7952d79838bb6f248981d49af'),
('01964f01bb7f71f89d8812c3294384cb',	'2025-04-19 19:03:55.775',	'2025-04-19 19:03:55.775',	NULL,	0,	500,	0,	'0195f8c4f9ce7176bad146bd21ff5674',	NULL,	'0195f3a7952d79838bb6f248981d49af'),
('01964f02169376faafc896648344f1ea',	'2025-04-19 19:04:19.092',	'2025-04-19 19:04:19.092',	NULL,	0,	600,	0,	'0195f8c4f9ce7176bad146bd21ff5674',	NULL,	'0195f3a7952d79838bb6f248981d49af'),
('01964f02d8967a349a3240e6fbefaa07',	'2025-04-19 19:05:08.759',	'2025-04-19 19:05:08.759',	NULL,	0,	230,	0,	'0195f8c4f9ce7176bad146bd21ff5674',	NULL,	'0195f3a7952d79838bb6f248981d49af'),
('01964f032db27ef29aac3e5935e7d253',	'2025-04-19 19:05:30.547',	'2025-04-19 19:05:30.547',	NULL,	0,	350,	0,	'0195f8c4f9ce7176bad146bd21ff5674',	NULL,	'0195f71635417301a790629d2c192fca'),
('01964f038eaa71f8bc0d2cdf73129586',	'2025-04-19 19:05:55.370',	'2025-04-19 19:05:55.370',	NULL,	0,	-230,	0,	'0195f8c4f9ce7176bad146bd21ff5674',	NULL,	'0195f3a7952d79838bb6f248981d49af'),
('01964f040cd27192bc2a0d8c96a5f161',	'2025-04-19 19:06:27.666',	'2025-04-19 19:06:27.666',	NULL,	0,	400,	0,	'0195f8c4f9ce7176bad146bd21ff5674',	NULL,	'0195f3a7952d79838bb6f248981d49af'),
('01964f053a567f2284ea9d7199378f02',	'2025-04-19 19:07:44.855',	'2025-04-19 19:07:44.855',	NULL,	0,	860,	0,	'0195f8c4f9ce7176bad146bd21ff5674',	NULL,	'0195f3a7952d79838bb6f248981d49af'),
('01964f063e8a736f96720466898dd445',	'2025-04-19 19:08:51.466',	'2025-04-19 19:08:51.466',	NULL,	0,	600,	0,	'0195f8c4f9ce7176bad146bd21ff5674',	NULL,	'0195f3a7952d79838bb6f248981d49af'),
('01964f07cb4a71b7bb929905342a8ea9',	'2025-04-19 19:10:33.034',	'2025-04-19 19:10:33.034',	NULL,	0,	430,	0,	'0195f8c4f9ce7176bad146bd21ff5674',	NULL,	'0195f3a7952d79838bb6f248981d49af'),
('01964f08829b77099226ec5f5fb21ec2',	'2025-04-19 19:11:19.964',	'2025-04-19 19:11:19.964',	NULL,	0,	1000,	0,	'0195f8c4f9ce7176bad146bd21ff5674',	NULL,	'0195f71635417301a790629d2c192fca'),
('01964f091c267cc4b1d97ab6e9c4eb14',	'2025-04-19 19:11:59.271',	'2025-04-19 19:11:59.271',	NULL,	0,	460,	0,	'0195f8c4f9ce7176bad146bd21ff5674',	NULL,	'0195f3a7952d79838bb6f248981d49af'),
('01964f0954e47b399eb5c0fb2007e9c7',	'2025-04-19 19:12:13.797',	'2025-04-19 19:12:13.797',	NULL,	0,	1210,	0,	'0195f8c4f9ce7176bad146bd21ff5674',	NULL,	'0195f3a7952d79838bb6f248981d49af'),
('01964f0a795078f983a9ff7b57a9c6e5',	'2025-04-19 19:13:28.657',	'2025-04-19 19:13:28.657',	NULL,	0,	800,	0,	'0195f8c4f9ce7176bad146bd21ff5674',	NULL,	'0195f71635417301a790629d2c192fca'),
('01964f0a80997745a20ee44d2739def6',	'2025-04-19 19:13:30.522',	'2025-04-19 19:13:30.522',	NULL,	2,	300,	0,	'0195f8c4f9ce7176bad146bd21ff5674',	NULL,	'0195f3a7952d79838bb6f248981d49af'),
('01964f0ad40179edb06ca3f83ea10cee',	'2025-04-19 19:13:51.874',	'2025-04-19 19:13:51.874',	NULL,	0,	500,	0,	'0195f8c4f9ce7176bad146bd21ff5674',	NULL,	'0195f71635417301a790629d2c192fca'),
('01964f0b8dcc7412a5057e6359dc8963',	'2025-04-19 19:14:39.436',	'2025-04-19 19:14:39.436',	NULL,	0,	430,	0,	'0195f8c4f9ce7176bad146bd21ff5674',	NULL,	'0195f3a7952d79838bb6f248981d49af'),
('01964f0c819574b3ba589aa63361e964',	'2025-04-19 19:15:41.845',	'2025-04-19 19:15:41.845',	NULL,	0,	400,	0,	'0195f8c4f9ce7176bad146bd21ff5674',	NULL,	'0195f3a7952d79838bb6f248981d49af'),
('01964f0cec0c7dfc90d88cbfb1a1b739',	'2025-04-19 19:16:09.101',	'2025-04-19 19:16:09.101',	NULL,	0,	700,	0,	'0195f8c4f9ce7176bad146bd21ff5674',	NULL,	'0195f3a7952d79838bb6f248981d49af'),
('01964f112b327ca2a42fcbf3d73ba7f0',	'2025-04-19 19:20:47.411',	'2025-04-19 19:20:47.411',	NULL,	0,	860,	0,	'0195f8c4f9ce7176bad146bd21ff5674',	NULL,	'0195f3a7952d79838bb6f248981d49af'),
('01964f11a0dc710e81ab2046f900e5c3',	'2025-04-19 19:21:17.532',	'2025-04-19 19:21:17.532',	NULL,	0,	830,	0,	'0195f8c4f9ce7176bad146bd21ff5674',	NULL,	'0195f3a7952d79838bb6f248981d49af'),
('01964f11f3f3715d89920d27d2477e75',	'2025-04-19 19:21:38.803',	'2025-04-19 19:21:38.803',	NULL,	0,	350,	0,	'0195f8c4f9ce7176bad146bd21ff5674',	NULL,	'0195f3a7952d79838bb6f248981d49af'),
('01964f13a1117595adc165bd02239b83',	'2025-04-19 19:23:28.657',	'2025-04-19 19:23:28.657',	NULL,	0,	200,	0,	'0195f8c4f9ce7176bad146bd21ff5674',	NULL,	'0195f3a7952d79838bb6f248981d49af'),
('01964f16e7dd74819f2a4e3960496e07',	'2025-04-19 19:27:03.389',	'2025-04-19 19:27:03.389',	NULL,	0,	990,	0,	'0195f8c4f9ce7176bad146bd21ff5674',	NULL,	'0195f3a7952d79838bb6f248981d49af'),
('01964f1843ab72f4b7a44771549ecd8e',	'2025-04-19 19:28:32.427',	'2025-04-19 19:28:32.427',	NULL,	0,	700,	0,	'0195f8c4f9ce7176bad146bd21ff5674',	NULL,	'0195f3a7952d79838bb6f248981d49af'),
('01964f19b6da7a6f93965a7bcf9da217',	'2025-04-19 19:30:07.451',	'2025-04-19 19:30:07.451',	NULL,	0,	630,	0,	'0195f8c4f9ce7176bad146bd21ff5674',	NULL,	'0195f3a7952d79838bb6f248981d49af'),
('01964f19d2c27c9683fde9c94c3bd985',	'2025-04-19 19:30:14.595',	'2025-04-19 19:30:14.595',	NULL,	0,	2450,	0,	'0195f8c4f9ce7176bad146bd21ff5674',	NULL,	'0195f3a7952d79838bb6f248981d49af'),
('01964f1b37a5766fa8b8341ac99127ef',	'2025-04-19 19:31:45.958',	'2025-04-19 19:31:45.958',	NULL,	0,	450,	0,	'0195f8c4f9ce7176bad146bd21ff5674',	NULL,	'0195f3a7952d79838bb6f248981d49af'),
('01964f1c7aa976939526fb43ebdaa96d',	'2025-04-19 19:33:08.650',	'2025-04-19 19:33:08.650',	NULL,	2,	300,	0,	'0195f8c4f9ce7176bad146bd21ff5674',	NULL,	'0195f3a7952d79838bb6f248981d49af'),
('01964f1d28627451ad97e10bdf6d87bd',	'2025-04-19 19:33:53.122',	'2025-04-19 19:33:53.122',	NULL,	0,	750,	0,	'0195f8c4f9ce7176bad146bd21ff5674',	NULL,	'0195f3a7952d79838bb6f248981d49af'),
('01964f1ddb687edfb4b7a10af7365aa1',	'2025-04-19 19:34:38.953',	'2025-04-19 19:34:38.953',	NULL,	0,	1290,	0,	'0195f8c4f9ce7176bad146bd21ff5674',	NULL,	'0195f3a7952d79838bb6f248981d49af'),
('01964f1e4c947d91b4f738062e2351ae',	'2025-04-19 19:35:07.925',	'2025-04-19 19:35:07.925',	NULL,	0,	300,	0,	'0195f8c4f9ce7176bad146bd21ff5674',	NULL,	'0195f3a7952d79838bb6f248981d49af'),
('01964f1e893f71b1a5e05fd33f793ec8',	'2025-04-19 19:35:23.455',	'2025-04-19 19:35:23.461',	NULL,	1,	430,	430,	'0195f8c4f9ce7176bad146bd21ff5674',	'0196045bc3e672eeb38280e33cf3f455',	'0195f3a7952d79838bb6f248981d49af'),
('01964f1ee1047196afa9726ff3c2d334',	'2025-04-19 19:35:45.924',	'2025-04-19 19:35:45.924',	NULL,	0,	180,	0,	'0195f8c4f9ce7176bad146bd21ff5674',	NULL,	'0195f3a7952d79838bb6f248981d49af'),
('01964f1f022774dba346d40cd3e5a184',	'2025-04-19 19:35:54.407',	'2025-04-19 19:35:54.407',	NULL,	0,	800,	0,	'0195f8c4f9ce7176bad146bd21ff5674',	NULL,	'0195f3a7952d79838bb6f248981d49af'),
('01964f22fcfb7058b3ee2eee459fa299',	'2025-04-19 19:40:15.227',	'2025-04-19 19:40:15.227',	NULL,	0,	2100,	0,	'0195f8c4f9ce7176bad146bd21ff5674',	NULL,	'0195f3a7952d79838bb6f248981d49af'),
('01964f236c1f79838e596dd8b3b02811',	'2025-04-19 19:40:43.680',	'2025-04-19 19:40:43.680',	NULL,	0,	400,	0,	'0195f8c4f9ce7176bad146bd21ff5674',	NULL,	'0195f3a7952d79838bb6f248981d49af'),
('01964f2462087998b983ea0f99faa8ff',	'2025-04-19 19:41:46.633',	'2025-04-19 19:41:46.633',	NULL,	0,	1590,	0,	'0195f8c4f9ce7176bad146bd21ff5674',	NULL,	'0195f3a7952d79838bb6f248981d49af'),
('01964f25beea77378a7cc4c0de0140d2',	'2025-04-19 19:43:15.947',	'2025-04-19 19:43:15.947',	NULL,	0,	430,	0,	'0195f8c4f9ce7176bad146bd21ff5674',	NULL,	'0195f3a7952d79838bb6f248981d49af'),
('01964f27663f75fead27f97c880f0b66',	'2025-04-19 19:45:04.319',	'2025-04-19 19:45:04.319',	NULL,	0,	450,	0,	'0195f8c4f9ce7176bad146bd21ff5674',	NULL,	'0195f3a7952d79838bb6f248981d49af'),
('01964f28ddd377e9b2e2c79a8c83b555',	'2025-04-19 19:46:40.468',	'2025-04-19 19:46:40.468',	NULL,	0,	1200,	0,	'0195f8c4f9ce7176bad146bd21ff5674',	NULL,	'0195f3a7952d79838bb6f248981d49af'),
('01964f2d53e67315bcdd00d09f1bf102',	'2025-04-19 19:51:32.838',	'2025-04-19 19:51:32.838',	NULL,	0,	4140,	0,	'0195f8c4f9ce7176bad146bd21ff5674',	NULL,	'0195f3a7952d79838bb6f248981d49af'),
('01964f303f98728ba0374bad20753844',	'2025-04-19 19:54:44.248',	'2025-04-19 19:54:44.248',	NULL,	0,	660,	0,	'0195f8c4f9ce7176bad146bd21ff5674',	NULL,	'0195f3a7952d79838bb6f248981d49af'),
('01964f384cf17b779b2a9f4bffcef067',	'2025-04-19 20:03:31.954',	'2025-04-19 20:03:31.954',	NULL,	0,	550,	0,	'0195f8c4f9ce7176bad146bd21ff5674',	NULL,	'0195f3a7952d79838bb6f248981d49af'),
('01964f38f3127de1b5aa7c327cb544c6',	'2025-04-19 20:04:14.483',	'2025-04-19 20:04:14.483',	NULL,	3,	380,	0,	'0195f8c4f9ce7176bad146bd21ff5674',	NULL,	'0195f3a7952d79838bb6f248981d49af'),
('01964f3a56f47019ac011716b853346f',	'2025-04-19 20:05:45.588',	'2025-04-19 20:05:45.588',	NULL,	0,	2450,	0,	'0195f8c4f9ce7176bad146bd21ff5674',	NULL,	'0195f3a7952d79838bb6f248981d49af'),
('01964f3b46f375638b82a733048cec34',	'2025-04-19 20:06:47.027',	'2025-04-19 20:06:47.027',	NULL,	0,	300,	0,	'0195f8c4f9ce7176bad146bd21ff5674',	NULL,	'0195f3a7952d79838bb6f248981d49af'),
('01964f3f0f3b724a9c049e960419f8b9',	'2025-04-19 20:10:54.907',	'2025-04-19 20:10:54.907',	NULL,	0,	-200,	0,	'0195f8c4f9ce7176bad146bd21ff5674',	NULL,	'0195f3a7952d79838bb6f248981d49af'),
('01964f4270bc72929357f633b1b15c79',	'2025-04-19 20:14:36.476',	'2025-04-19 20:14:36.476',	NULL,	0,	380,	0,	'0195f8c4f9ce7176bad146bd21ff5674',	NULL,	'0195f3a7952d79838bb6f248981d49af'),
('01964f4b40a5775d971952907cea6c61',	'2025-04-19 20:24:13.990',	'2025-04-19 20:24:13.990',	NULL,	0,	350,	0,	'0195f8c4f9ce7176bad146bd21ff5674',	NULL,	'0195f3a7952d79838bb6f248981d49af'),
('01964f4b5fc478f480ed96fe6857301d',	'2025-04-19 20:24:21.957',	'2025-04-19 20:24:21.957',	NULL,	0,	1050,	0,	'0195f8c4f9ce7176bad146bd21ff5674',	NULL,	'0195f3a7952d79838bb6f248981d49af'),
('01964f4c6e727785b49202a77028f074',	'2025-04-19 20:25:31.251',	'2025-04-19 20:25:31.251',	NULL,	0,	430,	0,	'0195f8c4f9ce7176bad146bd21ff5674',	NULL,	'0195f3a7952d79838bb6f248981d49af'),
('01964f59445b710da111f82f0752b450',	'2025-04-19 20:39:32.443',	'2025-04-19 20:39:32.443',	NULL,	0,	1030,	0,	'0195f8c4f9ce7176bad146bd21ff5674',	NULL,	'0195f3a7952d79838bb6f248981d49af'),
('01964f5aea697bf8a0478dbbb70e5205',	'2025-04-19 20:41:20.490',	'2025-04-19 20:41:20.490',	NULL,	0,	680,	0,	'0195f8c4f9ce7176bad146bd21ff5674',	NULL,	'0195f3a7952d79838bb6f248981d49af'),
('01964f5dbba778289d85f88b6fb1793b',	'2025-04-19 20:44:25.128',	'2025-04-19 20:44:25.128',	NULL,	0,	3500,	0,	'0195f8c4f9ce7176bad146bd21ff5674',	NULL,	'0195f3a7952d79838bb6f248981d49af'),
('01964f60c95e77329929cd8d0297cb70',	'2025-04-19 20:47:45.247',	'2025-04-19 20:47:45.252',	NULL,	1,	810,	810,	'0195f8c4f9ce7176bad146bd21ff5674',	'0196045bc3e672eeb38280e33cf3f455',	'0195f3a7952d79838bb6f248981d49af'),
('01964f6a6002752f9211ec61aab7ed58',	'2025-04-19 20:58:13.634',	'2025-04-19 20:58:13.634',	NULL,	0,	600,	0,	'0195f8c4f9ce7176bad146bd21ff5674',	NULL,	'0195f3a7952d79838bb6f248981d49af'),
('01964f6ab27076c2a1a5bd60aba07d90',	'2025-04-19 20:58:34.737',	'2025-04-19 20:58:34.737',	NULL,	0,	1760,	0,	'0195f8c4f9ce7176bad146bd21ff5674',	NULL,	'0195f3a7952d79838bb6f248981d49af'),
('01964f6c49d77ddcbde7d84966400818',	'2025-04-19 21:00:19.032',	'2025-04-19 21:00:19.032',	NULL,	0,	3500,	0,	'0195f8c4f9ce7176bad146bd21ff5674',	NULL,	'0195f3a7952d79838bb6f248981d49af'),
('01964f73d8237e6ba22c52f07c421eb4',	'2025-04-19 21:08:34.212',	'2025-04-19 21:08:34.219',	NULL,	1,	300,	300,	'0195f8c4f9ce7176bad146bd21ff5674',	'01960459cbc8797daeed6fa1ec0fb685',	'0195f3a7952d79838bb6f248981d49af'),
('01964f74798272309a1690b213184820',	'2025-04-19 21:09:15.522',	'2025-04-19 21:09:15.522',	NULL,	0,	1050,	0,	'0195f8c4f9ce7176bad146bd21ff5674',	NULL,	'0195f3a7952d79838bb6f248981d49af'),
('01964f767ca472ca936f248fb199fc12',	'2025-04-19 21:11:27.396',	'2025-04-19 21:11:27.396',	NULL,	0,	630,	0,	'0195f8c4f9ce7176bad146bd21ff5674',	NULL,	'0195f3a7952d79838bb6f248981d49af'),
('01964f7cf38a708388bf5c7a5732fc44',	'2025-04-19 21:18:31.050',	'2025-04-19 21:18:31.050',	NULL,	0,	3500,	0,	'0195f8c4f9ce7176bad146bd21ff5674',	NULL,	'0195f3a7952d79838bb6f248981d49af'),
('01964f8901b87154b3afecdf2c744a17',	'2025-04-19 21:31:41.112',	'2025-04-19 21:31:41.112',	NULL,	0,	2800,	0,	'0195f8c4f9ce7176bad146bd21ff5674',	NULL,	'0195f3a7952d79838bb6f248981d49af'),
('01964f8f98cb7c82a15193f05893c0e9',	'2025-04-19 21:38:53.004',	'2025-04-19 21:38:53.004',	NULL,	0,	680,	0,	'0195f8c4f9ce7176bad146bd21ff5674',	NULL,	'0195f3a7952d79838bb6f248981d49af'),
('01964f922d3472eeada7e62671f2a452',	'2025-04-19 21:41:42.068',	'2025-04-19 21:41:42.068',	NULL,	0,	1250,	0,	'0195f8c4f9ce7176bad146bd21ff5674',	NULL,	'0195f3a7952d79838bb6f248981d49af'),
('01964f925c6a7252bcc9735787e97d10',	'2025-04-19 21:41:54.154',	'2025-04-19 21:41:54.154',	NULL,	3,	380,	0,	'0195f8c4f9ce7176bad146bd21ff5674',	NULL,	'0195f3a7952d79838bb6f248981d49af'),
('01964f99ed22767fb8bba573bffae582',	'2025-04-19 21:50:09.955',	'2025-04-19 21:50:09.955',	NULL,	0,	2800,	0,	'0195f8c4f9ce7176bad146bd21ff5674',	NULL,	'0195f3a7952d79838bb6f248981d49af'),
('01964f9cb7d270b5bd786f5d7d55e5a4',	'2025-04-19 21:53:12.914',	'2025-04-19 21:53:12.914',	NULL,	0,	700,	0,	'0195f8c4f9ce7176bad146bd21ff5674',	NULL,	'0195f3a7952d79838bb6f248981d49af'),
('01964fa077fa7e4f9be8a9225a15b80d',	'2025-04-19 21:57:18.715',	'2025-04-19 21:57:18.722',	NULL,	1,	1670,	1670,	'0195f8c4f9ce7176bad146bd21ff5674',	'01960459cbc8797daeed6fa1ec0fb685',	'0195f3a7952d79838bb6f248981d49af'),
('01964fa4f6fd71328d7b4dc77318dec3',	'2025-04-19 22:02:13.373',	'2025-04-19 22:02:13.373',	NULL,	0,	1200,	0,	'0195f8c4f9ce7176bad146bd21ff5674',	NULL,	'0195f3a7952d79838bb6f248981d49af'),
('01964fa531167145a10b46297953bb0f',	'2025-04-19 22:02:28.246',	'2025-04-19 22:02:28.246',	NULL,	3,	1750,	0,	'0195f8c4f9ce7176bad146bd21ff5674',	NULL,	'0195f3a7952d79838bb6f248981d49af'),
('01964fa5a34477af95a13cfc5c2b263f',	'2025-04-19 22:02:57.477',	'2025-04-19 22:02:57.477',	NULL,	3,	350,	0,	'0195f8c4f9ce7176bad146bd21ff5674',	NULL,	'0195f3a7952d79838bb6f248981d49af'),
('01964faa64f07caf9401049610c7c3ac',	'2025-04-19 22:08:09.201',	'2025-04-19 22:08:09.201',	NULL,	0,	2700,	0,	'0195f8c4f9ce7176bad146bd21ff5674',	NULL,	'0195f3a7952d79838bb6f248981d49af'),
('01964fab7182796f98d578b661dc1d19',	'2025-04-19 22:09:17.955',	'2025-04-19 22:09:17.955',	NULL,	0,	1060,	0,	'0195f8c4f9ce7176bad146bd21ff5674',	NULL,	'0195f3a7952d79838bb6f248981d49af'),
('01964fb640417a7a97850714267a3470',	'2025-04-19 22:21:06.242',	'2025-04-19 22:21:06.242',	NULL,	0,	1030,	0,	'0195f8c4f9ce7176bad146bd21ff5674',	NULL,	'0195f3a7952d79838bb6f248981d49af'),
('01964fb7605f7dd38f45e79ad10e1a2a',	'2025-04-19 22:22:20.000',	'2025-04-19 22:22:20.000',	NULL,	0,	1400,	0,	'0195f8c4f9ce7176bad146bd21ff5674',	NULL,	'0195f3a7952d79838bb6f248981d49af'),
('01964fb992e07260bf57170a08f54942',	'2025-04-19 22:24:44.000',	'2025-04-19 22:24:44.000',	NULL,	0,	1630,	0,	'0195f8c4f9ce7176bad146bd21ff5674',	NULL,	'0195f3a7952d79838bb6f248981d49af'),
('01964fbdce6b7efb8a7298950627a35f',	'2025-04-19 22:29:21.388',	'2025-04-19 22:29:21.388',	NULL,	0,	1750,	0,	'0195f8c4f9ce7176bad146bd21ff5674',	NULL,	'0195f3a7952d79838bb6f248981d49af'),
('01964fc1ca23772c999a74df822437ad',	'2025-04-19 22:33:42.436',	'2025-04-19 22:33:42.436',	NULL,	0,	2800,	0,	'0195f8c4f9ce7176bad146bd21ff5674',	NULL,	'0195f3a7952d79838bb6f248981d49af'),
('01964fc5c99070d5b2f63632cf308d36',	'2025-04-19 22:38:04.432',	'2025-04-19 22:38:04.432',	NULL,	0,	2450,	0,	'0195f8c4f9ce7176bad146bd21ff5674',	NULL,	'0195f3a7952d79838bb6f248981d49af'),
('01964fd8e3217f38bbc956c104a208ac',	'2025-04-19 22:58:56.162',	'2025-04-19 22:58:56.162',	NULL,	0,	700,	0,	'0195f8c4f9ce7176bad146bd21ff5674',	NULL,	'0195f3a7952d79838bb6f248981d49af'),
('01964fda66f77d13b2699afd48d4d73d',	'2025-04-19 23:00:35.448',	'2025-04-19 23:00:35.448',	NULL,	0,	1140,	0,	'0195f8c4f9ce7176bad146bd21ff5674',	NULL,	'0195f3a7952d79838bb6f248981d49af'),
('01964fdb21fb714e8ed6f8fd6e358f79',	'2025-04-19 23:01:23.323',	'2025-04-19 23:01:23.323',	NULL,	0,	1160,	0,	'0195f8c4f9ce7176bad146bd21ff5674',	NULL,	'0195f3a7952d79838bb6f248981d49af'),
('01964fe011197717be338de21b471c81',	'2025-04-19 23:06:46.682',	'2025-04-19 23:06:46.682',	NULL,	0,	680,	0,	'0195f8c4f9ce7176bad146bd21ff5674',	NULL,	'0195f3a7952d79838bb6f248981d49af'),
('01964fec5d0e76f7b4c000c90e6e79d3',	'2025-04-19 23:20:12.559',	'2025-04-19 23:20:12.559',	NULL,	0,	600,	0,	'0195f8c4f9ce7176bad146bd21ff5674',	NULL,	'0195f3a7952d79838bb6f248981d49af'),
('01964ffac4d97d6daa1ce326eefba58c',	'2025-04-19 23:35:56.634',	'2025-04-19 23:35:56.634',	NULL,	0,	1400,	0,	'0195f8c4f9ce7176bad146bd21ff5674',	NULL,	'0195f3a7952d79838bb6f248981d49af'),
('0196500235647420b03125c789e9c381',	'2025-04-19 23:44:04.196',	'2025-04-19 23:44:04.196',	NULL,	0,	1750,	0,	'0195f8c4f9ce7176bad146bd21ff5674',	NULL,	'0195f3a7952d79838bb6f248981d49af'),
('019650079b1b738c978f285bd3abf2d9',	'2025-04-19 23:49:57.915',	'2025-04-19 23:49:57.915',	NULL,	0,	600,	0,	'0195f8c4f9ce7176bad146bd21ff5674',	NULL,	'0195f3a7952d79838bb6f248981d49af'),
('0196500c666c7a839bd5c02f6c1e0dbd',	'2025-04-19 23:55:12.109',	'2025-04-19 23:55:12.109',	NULL,	0,	700,	0,	'0195f8c4f9ce7176bad146bd21ff5674',	NULL,	'0195f3a7952d79838bb6f248981d49af'),
('0196501610b57a06869bdbe60d164e1d',	'2025-04-20 00:05:45.526',	'2025-04-20 00:05:45.526',	NULL,	0,	700,	0,	'0195f8c4f9ce7176bad146bd21ff5674',	NULL,	'0195f3a7952d79838bb6f248981d49af'),
('01965017f8517314a1d86df173976185',	'2025-04-20 00:07:50.353',	'2025-04-20 00:07:50.353',	NULL,	0,	350,	0,	'0195f8c4f9ce7176bad146bd21ff5674',	NULL,	'0195f3a7952d79838bb6f248981d49af'),
('01965024822a7ee294acef3f20181396',	'2025-04-20 00:21:32.075',	'2025-04-20 00:21:32.075',	NULL,	0,	1050,	0,	'0195f8c4f9ce7176bad146bd21ff5674',	NULL,	'0195f3a7952d79838bb6f248981d49af');

DROP TABLE IF EXISTS `users`;
CREATE TABLE `users` (
  `id` varchar(36) NOT NULL,
  `created_at` datetime(3) DEFAULT NULL,
  `updated_at` datetime(3) DEFAULT NULL,
  `deleted_at` datetime(3) DEFAULT NULL,
  `username` varchar(50) NOT NULL,
  `password` longtext NOT NULL,
  `role_id` varchar(36) NOT NULL,
  PRIMARY KEY (`id`),
  UNIQUE KEY `idx_users_username` (`username`),
  KEY `idx_users_deleted_at` (`deleted_at`),
  KEY `fk_roles_users` (`role_id`),
  CONSTRAINT `fk_roles_users` FOREIGN KEY (`role_id`) REFERENCES `roles` (`id`) ON DELETE CASCADE
) ENGINE=InnoDB DEFAULT CHARSET=utf8mb4 COLLATE=utf8mb4_0900_ai_ci;

INSERT INTO `users` (`id`, `created_at`, `updated_at`, `deleted_at`, `username`, `password`, `role_id`) VALUES
('0195f8c40665740a8cb35fee21998fe3',	'2025-04-02 23:09:11.142',	'2025-04-02 23:09:11.142',	NULL,	'admin',	'$2a$14$rTLw//w7cjvbAL3W5Y9U8.aVIwQzy5iAlnXg3MOyKJZ5WrWBQ/D4y',	'0195c25a4d907d7ca2c74413713b6af8'),
('0195f8c4f9ce7176bad146bd21ff5674',	'2025-04-02 23:10:13.454',	'2025-04-02 23:10:13.454',	NULL,	'thomas',	'$2a$14$Wk1/e3nCbSX9GTuUeIJCdu0K8eeE4GP.fXPoZwoc69rz7drOGl.oS',	'0195c25a4d907d7ca2c74413713b6af8'),
('0195fd5dcef47edfb673a8d55548bb8d',	'2025-04-03 22:35:38.357',	'2025-04-03 22:35:38.357',	NULL,	'seidlbar',	'$2a$14$zh8MBM3wMlWcyJSJTI7PvOrrmryF9.86DFH9Js9WtUENn7u6GA7jy',	'0195c25bd5be75659abae26c0b14d601'),
('0195fd5f848d722c95b09d1f6b01e0a0',	'2025-04-03 22:37:30.381',	'2025-04-03 22:37:30.381',	NULL,	'essen',	'$2a$14$Yu1Vfzf9yjmtejr7nkX.b.5S64zlmMOxbjyuT09r.j6zyM4HnuCsO',	'0195c25beee17932b786860593092a8a'),
('0195fd61014c7e48bd5a34ca2ef7b837',	'2025-04-03 22:39:07.853',	'2025-04-21 08:52:15.061',	NULL,	'kantine',	'$2a$14$PEeI.n64DCfFAvfvTEMaH.imyV6DUPFH.VYDYDJ3kWk53ucoz8MOm',	'0195c25bb0847bbd92db858493588db5');

DROP TABLE IF EXISTS `view_products`;
CREATE TABLE `view_products` (
  `view_id` varchar(36) NOT NULL,
  `product_id` varchar(36) NOT NULL,
  `position` tinyint DEFAULT NULL,
  `color` longtext,
  PRIMARY KEY (`view_id`,`product_id`),
  KEY `fk_view_products_product` (`product_id`),
  CONSTRAINT `fk_view_products_product` FOREIGN KEY (`product_id`) REFERENCES `products` (`id`),
  CONSTRAINT `fk_view_products_view` FOREIGN KEY (`view_id`) REFERENCES `views` (`id`)
) ENGINE=InnoDB DEFAULT CHARSET=utf8mb4 COLLATE=utf8mb4_0900_ai_ci;

INSERT INTO `view_products` (`view_id`, `product_id`, `position`, `color`) VALUES
('0195f3a7952d79838bb6f248981d49af',	'0195c262b02b78c0a6b84ce41186113f',	0,	''),
('0195f3a7952d79838bb6f248981d49af',	'0195c262f3b079f18fcf0a63d5d257a1',	0,	''),
('0195f3a7952d79838bb6f248981d49af',	'0195c2631a1c7ea28d378570e50882ac',	0,	''),
('0195f3a7952d79838bb6f248981d49af',	'0195c26349017c6bb95b29311608b3a9',	0,	''),
('0195f3a7952d79838bb6f248981d49af',	'0195c2637206702286349483767473e3',	0,	''),
('0195f3a7952d79838bb6f248981d49af',	'0195c26415937c218e587e7c2d69ed99',	0,	''),
('0195f3a7952d79838bb6f248981d49af',	'0195c26433ba7c7da6c5a2d10218dfdb',	0,	''),
('0195f3a7952d79838bb6f248981d49af',	'0195c266b1327ac5bb737e2468889c5f',	0,	''),
('0195f3a7952d79838bb6f248981d49af',	'0195c266ddd7716a960c683e82daae7a',	0,	''),
('0195f3a7952d79838bb6f248981d49af',	'0195c267068f7c6baac4c734bb489a89',	0,	''),
('0195f3a7952d79838bb6f248981d49af',	'0195c2674b507004a8833a9ed76c77ce',	0,	''),
('0195f3a7952d79838bb6f248981d49af',	'0195c26766c1775990740c6d07f3a3be',	0,	''),
('0195f3a7952d79838bb6f248981d49af',	'0195c26794c77ec9b6b7a8b6a6b6d9ff',	0,	''),
('0195f3a7952d79838bb6f248981d49af',	'0195c267f2a871918bd1d8955646031f',	0,	''),
('0195f3a7952d79838bb6f248981d49af',	'0195c2682f2977c9b21737c2eea529c1',	0,	''),
('0195f3a7952d79838bb6f248981d49af',	'0195c268d4f372b88fbd4cc7eb0a5b61',	0,	''),
('0195f3a7952d79838bb6f248981d49af',	'0195c269c2cd7698b27b817a4a45beaf',	0,	''),
('0195f3a7952d79838bb6f248981d49af',	'0195c269f11b748cb6bcd4060a17d3e9',	0,	''),
('0195f3a7952d79838bb6f248981d49af',	'0195c26a30fe7c8995cb994b97aefac0',	0,	''),
('0195f3a7952d79838bb6f248981d49af',	'0195c26a501d7da88266c3b3ab90df94',	0,	''),
('0195f3a7952d79838bb6f248981d49af',	'0195c26ac6227181ba7afc82f2a831ba',	0,	''),
('0195f3a7952d79838bb6f248981d49af',	'0195c26aeb317070a01c4243557edbbc',	0,	''),
('0195f3a7952d79838bb6f248981d49af',	'0195c26b1c1471faa68cbb81c8e4be52',	0,	''),
('0195f3a7952d79838bb6f248981d49af',	'0195c26b498f75e8a8db174507a1e250',	0,	''),
('0195f3a7952d79838bb6f248981d49af',	'0195c26b9e6476d295445b38c2c4bdf8',	0,	''),
('0195f3a7952d79838bb6f248981d49af',	'0195c26bd31878b7a099c89fb57124aa',	0,	''),
('0195f3a7952d79838bb6f248981d49af',	'0195c26bf4bc7ba3ac73d0c7de6dd74d',	0,	''),
('0195f3a7952d79838bb6f248981d49af',	'0195c26c578278dea40fceda969d858f',	0,	''),
('0195f3a7952d79838bb6f248981d49af',	'0195c26c7a58737b8daf1023fd96fffe',	0,	''),
('0195f3a7952d79838bb6f248981d49af',	'0195c26cbe8378d5a1829e6bb8d5f1a1',	0,	''),
('0195f3a7952d79838bb6f248981d49af',	'0195c26d87687654923b24e51014a7a2',	0,	''),
('0195f3a7952d79838bb6f248981d49af',	'0195c26db6f9792e88553329afabb299',	0,	''),
('0195f3a7952d79838bb6f248981d49af',	'0195c26ddc70797394f57288dffc7127',	0,	''),
('0195f3a7952d79838bb6f248981d49af',	'0195c26e1ca278cea52cb7b9fd9e5a30',	0,	''),
('0195f3a7952d79838bb6f248981d49af',	'0195c26e6b417df5903364fd6496b294',	0,	''),
('0195f3a7952d79838bb6f248981d49af',	'0195c26f7eaa769fb722fdc4a70b3b47',	0,	''),
('0195f3a7952d79838bb6f248981d49af',	'0195c26f9f14716eb0ead6b4a214c777',	0,	''),
('0195f3a7952d79838bb6f248981d49af',	'0195c26fc3887233a3a32d732d9f3c08',	0,	''),
('0195f3a7952d79838bb6f248981d49af',	'0195c270241375a29754d06bb1902c7f',	0,	''),
('0195f3a7952d79838bb6f248981d49af',	'0195c27050ba70c1ab1d55db6c15b7da',	0,	''),
('0195f3a7952d79838bb6f248981d49af',	'0195c27076157a08bbd9b0b3f4046689',	0,	''),
('0195f3a7952d79838bb6f248981d49af',	'0195c2710ad47cabb38214c41214fc4e',	0,	''),
('0195f3a7952d79838bb6f248981d49af',	'0195c27134ba78fa882ee478e199c476',	0,	''),
('0195f3a7952d79838bb6f248981d49af',	'0195c2716383782ba39d1ecbf038d3cf',	0,	''),
('0195f3a7952d79838bb6f248981d49af',	'0195c271a0ba769684ab83687f549c24',	0,	''),
('0195f3a7952d79838bb6f248981d49af',	'0195c271c80e76408597c377b11eb96a',	0,	''),
('0195f3a7952d79838bb6f248981d49af',	'0195c272021b74b8bbba75114b991152',	0,	''),
('0195f3a7952d79838bb6f248981d49af',	'0195c2724cc77a3e87491f67ed9d884e',	0,	''),
('0195f3a7952d79838bb6f248981d49af',	'0195c272a7df7820b731e3df0c516385',	0,	''),
('0195f3a7952d79838bb6f248981d49af',	'0195c2733ec17029bf190b9da94d8c41',	0,	''),
('0195f3a7952d79838bb6f248981d49af',	'0195c273af287165b74ec12be9f34456',	0,	''),
('0195f3a7952d79838bb6f248981d49af',	'0195c273d56776a0a73b71982b1a0ede',	0,	''),
('0195f3a7952d79838bb6f248981d49af',	'0195c3022c8277bca78a1b23b86f5179',	0,	''),
('0195f3a7952d79838bb6f248981d49af',	'01964dfc55ee7d0a943f73d59c16b419',	0,	''),
('0195f3a7952d79838bb6f248981d49af',	'01964e00ee1b70629480c8c8a51a7dad',	0,	''),
('0195f71635417301a790629d2c192fca',	'0195c264da2c78ac949a2d45897f424f',	0,	''),
('0195f71635417301a790629d2c192fca',	'0195c2662d4772b4a6950cfe9316cab8',	0,	''),
('0195f71635417301a790629d2c192fca',	'01964ded963c79c69297c094ba29a511',	0,	''),
('0195f71635417301a790629d2c192fca',	'01964df5e1237047938d8af1dbaf9779',	0,	''),
('0195f71635417301a790629d2c192fca',	'01964df684557d29850e369683f2faa0',	0,	''),
('0195f71635417301a790629d2c192fca',	'01964df76d8f7bb286b4450e98478e39',	0,	''),
('0196045371527564a77dafafd6967c4f',	'0195c26a30fe7c8995cb994b97aefac0',	0,	''),
('0196045371527564a77dafafd6967c4f',	'0195c26a501d7da88266c3b3ab90df94',	0,	''),
('0196045371527564a77dafafd6967c4f',	'0195c26ac6227181ba7afc82f2a831ba',	0,	''),
('0196045371527564a77dafafd6967c4f',	'0195c26aeb317070a01c4243557edbbc',	0,	''),
('0196045371527564a77dafafd6967c4f',	'0195c26bd31878b7a099c89fb57124aa',	0,	''),
('0196045371527564a77dafafd6967c4f',	'0195c26bf4bc7ba3ac73d0c7de6dd74d',	0,	''),
('0196045371527564a77dafafd6967c4f',	'0195c26d87687654923b24e51014a7a2',	0,	''),
('0196045371527564a77dafafd6967c4f',	'0195c26db6f9792e88553329afabb299',	0,	''),
('0196045371527564a77dafafd6967c4f',	'0195c26e1ca278cea52cb7b9fd9e5a30',	0,	''),
('0196045371527564a77dafafd6967c4f',	'0195c26e6b417df5903364fd6496b294',	0,	''),
('0196045371527564a77dafafd6967c4f',	'0195c26f7eaa769fb722fdc4a70b3b47',	0,	''),
('0196045371527564a77dafafd6967c4f',	'0195c26f9f14716eb0ead6b4a214c777',	0,	''),
('0196045371527564a77dafafd6967c4f',	'0195c26fc3887233a3a32d732d9f3c08',	0,	''),
('0196045371527564a77dafafd6967c4f',	'0195c270241375a29754d06bb1902c7f',	0,	''),
('0196045371527564a77dafafd6967c4f',	'0195c27050ba70c1ab1d55db6c15b7da',	0,	''),
('0196045371527564a77dafafd6967c4f',	'0195c272a7df7820b731e3df0c516385',	0,	''),
('0196045371527564a77dafafd6967c4f',	'0195c2733ec17029bf190b9da94d8c41',	0,	'');

DROP TABLE IF EXISTS `view_roles`;
CREATE TABLE `view_roles` (
  `view_id` varchar(36) NOT NULL,
  `role_id` varchar(36) NOT NULL,
  PRIMARY KEY (`view_id`,`role_id`),
  KEY `fk_view_roles_role` (`role_id`),
  CONSTRAINT `fk_view_roles_role` FOREIGN KEY (`role_id`) REFERENCES `roles` (`id`),
  CONSTRAINT `fk_view_roles_view` FOREIGN KEY (`view_id`) REFERENCES `views` (`id`)
) ENGINE=InnoDB DEFAULT CHARSET=utf8mb4 COLLATE=utf8mb4_0900_ai_ci;

INSERT INTO `view_roles` (`view_id`, `role_id`) VALUES
('0195f3a7952d79838bb6f248981d49af',	'0195c25a4d907d7ca2c74413713b6af8'),
('0195f71635417301a790629d2c192fca',	'0195c25a4d907d7ca2c74413713b6af8'),
('0196045371527564a77dafafd6967c4f',	'0195c25a4d907d7ca2c74413713b6af8'),
('0195f3a7952d79838bb6f248981d49af',	'0195c25bb0847bbd92db858493588db5'),
('0196045371527564a77dafafd6967c4f',	'0195c25bd5be75659abae26c0b14d601'),
('0195f71635417301a790629d2c192fca',	'0195c25beee17932b786860593092a8a');

DROP TABLE IF EXISTS `views`;
CREATE TABLE `views` (
  `id` varchar(36) NOT NULL,
  `created_at` datetime(3) DEFAULT NULL,
  `updated_at` datetime(3) DEFAULT NULL,
  `deleted_at` datetime(3) DEFAULT NULL,
  `name` longtext,
  `desc` longtext,
  PRIMARY KEY (`id`),
  KEY `idx_views_deleted_at` (`deleted_at`)
) ENGINE=InnoDB DEFAULT CHARSET=utf8mb4 COLLATE=utf8mb4_0900_ai_ci;

INSERT INTO `views` (`id`, `created_at`, `updated_at`, `deleted_at`, `name`, `desc`) VALUES
('0195f3a7952d79838bb6f248981d49af',	'2025-04-01 23:20:01.070',	'2025-04-19 14:59:50.743',	NULL,	'Kantine',	'Heimspiel'),
('0195f71635417301a790629d2c192fca',	'2025-04-02 15:19:42.657',	'2025-04-19 14:15:42.611',	NULL,	'Griller',	''),
('0196045371527564a77dafafd6967c4f',	'2025-04-05 07:01:39.538',	'2025-04-19 15:06:55.521',	NULL,	'Wabs Bar',	'Stockbahn');

-- 2025-04-21 07:07:22 UTC
