CREATE DATABASE IF NOT EXISTS casbin;
CREATE DATABASE IF NOT EXISTS fiber;
CREATE DATABASE IF NOT EXISTS metabase;

CREATE USER 'metabase' IDENTIFIED BY 'metabase';

GRANT CREATE, ALTER, INDEX, LOCK TABLES, REFERENCES, UPDATE, DELETE, DROP, SELECT, INSERT ON `casbin`.* TO 'orda'@'%';
GRANT CREATE, ALTER, INDEX, LOCK TABLES, REFERENCES, UPDATE, DELETE, DROP, SELECT, INSERT ON `fiber`.* TO 'orda'@'%';
GRANT ALL ON `metabase`.* TO 'metabase'@'%';

FLUSH PRIVILEGES;

-- CUSTOM DATA
-- Adminer 5.0.6 MySQL 8.3.0 dump
SET NAMES utf8;
SET time_zone = '+00:00';
SET foreign_key_checks = 0;
SET sql_mode = 'NO_AUTO_VALUE_ON_ZERO';

USE `orda`;

SET NAMES utf8mb4;

DROP TABLE IF EXISTS `account_groups`;
CREATE TABLE `account_groups` (
  `id` varchar(36) NOT NULL,
  `created_at` datetime(3) DEFAULT NULL,
  `updated_at` datetime(3) DEFAULT NULL,
  `deleted_at` datetime(3) DEFAULT NULL,
  `name` longtext,
  PRIMARY KEY (`id`),
  KEY `idx_account_groups_deleted_at` (`deleted_at`)
) ENGINE=InnoDB DEFAULT CHARSET=utf8mb4 COLLATE=utf8mb4_0900_ai_ci;

INSERT INTO `account_groups` (`id`, `created_at`, `updated_at`, `deleted_at`, `name`) VALUES
('0195c25a45be78fbbb0df7027dd9f3e8',	'2025-03-23 09:34:10.879',	'2025-03-23 09:34:10.879',	NULL,	'Default'),
('0195c2805ece708683ad286092b361ac',	'2025-03-23 10:15:47.662',	'2025-03-23 10:15:47.662',	NULL,	'KM'),
('0195c280862571a48ba6610e81813306',	'2025-03-23 10:15:57.733',	'2025-03-23 10:15:57.733',	NULL,	'Reserve'),
('0195f52ebdf57dd6afdbb53b1f606aba',	'2025-04-02 06:27:16.086',	'2025-04-02 06:27:16.086',	NULL,	'Sektion');

DROP TABLE IF EXISTS `account_histories`;
CREATE TABLE `account_histories` (
  `id` varchar(36) NOT NULL,
  `created_at` datetime(3) DEFAULT NULL,
  `updated_at` datetime(3) DEFAULT NULL,
  `deleted_at` datetime(3) DEFAULT NULL,
  `amount` int DEFAULT NULL,
  `account_id` varchar(36) DEFAULT NULL,
  `account_group_id` varchar(36) DEFAULT NULL,
  `history_action` tinyint unsigned DEFAULT NULL,
  `deposit_type` tinyint unsigned DEFAULT NULL,
  `transaction_id` varchar(36) DEFAULT NULL,
  `user_id` varchar(36) DEFAULT NULL,
  `reason` longtext,
  PRIMARY KEY (`id`),
  KEY `idx_account_histories_deleted_at` (`deleted_at`),
  KEY `fk_account_histories_account` (`account_id`),
  KEY `fk_account_histories_account_group` (`account_group_id`),
  KEY `fk_account_histories_transaction` (`transaction_id`),
  KEY `fk_account_histories_user` (`user_id`),
  CONSTRAINT `fk_account_histories_account` FOREIGN KEY (`account_id`) REFERENCES `accounts` (`id`),
  CONSTRAINT `fk_account_histories_account_group` FOREIGN KEY (`account_group_id`) REFERENCES `account_groups` (`id`),
  CONSTRAINT `fk_account_histories_transaction` FOREIGN KEY (`transaction_id`) REFERENCES `transactions` (`id`),
  CONSTRAINT `fk_account_histories_user` FOREIGN KEY (`user_id`) REFERENCES `users` (`id`)
) ENGINE=InnoDB DEFAULT CHARSET=utf8mb4 COLLATE=utf8mb4_0900_ai_ci;

INSERT INTO `account_histories` (`id`, `created_at`, `updated_at`, `deleted_at`, `amount`, `account_id`, `account_group_id`, `history_action`, `deposit_type`, `transaction_id`, `user_id`, `reason`) VALUES
('01960459cbca7bf9b5e09ddbf9ab53e3',	'2025-04-05 07:08:35.915',	'2025-04-05 07:08:35.915',	NULL,	0,	'01960459cbc8797daeed6fa1ec0fb685',	NULL,	1,	0,	NULL,	'0195f8c4f9ce7176bad146bd21ff5674',	''),
('0196045a63c4725bad78abc9b0ff81d8',	'2025-04-05 07:09:14.820',	'2025-04-05 07:09:14.820',	NULL,	25000,	'01960459cbc8797daeed6fa1ec0fb685',	NULL,	0,	0,	NULL,	'0195f8c4f9ce7176bad146bd21ff5674',	''),
('0196045bc3ea728f877a5badaf96541c',	'2025-04-05 07:10:44.970',	'2025-04-05 07:10:44.970',	NULL,	0,	'0196045bc3e672eeb38280e33cf3f455',	NULL,	1,	0,	NULL,	'0195f8c4f9ce7176bad146bd21ff5674',	''),
('0196045bf368721599d791b9df1cda8c',	'2025-04-05 07:10:57.128',	'2025-04-05 07:10:57.128',	NULL,	20000,	'0196045bc3e672eeb38280e33cf3f455',	NULL,	0,	0,	NULL,	'0195f8c4f9ce7176bad146bd21ff5674',	''),
('0196045c95c575f0ab2d9127d437079d',	'2025-04-05 07:11:38.693',	'2025-04-05 07:11:38.693',	NULL,	0,	'0196045c95c3750dae4c4c56018b5cab',	NULL,	1,	0,	NULL,	'0195f8c4f9ce7176bad146bd21ff5674',	''),
('0196045cce0a70189625b7da9b191f07',	'2025-04-05 07:11:53.098',	'2025-04-05 07:11:53.098',	NULL,	20000,	'0196045c95c3750dae4c4c56018b5cab',	NULL,	0,	0,	NULL,	'0195f8c4f9ce7176bad146bd21ff5674',	''),
('0196060e7ae4753fa7eab41f91ffcd01',	'2025-04-05 15:05:34.436',	'2025-04-05 15:05:34.436',	NULL,	1260,	'01960459cbc8797daeed6fa1ec0fb685',	NULL,	0,	0,	'0196060e7ae07a38b8e727f6ee189d9b',	'0195f8c4f9ce7176bad146bd21ff5674',	''),
('0196063adec7700986e7fb8c0929b44a',	'2025-04-05 15:54:03.591',	'2025-04-05 15:54:03.591',	NULL,	860,	'01960459cbc8797daeed6fa1ec0fb685',	NULL,	0,	0,	'0196063adec379afba5251f39c9d6636',	'0195f8c4f9ce7176bad146bd21ff5674',	''),
('019606ed34327a4c86a0c927cedcfe22',	'2025-04-05 19:08:50.867',	'2025-04-05 19:08:50.867',	NULL,	430,	'0196045bc3e672eeb38280e33cf3f455',	NULL,	0,	0,	'019606ed342e729ab3ec6dc5b37ddb5b',	'0195f8c4f9ce7176bad146bd21ff5674',	''),
('019606f7d9fc7b168e1f379953f2bcde',	'2025-04-05 19:20:28.669',	'2025-04-05 19:20:28.669',	NULL,	860,	'0196045bc3e672eeb38280e33cf3f455',	NULL,	0,	0,	'019606f7d9f876f2bac3a4cb638c248b',	'0195f8c4f9ce7176bad146bd21ff5674',	''),
('0196072b9f00725597bd914d43699a94',	'2025-04-05 20:17:01.440',	'2025-04-05 20:17:01.440',	NULL,	1240,	'0196045bc3e672eeb38280e33cf3f455',	NULL,	0,	0,	'0196072b9efc799d889824ccdce4ec4a',	'0195f8c4f9ce7176bad146bd21ff5674',	''),
('019607502aee712e9b09be23c07eda39',	'2025-04-05 20:56:56.558',	'2025-04-05 20:56:56.558',	NULL,	760,	'01960459cbc8797daeed6fa1ec0fb685',	NULL,	0,	0,	'019607502aeb706a917d82522a7b7d4f',	'0195f8c4f9ce7176bad146bd21ff5674',	''),
('01960775f8c3772abc1e7083b076310b',	'2025-04-05 21:38:14.084',	'2025-04-05 21:38:14.084',	NULL,	2180,	'0196045bc3e672eeb38280e33cf3f455',	NULL,	0,	0,	'01960775f8bb7b328673cb0a99085dad',	'0195f8c4f9ce7176bad146bd21ff5674',	''),
('0196077c2ca6722e90e2b347ee663ad7',	'2025-04-05 21:45:00.582',	'2025-04-05 21:45:00.582',	NULL,	730,	'0196045bc3e672eeb38280e33cf3f455',	NULL,	0,	0,	'0196077c2ca37138a6b04447ab1212f9',	'0195f8c4f9ce7176bad146bd21ff5674',	''),
('019607a51a7675dc8a210edd27d4b425',	'2025-04-05 22:29:42.902',	'2025-04-05 22:29:42.902',	NULL,	2050,	'0196045bc3e672eeb38280e33cf3f455',	NULL,	0,	0,	'019607a51a7373c79cf4a5aadbe93473',	'0195f8c4f9ce7176bad146bd21ff5674',	''),
('019607a8490f77bf9c386fc4ae5e8662',	'2025-04-05 22:33:11.440',	'2025-04-05 22:33:11.440',	NULL,	2000,	'01960459cbc8797daeed6fa1ec0fb685',	NULL,	0,	0,	'019607a848fe7945a1f9341a676efc3e',	'0195f8c4f9ce7176bad146bd21ff5674',	''),
('019607a8fdc7781ba9c2a4c5c87ef02b',	'2025-04-05 22:33:57.704',	'2025-04-05 22:33:57.704',	NULL,	180,	'01960459cbc8797daeed6fa1ec0fb685',	NULL,	0,	0,	'019607a8fdc27cb39de337f7ccc29cd2',	'0195f8c4f9ce7176bad146bd21ff5674',	''),
('019607bab08b7d46ac074a167dc410e5',	'2025-04-05 22:53:17.580',	'2025-04-05 22:53:17.580',	NULL,	760,	'0196045bc3e672eeb38280e33cf3f455',	NULL,	0,	0,	'019607bab0887c8b8e4fa743173f4373',	'0195f8c4f9ce7176bad146bd21ff5674',	''),
('019607bce7797b6a983db0d74107e68f',	'2025-04-05 22:55:42.714',	'2025-04-05 22:55:42.714',	NULL,	810,	'01960459cbc8797daeed6fa1ec0fb685',	NULL,	0,	0,	'019607bce775767b80646ed4bb96c3ec',	'0195f8c4f9ce7176bad146bd21ff5674',	'');

DROP TABLE IF EXISTS `accounts`;
CREATE TABLE `accounts` (
  `id` varchar(36) NOT NULL,
  `created_at` datetime(3) DEFAULT NULL,
  `updated_at` datetime(3) DEFAULT NULL,
  `deleted_at` datetime(3) DEFAULT NULL,
  `firstname` longtext,
  `lastname` longtext,
  `main_balance` int DEFAULT NULL,
  `credit_balance` int DEFAULT NULL,
  `account_group_id` varchar(36) DEFAULT NULL,
  `last_deposit` int DEFAULT NULL,
  `last_deposit_type` tinyint unsigned DEFAULT NULL,
  `last_deposit_time` datetime(3) DEFAULT NULL,
  `last_balance` int DEFAULT NULL,
  `last_payment` int DEFAULT NULL,
  `last_payment_time` datetime(3) DEFAULT NULL,
  PRIMARY KEY (`id`),
  KEY `idx_accounts_deleted_at` (`deleted_at`),
  KEY `fk_account_groups_accounts` (`account_group_id`),
  CONSTRAINT `fk_account_groups_accounts` FOREIGN KEY (`account_group_id`) REFERENCES `account_groups` (`id`)
) ENGINE=InnoDB DEFAULT CHARSET=utf8mb4 COLLATE=utf8mb4_0900_ai_ci;

INSERT INTO `accounts` (`id`, `created_at`, `updated_at`, `deleted_at`, `firstname`, `lastname`, `main_balance`, `credit_balance`, `account_group_id`, `last_deposit`, `last_deposit_type`, `last_deposit_time`, `last_balance`, `last_payment`, `last_payment_time`) VALUES
('01960459cbc8797daeed6fa1ec0fb685',	'2025-04-05 07:08:35.913',	'2025-04-05 22:55:42.715',	NULL,	'Georg ',	'Kaltenböck',	0,	19130,	'0195f52ebdf57dd6afdbb53b1f606aba',	25000,	0,	'2025-04-05 07:09:14.818',	19940,	0,	NULL),
('0196045bc3e672eeb38280e33cf3f455',	'2025-04-05 07:10:44.966',	'2025-04-05 22:53:17.582',	NULL,	'Thomas',	'Weilig',	0,	11750,	'0195c2805ece708683ad286092b361ac',	20000,	0,	'2025-04-05 07:10:57.126',	12510,	0,	NULL),
('0196045c95c3750dae4c4c56018b5cab',	'2025-04-05 07:11:38.691',	'2025-04-15 10:03:10.169',	NULL,	'Philip',	'Schartlmüller',	0,	20000,	'0195c2805ece708683ad286092b361ac',	20000,	0,	'2025-04-05 07:11:53.095',	0,	0,	NULL);

DROP TABLE IF EXISTS `product_groups`;
CREATE TABLE `product_groups` (
  `id` varchar(36) NOT NULL,
  `created_at` datetime(3) DEFAULT NULL,
  `updated_at` datetime(3) DEFAULT NULL,
  `deleted_at` datetime(3) DEFAULT NULL,
  `name` longtext,
  `desc` longtext,
  `deposit` bigint unsigned DEFAULT NULL,
  `priority` bigint DEFAULT NULL,
  PRIMARY KEY (`id`),
  KEY `idx_product_groups_deleted_at` (`deleted_at`)
) ENGINE=InnoDB DEFAULT CHARSET=utf8mb4 COLLATE=utf8mb4_0900_ai_ci;

INSERT INTO `product_groups` (`id`, `created_at`, `updated_at`, `deleted_at`, `name`, `desc`, `deposit`, `priority`) VALUES
('0195c261b958786ab41d55edc58a02e8',	'2025-03-23 09:42:19.225',	'2025-03-23 10:02:06.055',	NULL,	'Alkoholische Getränke',	'Alkohol',	0,	NULL),
('0195c261ed8a7a51bfbe61fe4ccfb6f4',	'2025-03-23 09:42:32.587',	'2025-04-02 15:25:57.848',	NULL,	'Alkoholfrei',	'',	0,	NULL),
('0195c2620d11712b956a3dd3a447f7a1',	'2025-03-23 09:42:40.657',	'2025-03-23 09:50:05.043',	NULL,	'Mixgetränke',	'',	0,	NULL),
('0195c26223477a3ab39b8216970ae533',	'2025-03-23 09:42:46.344',	'2025-04-02 15:27:46.472',	NULL,	'Essen',	'',	0,	NULL),
('0195c26233897c8387ada0394b675e54',	'2025-03-23 09:42:50.506',	'2025-03-23 09:45:01.626',	NULL,	'Sonstiges',	'',	0,	NULL),
('0195c262621b75929469fc99f0d92224',	'2025-03-23 09:43:02.427',	'2025-03-23 09:43:22.410',	NULL,	'Tabak',	'',	0,	NULL);

DROP TABLE IF EXISTS `products`;
CREATE TABLE `products` (
  `id` varchar(36) NOT NULL,
  `created_at` datetime(3) DEFAULT NULL,
  `updated_at` datetime(3) DEFAULT NULL,
  `deleted_at` datetime(3) DEFAULT NULL,
  `name` longtext,
  `desc` longtext,
  `price` int DEFAULT '0',
  `product_group_id` varchar(36) NOT NULL,
  `active` tinyint(1) DEFAULT '0',
  `deposit` tinyint(1) DEFAULT '0',
  PRIMARY KEY (`id`),
  KEY `idx_products_deleted_at` (`deleted_at`),
  KEY `fk_product_groups_products` (`product_group_id`),
  CONSTRAINT `fk_product_groups_products` FOREIGN KEY (`product_group_id`) REFERENCES `product_groups` (`id`)
) ENGINE=InnoDB DEFAULT CHARSET=utf8mb4 COLLATE=utf8mb4_0900_ai_ci;

INSERT INTO `products` (`id`, `created_at`, `updated_at`, `deleted_at`, `name`, `desc`, `price`, `product_group_id`, `active`, `deposit`) VALUES
('0195c262b02b78c0a6b84ce41186113f',	'2025-03-23 09:43:22.412',	'2025-04-05 07:06:23.888',	NULL,	'Zigaretten',	'Alle Sorten',	700,	'0195c262621b75929469fc99f0d92224',	1,	0),
('0195c262f3b079f18fcf0a63d5d257a1',	'2025-03-23 09:43:39.697',	'2025-03-23 09:43:39.697',	NULL,	'Chips',	'',	150,	'0195c26233897c8387ada0394b675e54',	0,	NULL),
('0195c2631a1c7ea28d378570e50882ac',	'2025-03-23 09:43:49.533',	'2025-03-23 09:43:49.533',	NULL,	'Erdnüsse',	'',	200,	'0195c26233897c8387ada0394b675e54',	0,	NULL),
('0195c26349017c6bb95b29311608b3a9',	'2025-03-23 09:44:01.538',	'2025-03-23 09:44:01.538',	NULL,	'Nicknacks',	'',	250,	'0195c26233897c8387ada0394b675e54',	0,	NULL),
('0195c2637206702286349483767473e3',	'2025-03-23 09:44:12.038',	'2025-03-23 09:44:12.038',	NULL,	'Schlecker',	'',	50,	'0195c26233897c8387ada0394b675e54',	0,	NULL),
('0195c26415937c218e587e7c2d69ed99',	'2025-03-23 09:44:53.908',	'2025-03-23 09:44:53.908',	NULL,	'Schokoriegel groß',	'Mars, etc',	150,	'0195c26233897c8387ada0394b675e54',	0,	NULL),
('0195c26433ba7c7da6c5a2d10218dfdb',	'2025-03-23 09:45:01.627',	'2025-03-23 09:45:01.627',	NULL,	'Schokoriegel klein',	'Mars, etc',	100,	'0195c26233897c8387ada0394b675e54',	1,	NULL),
('0195c2649e3974309196e10c4a5162ca',	'2025-03-23 09:45:28.889',	'2025-04-05 14:07:56.657',	NULL,	'Bratlweckerl',	'',	350,	'0195c26223477a3ab39b8216970ae533',	1,	0),
('0195c264da2c78ac949a2d45897f424f',	'2025-03-23 09:45:44.237',	'2025-04-05 15:03:55.186',	NULL,	'Semmerl',	'Wurst/Käse',	300,	'0195c26223477a3ab39b8216970ae533',	1,	0),
('0195c265483b750ca0d106143d6eef90',	'2025-03-23 09:46:12.411',	'2025-03-23 12:37:24.436',	NULL,	'Bosner',	'groß',	500,	'0195c26223477a3ab39b8216970ae533',	1,	NULL),
('0195c26592d67e89b99ffddc2ddf5922',	'2025-03-23 09:46:31.511',	'2025-04-05 15:04:17.453',	NULL,	'Gebäck',	'Wurst/Käse',	300,	'0195c26223477a3ab39b8216970ae533',	1,	0),
('0195c265e869751593445734f42b2e93',	'2025-03-23 09:46:53.417',	'2025-04-02 06:25:24.140',	'2025-04-05 07:00:30.416',	'Kotelett Semmel',	'',	450,	'0195c26223477a3ab39b8216970ae533',	1,	0),
('0195c2660dd6708d9266c13f60bbb3ce',	'2025-03-23 09:47:02.998',	'2025-04-05 07:07:52.655',	NULL,	'Leberkäs Semmel',	'',	300,	'0195c26223477a3ab39b8216970ae533',	1,	0),
('0195c2662d4772b4a6950cfe9316cab8',	'2025-03-23 09:47:11.047',	'2025-03-23 12:37:45.888',	NULL,	'Pommes',	'',	350,	'0195c26223477a3ab39b8216970ae533',	1,	NULL),
('0195c266b1327ac5bb737e2468889c5f',	'2025-03-23 09:47:44.819',	'2025-03-23 09:49:42.050',	NULL,	'Cola Bacardi',	'Säule',	6000,	'0195c2620d11712b956a3dd3a447f7a1',	1,	NULL),
('0195c266ddd7716a960c683e82daae7a',	'2025-03-23 09:47:56.247',	'2025-03-23 09:49:41.623',	NULL,	'Cola Bacardi',	'Doppler',	3500,	'0195c2620d11712b956a3dd3a447f7a1',	1,	NULL),
('0195c267068f7c6baac4c734bb489a89',	'2025-03-23 09:48:06.672',	'2025-03-23 09:49:41.236',	NULL,	'Cola Bacardi',	'0.2L',	350,	'0195c2620d11712b956a3dd3a447f7a1',	1,	NULL),
('0195c2674b507004a8833a9ed76c77ce',	'2025-03-23 09:48:24.272',	'2025-03-23 09:49:40.811',	NULL,	'Cola Whiskey',	'Säule',	6000,	'0195c2620d11712b956a3dd3a447f7a1',	1,	NULL),
('0195c26766c1775990740c6d07f3a3be',	'2025-03-23 09:48:31.297',	'2025-03-23 09:49:40.401',	NULL,	'Cola Whiskey',	'Doppler',	3500,	'0195c2620d11712b956a3dd3a447f7a1',	1,	NULL),
('0195c26794c77ec9b6b7a8b6a6b6d9ff',	'2025-03-23 09:48:43.080',	'2025-03-23 09:49:39.993',	NULL,	'Vodka Sozi',	'0.2L',	350,	'0195c2620d11712b956a3dd3a447f7a1',	1,	NULL),
('0195c267f2a871918bd1d8955646031f',	'2025-03-23 09:49:07.112',	'2025-03-23 09:49:39.614',	NULL,	'Vodka Sozi',	'Säule',	4500,	'0195c2620d11712b956a3dd3a447f7a1',	1,	NULL),
('0195c2682f2977c9b21737c2eea529c1',	'2025-03-23 09:49:22.602',	'2025-03-23 09:49:39.217',	NULL,	'Vodka Sozi',	'Doppler',	3500,	'0195c2620d11712b956a3dd3a447f7a1',	1,	NULL),
('0195c268d4f372b88fbd4cc7eb0a5b61',	'2025-03-23 09:50:05.043',	'2025-03-23 09:50:05.043',	NULL,	'Cola Whiskey',	'0.2L',	350,	'0195c2620d11712b956a3dd3a447f7a1',	1,	NULL),
('0195c269c2cd7698b27b817a4a45beaf',	'2025-03-23 09:51:05.933',	'2025-03-23 12:52:42.023',	NULL,	'Anti Leitung',	'0.5L',	250,	'0195c261ed8a7a51bfbe61fe4ccfb6f4',	1,	NULL),
('0195c269f11b748cb6bcd4060a17d3e9',	'2025-03-23 09:51:17.787',	'2025-03-23 12:53:39.140',	NULL,	'Anti Leitung',	'0.3L',	200,	'0195c261ed8a7a51bfbe61fe4ccfb6f4',	1,	NULL),
('0195c26a30fe7c8995cb994b97aefac0',	'2025-03-23 09:51:34.143',	'2025-03-23 12:53:08.872',	NULL,	'Anti Soda',	'0.5L',	300,	'0195c261ed8a7a51bfbe61fe4ccfb6f4',	1,	NULL),
('0195c26a501d7da88266c3b3ab90df94',	'2025-03-23 09:51:42.110',	'2025-03-23 12:53:30.051',	NULL,	'Anti Soda',	'0.3L',	250,	'0195c261ed8a7a51bfbe61fe4ccfb6f4',	1,	NULL),
('0195c26ac6227181ba7afc82f2a831ba',	'2025-03-23 09:52:12.322',	'2025-03-23 12:55:23.862',	NULL,	'Anti Pur',	'0.5L',	350,	'0195c261ed8a7a51bfbe61fe4ccfb6f4',	1,	NULL),
('0195c26aeb317070a01c4243557edbbc',	'2025-03-23 09:52:21.809',	'2025-03-23 12:55:32.089',	NULL,	'Anti Pur',	'0.3L',	300,	'0195c261ed8a7a51bfbe61fe4ccfb6f4',	1,	NULL),
('0195c26b1c1471faa68cbb81c8e4be52',	'2025-03-23 09:52:34.324',	'2025-03-23 09:54:25.567',	NULL,	'Jugendgetränk',	'0.5L',	100,	'0195c261ed8a7a51bfbe61fe4ccfb6f4',	1,	NULL),
('0195c26b498f75e8a8db174507a1e250',	'2025-03-23 09:52:45.967',	'2025-03-23 09:54:25.144',	NULL,	'Kaffee',	'Tasse',	250,	'0195c261ed8a7a51bfbe61fe4ccfb6f4',	1,	NULL),
('0195c26b9e6476d295445b38c2c4bdf8',	'2025-03-23 09:53:07.684',	'2025-03-23 09:54:24.716',	NULL,	'Tee',	'Tasse',	200,	'0195c261ed8a7a51bfbe61fe4ccfb6f4',	1,	NULL),
('0195c26bd31878b7a099c89fb57124aa',	'2025-03-23 09:53:21.177',	'2025-03-23 09:54:24.278',	NULL,	'Mineral',	'0.5L',	200,	'0195c261ed8a7a51bfbe61fe4ccfb6f4',	1,	NULL),
('0195c26bf4bc7ba3ac73d0c7de6dd74d',	'2025-03-23 09:53:29.789',	'2025-03-23 09:54:23.839',	NULL,	'Mineral',	'0.3L',	150,	'0195c261ed8a7a51bfbe61fe4ccfb6f4',	1,	NULL),
('0195c26c578278dea40fceda969d858f',	'2025-03-23 09:53:55.075',	'2025-03-23 09:54:23.399',	NULL,	'Soda Zitrone',	'0.5L',	230,	'0195c261ed8a7a51bfbe61fe4ccfb6f4',	1,	NULL),
('0195c26c7a58737b8daf1023fd96fffe',	'2025-03-23 09:54:03.992',	'2025-03-23 09:54:22.994',	NULL,	'Soda Zitrone',	'0.3L',	180,	'0195c261ed8a7a51bfbe61fe4ccfb6f4',	1,	NULL),
('0195c26cbe8378d5a1829e6bb8d5f1a1',	'2025-03-23 09:54:21.444',	'2025-03-23 09:54:21.444',	NULL,	'Red Bull',	'Dose',	300,	'0195c261ed8a7a51bfbe61fe4ccfb6f4',	1,	NULL),
('0195c26d87687654923b24e51014a7a2',	'2025-03-23 09:55:12.872',	'2025-04-05 07:03:16.795',	NULL,	'Bier / Radler',	'0.5L',	430,	'0195c261b958786ab41d55edc58a02e8',	1,	0),
('0195c26db6f9792e88553329afabb299',	'2025-03-23 09:55:25.050',	'2025-04-05 07:03:27.515',	NULL,	'Bier / Radler',	'0.3L',	380,	'0195c261b958786ab41d55edc58a02e8',	1,	0),
('0195c26ddc70797394f57288dffc7127',	'2025-03-23 09:55:34.641',	'2025-03-23 09:55:34.641',	NULL,	'Bier',	'Doppler',	1720,	'0195c261b958786ab41d55edc58a02e8',	1,	NULL),
('0195c26e1ca278cea52cb7b9fd9e5a30',	'2025-03-23 09:55:51.075',	'2025-03-23 09:57:44.013',	NULL,	'Spritzer weiß',	'0.5L',	550,	'0195c261b958786ab41d55edc58a02e8',	1,	NULL),
('0195c26e6b417df5903364fd6496b294',	'2025-03-23 09:56:11.202',	'2025-03-23 09:56:11.202',	NULL,	'Spritzer weiß',	'0.3L',	330,	'0195c261b958786ab41d55edc58a02e8',	1,	NULL),
('0195c26f7eaa769fb722fdc4a70b3b47',	'2025-03-23 09:57:21.706',	'2025-04-05 07:13:36.659',	NULL,	'Sommer Spritzer',	'0.5L',	350,	'0195c261b958786ab41d55edc58a02e8',	1,	0),
('0195c26f9f14716eb0ead6b4a214c777',	'2025-03-23 09:57:30.004',	'2025-04-05 07:13:24.866',	NULL,	'Sommer Spritzer',	'0.3L',	300,	'0195c261b958786ab41d55edc58a02e8',	1,	0),
('0195c26fc3887233a3a32d732d9f3c08',	'2025-03-23 09:57:39.336',	'2025-04-05 07:13:30.188',	NULL,	'Sommer Spritzer',	'0.25L',	270,	'0195c261b958786ab41d55edc58a02e8',	1,	0),
('0195c270241375a29754d06bb1902c7f',	'2025-03-23 09:58:04.051',	'2025-03-23 09:58:04.051',	NULL,	'Most gspritzt',	'0.5L',	300,	'0195c261b958786ab41d55edc58a02e8',	1,	NULL),
('0195c27050ba70c1ab1d55db6c15b7da',	'2025-03-23 09:58:15.482',	'2025-03-23 09:58:15.482',	NULL,	'Most gspritzt',	'0.3L',	250,	'0195c261b958786ab41d55edc58a02e8',	1,	NULL),
('0195c27076157a08bbd9b0b3f4046689',	'2025-03-23 09:58:25.046',	'2025-03-23 09:58:25.046',	NULL,	'Most gspritzt',	'Doppler',	1200,	'0195c261b958786ab41d55edc58a02e8',	1,	NULL),
('0195c2710ad47cabb38214c41214fc4e',	'2025-03-23 09:59:03.125',	'2025-03-23 10:00:09.775',	NULL,	'Cola weiß',	'0.5L',	600,	'0195c261b958786ab41d55edc58a02e8',	1,	NULL),
('0195c27134ba78fa882ee478e199c476',	'2025-03-23 09:59:13.851',	'2025-03-23 10:00:09.334',	NULL,	'Cola weiß',	'0.3L',	450,	'0195c261b958786ab41d55edc58a02e8',	1,	NULL),
('0195c2716383782ba39d1ecbf038d3cf',	'2025-03-23 09:59:25.828',	'2025-03-23 10:00:08.964',	NULL,	'Cola weiß',	'Doppler',	2400,	'0195c261b958786ab41d55edc58a02e8',	1,	NULL),
('0195c271a0ba769684ab83687f549c24',	'2025-03-23 09:59:41.498',	'2025-03-23 10:00:08.561',	NULL,	'Cola rot',	'0.5L',	600,	'0195c261b958786ab41d55edc58a02e8',	1,	NULL),
('0195c271c80e76408597c377b11eb96a',	'2025-03-23 09:59:51.566',	'2025-03-23 10:00:08.130',	NULL,	'Cola rot',	'0.3L',	450,	'0195c261b958786ab41d55edc58a02e8',	1,	NULL),
('0195c272021b74b8bbba75114b991152',	'2025-03-23 10:00:06.427',	'2025-03-23 10:00:07.730',	NULL,	'Cola rot',	'Doppler',	2400,	'0195c261b958786ab41d55edc58a02e8',	1,	NULL),
('0195c2724cc77a3e87491f67ed9d884e',	'2025-03-23 10:00:25.544',	'2025-03-23 10:00:25.544',	NULL,	'Jägermeister',	'',	300,	'0195c261b958786ab41d55edc58a02e8',	1,	NULL),
('0195c272a7df7820b731e3df0c516385',	'2025-03-23 10:00:48.864',	'2025-03-23 10:01:32.640',	NULL,	'Spritzer süß',	'0.3L',	380,	'0195c261b958786ab41d55edc58a02e8',	1,	NULL),
('0195c2733ec17029bf190b9da94d8c41',	'2025-03-23 10:01:27.489',	'2025-03-23 10:02:39.469',	NULL,	'Spritzer süß',	'0.5L',	400,	'0195c261b958786ab41d55edc58a02e8',	0,	NULL),
('0195c273af287165b74ec12be9f34456',	'2025-03-23 10:01:56.264',	'2025-03-23 10:01:56.264',	NULL,	'Wein',	'1/8L',	210,	'0195c261b958786ab41d55edc58a02e8',	1,	NULL),
('0195c273d56776a0a73b71982b1a0ede',	'2025-03-23 10:02:06.055',	'2025-03-23 10:02:08.519',	NULL,	'Wein',	'Flasche',	1600,	'0195c261b958786ab41d55edc58a02e8',	1,	NULL),
('0195c3022c8277bca78a1b23b86f5179',	'2025-03-23 12:37:34.467',	'2025-03-23 12:37:34.467',	NULL,	'Bosner',	'klein',	450,	'0195c26223477a3ab39b8216970ae533',	1,	NULL),
('0195f7179b2b7635872375fcdeb9c47d',	'2025-04-02 15:21:14.283',	'2025-04-05 07:06:50.844',	NULL,	'Kotelett Semmel',	'inkl. Beilagen',	500,	'0195c26223477a3ab39b8216970ae533',	1,	0),
('0195fc40941a7719afe38842ad682cad',	'2025-04-03 17:24:05.531',	'2025-04-03 17:24:05.531',	NULL,	'',	'',	100,	'0195c261b958786ab41d55edc58a02e8',	1,	1);

DROP TABLE IF EXISTS `roles`;
CREATE TABLE `roles` (
  `id` varchar(36) NOT NULL,
  `created_at` datetime(3) DEFAULT NULL,
  `updated_at` datetime(3) DEFAULT NULL,
  `deleted_at` datetime(3) DEFAULT NULL,
  `name` longtext,
  PRIMARY KEY (`id`),
  KEY `idx_roles_deleted_at` (`deleted_at`)
) ENGINE=InnoDB DEFAULT CHARSET=utf8mb4 COLLATE=utf8mb4_0900_ai_ci;

INSERT INTO `roles` (`id`, `created_at`, `updated_at`, `deleted_at`, `name`) VALUES
('0195c25a4d907d7ca2c74413713b6af8',	'2025-03-23 09:34:12.881',	'2025-03-23 09:34:12.881',	NULL,	'admin'),
('0195c25bb0847bbd92db858493588db5',	'2025-03-23 09:35:43.749',	'2025-03-23 09:35:43.749',	NULL,	'Kantine'),
('0195c25bd5be75659abae26c0b14d601',	'2025-03-23 09:35:53.278',	'2025-03-23 09:35:53.278',	NULL,	'Seidlbar'),
('0195c25beee17932b786860593092a8a',	'2025-03-23 09:35:59.714',	'2025-03-23 09:35:59.714',	NULL,	'Hütte');

DROP TABLE IF EXISTS `summaries`;
CREATE TABLE `summaries` (
  `id` varchar(36) NOT NULL,
  `created_at` datetime(3) DEFAULT NULL,
  `updated_at` datetime(3) DEFAULT NULL,
  `deleted_at` datetime(3) DEFAULT NULL,
  `type` tinyint unsigned DEFAULT NULL,
  `content` longtext,
  PRIMARY KEY (`id`),
  KEY `idx_summaries_deleted_at` (`deleted_at`)
) ENGINE=InnoDB DEFAULT CHARSET=utf8mb4 COLLATE=utf8mb4_0900_ai_ci;


DROP TABLE IF EXISTS `transaction_items`;
CREATE TABLE `transaction_items` (
  `transaction_id` varchar(36) NOT NULL,
  `product_id` varchar(36) NOT NULL,
  `qty` tinyint DEFAULT NULL,
  `price` int DEFAULT NULL,
  PRIMARY KEY (`transaction_id`,`product_id`),
  KEY `idx_transaction_items_transaction_id` (`transaction_id`),
  KEY `idx_transaction_items_product_id` (`product_id`),
  CONSTRAINT `fk_transaction_items_product` FOREIGN KEY (`product_id`) REFERENCES `products` (`id`),
  CONSTRAINT `fk_transactions_items` FOREIGN KEY (`transaction_id`) REFERENCES `transactions` (`id`) ON DELETE CASCADE
) ENGINE=InnoDB DEFAULT CHARSET=utf8mb4 COLLATE=utf8mb4_0900_ai_ci;

INSERT INTO `transaction_items` (`transaction_id`, `product_id`, `qty`, `price`) VALUES
('019605d997e97122a524006fbe81b563',	'0195c26cbe8378d5a1829e6bb8d5f1a1',	1,	300),
('019605dec88479ce9cfe19f1305c1747',	'0195c26b498f75e8a8db174507a1e250',	1,	250),
('019605dee0a2798dad667699be98695e',	'0195c26b498f75e8a8db174507a1e250',	1,	250),
('019605ef2c2f795c9cdaccedba9e1fa7',	'0195c26b498f75e8a8db174507a1e250',	1,	250),
('019605f376717ae8a8410110b27af585',	'0195c26c578278dea40fceda969d858f',	1,	230),
('019605f54aff7024acd53ffc23e6882a',	'0195c26a30fe7c8995cb994b97aefac0',	1,	300),
('019605f54aff7024acd53ffc23e6882a',	'0195fc40941a7719afe38842ad682cad',	1,	100),
('019605fac0397b29a48ef849749b8ec6',	'0195c26a30fe7c8995cb994b97aefac0',	1,	300),
('019605fac0397b29a48ef849749b8ec6',	'0195fc40941a7719afe38842ad682cad',	1,	100),
('019605fc8028746bbcf8c6b8377beab9',	'0195c26d87687654923b24e51014a7a2',	1,	430),
('019605fc8028746bbcf8c6b8377beab9',	'0195fc40941a7719afe38842ad682cad',	1,	100),
('019605fcef9e78a6af5ba2985ca6793f',	'0195c264da2c78ac949a2d45897f424f',	1,	250),
('019605fcef9e78a6af5ba2985ca6793f',	'0195f7179b2b7635872375fcdeb9c47d',	1,	500),
('019605fe1e3f71bba1491da2f934ddb0',	'0195c26d87687654923b24e51014a7a2',	2,	430),
('019605fe1e3f71bba1491da2f934ddb0',	'0195fc40941a7719afe38842ad682cad',	2,	100),
('019605fe20ee716d9d046ecfb267d80b',	'0195c264da2c78ac949a2d45897f424f',	1,	250),
('019605ff6bb675b3afc95a1c169ed784',	'0195c26ac6227181ba7afc82f2a831ba',	1,	350),
('019605ff6bb675b3afc95a1c169ed784',	'0195fc40941a7719afe38842ad682cad',	1,	100),
('019605ffcb227b2bbddceaba05aed067',	'0195c26f7eaa769fb722fdc4a70b3b47',	1,	350),
('019605ffcb227b2bbddceaba05aed067',	'0195fc40941a7719afe38842ad682cad',	1,	100),
('01960600eb9a76b2810c21a21a56953b',	'0195c26d87687654923b24e51014a7a2',	2,	430),
('01960600eb9a76b2810c21a21a56953b',	'0195fc40941a7719afe38842ad682cad',	2,	100),
('019606019e23782fb829cd82f5d383c1',	'0195c270241375a29754d06bb1902c7f',	1,	300),
('019606019e23782fb829cd82f5d383c1',	'0195fc40941a7719afe38842ad682cad',	1,	100),
('01960602c18f7632aa6e44b255509ae1',	'0195c26d87687654923b24e51014a7a2',	1,	430),
('0196060941fa7e429eeaebe2e8f13505',	'0195c26433ba7c7da6c5a2d10218dfdb',	1,	100),
('0196060941fa7e429eeaebe2e8f13505',	'0195c26a501d7da88266c3b3ab90df94',	1,	250),
('0196060941fa7e429eeaebe2e8f13505',	'0195fc40941a7719afe38842ad682cad',	1,	100),
('01960609a7627a258ea3bb8b33e19adb',	'0195c270241375a29754d06bb1902c7f',	3,	300),
('0196060d6fde7942860c9fd65e3cbdab',	'0195c2662d4772b4a6950cfe9316cab8',	1,	350),
('0196060e7ae07a38b8e727f6ee189d9b',	'0195c26a30fe7c8995cb994b97aefac0',	1,	300),
('0196060e7ae07a38b8e727f6ee189d9b',	'0195c26d87687654923b24e51014a7a2',	2,	430),
('0196060e7ae07a38b8e727f6ee189d9b',	'0195fc40941a7719afe38842ad682cad',	1,	100),
('019606102ba07e8da484db3a1fb60a6e',	'0195c26d87687654923b24e51014a7a2',	1,	430),
('019606102ba07e8da484db3a1fb60a6e',	'0195fc40941a7719afe38842ad682cad',	1,	100),
('01960611c07a79bb8cd4a9c02efa4f3b',	'0195c26a30fe7c8995cb994b97aefac0',	1,	300),
('01960611c07a79bb8cd4a9c02efa4f3b',	'0195fc40941a7719afe38842ad682cad',	1,	100),
('0196061399e870328db47dd4e06eb0c7',	'0195c26aeb317070a01c4243557edbbc',	1,	300),
('0196061399e870328db47dd4e06eb0c7',	'0195fc40941a7719afe38842ad682cad',	1,	100),
('0196061b73997440860e7c6f671a3f1c',	'0195f7179b2b7635872375fcdeb9c47d',	1,	500),
('0196061ee70974ca92404b0e14ff58cd',	'0195c2662d4772b4a6950cfe9316cab8',	1,	350),
('0196061f02d67dc19fe8297bb5387103',	'0195c2662d4772b4a6950cfe9316cab8',	1,	350),
('01960620e53d7dde995af1be7e08ce38',	'0195c262b02b78c0a6b84ce41186113f',	1,	700),
('01960624cd5b7ea28b97d1163d1e5ddb',	'0195c26a30fe7c8995cb994b97aefac0',	2,	300),
('0196062836af7a4bb3afe2afb1e84b38',	'0195c26a30fe7c8995cb994b97aefac0',	1,	300),
('0196062836af7a4bb3afe2afb1e84b38',	'0195fc40941a7719afe38842ad682cad',	1,	100),
('01960628d9ea7038a66950c8639e0e6d',	'0195c270241375a29754d06bb1902c7f',	1,	300),
('019606294bff744e9c1ce814f604a3ea',	'0195c26d87687654923b24e51014a7a2',	1,	430),
('019606294bff744e9c1ce814f604a3ea',	'0195c26f7eaa769fb722fdc4a70b3b47',	2,	350),
('019606294bff744e9c1ce814f604a3ea',	'0195fc40941a7719afe38842ad682cad',	1,	100),
('0196062aa5997999ba5ea0a00045eb96',	'0195c26f9f14716eb0ead6b4a214c777',	1,	300),
('0196062aa5997999ba5ea0a00045eb96',	'0195fc40941a7719afe38842ad682cad',	1,	100),
('0196062ad778716db75aa49e84e08c76',	'0195f7179b2b7635872375fcdeb9c47d',	1,	500),
('0196062c2f0a7eec8fc6535aa0dee42c',	'0195c26d87687654923b24e51014a7a2',	2,	430),
('0196062fed36798f9e7f5ab7ad3c11a4',	'0195c26f7eaa769fb722fdc4a70b3b47',	1,	350),
('0196062fed36798f9e7f5ab7ad3c11a4',	'0195fc40941a7719afe38842ad682cad',	1,	100),
('019606301ce87c479773b73022b14d02',	'0195c272a7df7820b731e3df0c516385',	1,	380),
('019606305b1176c9b9d3d02eee97bb25',	'0195c26f9f14716eb0ead6b4a214c777',	1,	300),
('019606306c6f7ef69757f4f8668048f8',	'0195c26f9f14716eb0ead6b4a214c777',	1,	300),
('019606313022790196bb0b421547cf3d',	'0195c2662d4772b4a6950cfe9316cab8',	1,	350),
('0196063610b87c299cbfe76fb0379f0f',	'0195c26d87687654923b24e51014a7a2',	1,	430),
('0196063610b87c299cbfe76fb0379f0f',	'0195fc40941a7719afe38842ad682cad',	1,	100),
('01960636cd0074d88cd8b3144768d8fd',	'0195c26bd31878b7a099c89fb57124aa',	1,	200),
('01960636cd0074d88cd8b3144768d8fd',	'0195c26d87687654923b24e51014a7a2',	1,	430),
('01960636cd0074d88cd8b3144768d8fd',	'0195fc40941a7719afe38842ad682cad',	1,	100),
('01960638486375538e41867d0770c5ba',	'0195c26a30fe7c8995cb994b97aefac0',	1,	300),
('0196063851f17ef49e1e54ab5386ecf6',	'0195c270241375a29754d06bb1902c7f',	2,	300),
('01960639de5470ae92abcd9efebb654f',	'0195c26d87687654923b24e51014a7a2',	1,	430),
('01960639de5470ae92abcd9efebb654f',	'0195fc40941a7719afe38842ad682cad',	1,	100),
('0196063adec379afba5251f39c9d6636',	'0195c26d87687654923b24e51014a7a2',	2,	430),
('0196063af58a7a6189175076cb408f18',	'0195c2662d4772b4a6950cfe9316cab8',	1,	350),
('0196063c14e37347b405b5d658aadbd4',	'0195c2662d4772b4a6950cfe9316cab8',	1,	350),
('0196063ed2997ee48be400fafa2706ac',	'0195c26d87687654923b24e51014a7a2',	1,	430),
('0196063ed2997ee48be400fafa2706ac',	'0195fc40941a7719afe38842ad682cad',	1,	100),
('0196063efef376cba6791fe484f93b16',	'0195c26f7eaa769fb722fdc4a70b3b47',	3,	350),
('0196063efef376cba6791fe484f93b16',	'0195fc40941a7719afe38842ad682cad',	3,	100),
('0196063ff1027856b29e989693bda688',	'0195c26b498f75e8a8db174507a1e250',	1,	250),
('0196063ff1027856b29e989693bda688',	'0195c270241375a29754d06bb1902c7f',	1,	300),
('0196063ff1027856b29e989693bda688',	'0195fc40941a7719afe38842ad682cad',	1,	100),
('019606411e28730a9f59b88597271656',	'0195fc40941a7719afe38842ad682cad',	-1,	100),
('019606412e5a7b25b7e2d3d5c3dd3931',	'0195c26d87687654923b24e51014a7a2',	2,	430),
('0196064232d272a69f78f206a7cc4979',	'0195c26d87687654923b24e51014a7a2',	1,	430),
('0196064232d272a69f78f206a7cc4979',	'0195fc40941a7719afe38842ad682cad',	1,	100),
('019606453058729589c15894eecc1121',	'0195c26f7eaa769fb722fdc4a70b3b47',	1,	350),
('019606453058729589c15894eecc1121',	'0195fc40941a7719afe38842ad682cad',	1,	100),
('01960645c05b733bb70f5223d101fbea',	'0195c26a30fe7c8995cb994b97aefac0',	1,	300),
('01960645c05b733bb70f5223d101fbea',	'0195fc40941a7719afe38842ad682cad',	1,	100),
('0196064799a17300a16f2890ec23fc60',	'0195c2662d4772b4a6950cfe9316cab8',	1,	350),
('0196064975697f2b8fb889cb8861e894',	'0195c26d87687654923b24e51014a7a2',	2,	430),
('0196064975697f2b8fb889cb8861e894',	'0195fc40941a7719afe38842ad682cad',	2,	100),
('0196064c05bc7b389096712091a663bc',	'0195c26d87687654923b24e51014a7a2',	1,	430),
('0196064c5beb7f0ba48660da54555bdf',	'0195c26d87687654923b24e51014a7a2',	1,	430),
('0196064c5beb7f0ba48660da54555bdf',	'0195fc40941a7719afe38842ad682cad',	1,	100),
('0196064c5ff97c4f93b373725f8c2571',	'0195c2662d4772b4a6950cfe9316cab8',	1,	350),
('0196064ea12f7cd7aa093b238bf5b2d1',	'0195c269c2cd7698b27b817a4a45beaf',	1,	250),
('0196064ea12f7cd7aa093b238bf5b2d1',	'0195fc40941a7719afe38842ad682cad',	1,	100),
('0196064f08cd76d28b01731ee2e87a22',	'0195c2662d4772b4a6950cfe9316cab8',	1,	350),
('0196064fffaf74be80a6f770b728d102',	'0195c26bd31878b7a099c89fb57124aa',	1,	200),
('0196064fffaf74be80a6f770b728d102',	'0195c270241375a29754d06bb1902c7f',	2,	300),
('0196064fffaf74be80a6f770b728d102',	'0195fc40941a7719afe38842ad682cad',	2,	100),
('01960650482b7a7eb8ffc3946a396061',	'0195c26d87687654923b24e51014a7a2',	1,	430),
('01960650482b7a7eb8ffc3946a396061',	'0195fc40941a7719afe38842ad682cad',	1,	100),
('019606506df17556bfb423ed6487408f',	'0195c26ac6227181ba7afc82f2a831ba',	1,	350),
('019606506df17556bfb423ed6487408f',	'0195c26d87687654923b24e51014a7a2',	1,	430),
('01960650af6372a6b28c074a71853e46',	'0195c26d87687654923b24e51014a7a2',	1,	430),
('01960650af6372a6b28c074a71853e46',	'0195fc40941a7719afe38842ad682cad',	1,	100),
('0196065104997597ab8ec4b926731853',	'0195c2662d4772b4a6950cfe9316cab8',	2,	350),
('0196065176ca7c85815ee616271de8c4',	'0195c26db6f9792e88553329afabb299',	3,	380),
('0196065176ca7c85815ee616271de8c4',	'0195fc40941a7719afe38842ad682cad',	3,	100),
('0196065181d07a3a9b397b916d93b2d2',	'0195c26d87687654923b24e51014a7a2',	1,	430),
('0196065181d07a3a9b397b916d93b2d2',	'0195fc40941a7719afe38842ad682cad',	1,	100),
('019606518f517cc1b32df0251da523d0',	'0195c26d87687654923b24e51014a7a2',	1,	430),
('019606518f517cc1b32df0251da523d0',	'0195fc40941a7719afe38842ad682cad',	1,	100),
('019606523a817852a9c060d13479018f',	'0195c26d87687654923b24e51014a7a2',	1,	430),
('0196065509ef7aa7b4a47d019f4a35c7',	'0195f7179b2b7635872375fcdeb9c47d',	1,	500),
('019606551e0f78bf9b1bce29e21b0774',	'0195c26d87687654923b24e51014a7a2',	1,	430),
('019606551e0f78bf9b1bce29e21b0774',	'0195fc40941a7719afe38842ad682cad',	1,	100),
('019606552b1279048c43db46b845b31e',	'0195c270241375a29754d06bb1902c7f',	1,	300),
('019606555ce77305a74ec118604eb006',	'0195c26d87687654923b24e51014a7a2',	1,	430),
('019606555ce77305a74ec118604eb006',	'0195c270241375a29754d06bb1902c7f',	2,	300),
('019606555ce77305a74ec118604eb006',	'0195fc40941a7719afe38842ad682cad',	3,	100),
('01960655728e73689d6583a944f3c161',	'0195c26f7eaa769fb722fdc4a70b3b47',	1,	350),
('01960655728e73689d6583a944f3c161',	'0195fc40941a7719afe38842ad682cad',	1,	100),
('01960655870d7d60aa48fe9d39036d78',	'0195c26d87687654923b24e51014a7a2',	1,	430),
('01960655870d7d60aa48fe9d39036d78',	'0195fc40941a7719afe38842ad682cad',	1,	100),
('01960655ef577b77afe253f236693935',	'0195c2662d4772b4a6950cfe9316cab8',	1,	350),
('01960657321b708d807a3a5b4779daa3',	'0195c26a30fe7c8995cb994b97aefac0',	2,	300),
('01960657321b708d807a3a5b4779daa3',	'0195c26d87687654923b24e51014a7a2',	1,	430),
('01960657321b708d807a3a5b4779daa3',	'0195fc40941a7719afe38842ad682cad',	3,	100),
('01960657af0878d382bf62f63ebc766e',	'0195c26d87687654923b24e51014a7a2',	1,	430),
('01960657af0878d382bf62f63ebc766e',	'0195fc40941a7719afe38842ad682cad',	1,	100),
('019606587db1760cb7e0dda22eb3d839',	'0195c2662d4772b4a6950cfe9316cab8',	1,	350),
('01960658c21273ea93f83dff7be92a75',	'0195c26aeb317070a01c4243557edbbc',	1,	300),
('01960658d5fc7190865c60c5a03cae8a',	'0195c26ac6227181ba7afc82f2a831ba',	1,	350),
('01960658f0647487a4f12f9d4b42688c',	'0195c26c578278dea40fceda969d858f',	1,	230),
('01960659f35d7a338cf4dcd9073ef08f',	'0195c26d87687654923b24e51014a7a2',	1,	430),
('01960659f35d7a338cf4dcd9073ef08f',	'0195fc40941a7719afe38842ad682cad',	1,	100),
('0196065a7ce17c5988ad1a3a9c71f8de',	'0195c26d87687654923b24e51014a7a2',	1,	430),
('0196065a7ce17c5988ad1a3a9c71f8de',	'0195fc40941a7719afe38842ad682cad',	1,	100),
('0196065b8fce76f2b318dfdf30d5d36c',	'0195c26d87687654923b24e51014a7a2',	1,	430),
('0196065b8fce76f2b318dfdf30d5d36c',	'0195fc40941a7719afe38842ad682cad',	1,	100),
('0196065be81f7e2798a398025be4948f',	'0195c26d87687654923b24e51014a7a2',	1,	430),
('0196065ccfda72a38a21a43c6f7c2feb',	'0195c26d87687654923b24e51014a7a2',	1,	430),
('0196065ccfda72a38a21a43c6f7c2feb',	'0195fc40941a7719afe38842ad682cad',	1,	100),
('0196065d265b747fa0c8d66e56b2552c',	'0195c26d87687654923b24e51014a7a2',	1,	430),
('0196065d265b747fa0c8d66e56b2552c',	'0195fc40941a7719afe38842ad682cad',	1,	100),
('0196065d4dd673449c07121adc45d866',	'0195c26d87687654923b24e51014a7a2',	3,	430),
('0196065d4dd673449c07121adc45d866',	'0195fc40941a7719afe38842ad682cad',	3,	100),
('0196065d951f74748978a88eaf6720ca',	'0195c2662d4772b4a6950cfe9316cab8',	1,	350),
('0196065d951f74748978a88eaf6720ca',	'0195f7179b2b7635872375fcdeb9c47d',	1,	500),
('0196065e0ab672f5ba0a8fe30bf0fa0d',	'0195c270241375a29754d06bb1902c7f',	2,	300),
('0196065e0ab672f5ba0a8fe30bf0fa0d',	'0195fc40941a7719afe38842ad682cad',	2,	100),
('0196065e8e4c7d2baf641856f8ed0100',	'0195c26d87687654923b24e51014a7a2',	1,	430),
('0196065f5f6c77169aeb43232ae4edd3',	'0195c26a30fe7c8995cb994b97aefac0',	1,	300),
('0196065f5f6c77169aeb43232ae4edd3',	'0195c26d87687654923b24e51014a7a2',	2,	430),
('0196065f5f6c77169aeb43232ae4edd3',	'0195fc40941a7719afe38842ad682cad',	1,	100),
('0196065fa2ce703ca26d8f1dc2131422',	'0195c270241375a29754d06bb1902c7f',	1,	300),
('0196065fa2ce703ca26d8f1dc2131422',	'0195fc40941a7719afe38842ad682cad',	1,	100),
('0196065fcb1175b486cef8be6e5a5ec8',	'0195c269c2cd7698b27b817a4a45beaf',	1,	250),
('0196065fcb1175b486cef8be6e5a5ec8',	'0195fc40941a7719afe38842ad682cad',	1,	100),
('01960660d29274f8b759680f10d0593f',	'0195c2662d4772b4a6950cfe9316cab8',	4,	350),
('01960660d29274f8b759680f10d0593f',	'0195f7179b2b7635872375fcdeb9c47d',	1,	500),
('01960660dbe67aea855f599a8d5d5b53',	'0195c26f7eaa769fb722fdc4a70b3b47',	1,	350),
('0196066114237e24bf1f3fb213be0d86',	'0195c270241375a29754d06bb1902c7f',	2,	300),
('0196066114237e24bf1f3fb213be0d86',	'0195fc40941a7719afe38842ad682cad',	2,	100),
('0196066183eb72a29526be08958b6bc6',	'0195c2662d4772b4a6950cfe9316cab8',	1,	350),
('01960661ece979ba8e8b057e7e0b720f',	'0195c26d87687654923b24e51014a7a2',	1,	430),
('01960661ece979ba8e8b057e7e0b720f',	'0195fc40941a7719afe38842ad682cad',	1,	100),
('01960663d87171db93bc842e733e21a8',	'0195c26a30fe7c8995cb994b97aefac0',	1,	300),
('01960664bc6e78a097252f88c18960f8',	'0195c26a30fe7c8995cb994b97aefac0',	2,	300),
('01960664bc6e78a097252f88c18960f8',	'0195fc40941a7719afe38842ad682cad',	2,	100),
('019606653c8d7e468e124585760ceef1',	'0195c2662d4772b4a6950cfe9316cab8',	1,	350),
('019606656bda7c76b7aaa5265917ce55',	'0195c270241375a29754d06bb1902c7f',	2,	300),
('019606656bda7c76b7aaa5265917ce55',	'0195fc40941a7719afe38842ad682cad',	2,	100),
('0196066589c07633b49a2e3dd884237c',	'0195c26f9f14716eb0ead6b4a214c777',	1,	300),
('01960665990673e9bd1f72b554e00a00',	'0195c26f9f14716eb0ead6b4a214c777',	1,	300),
('01960665ac1174e9a5d732e1182b8b6a',	'0195c26aeb317070a01c4243557edbbc',	1,	300),
('01960667003876e586ca4f2419f7193d',	'0195c26d87687654923b24e51014a7a2',	1,	430),
('01960667003876e586ca4f2419f7193d',	'0195c270241375a29754d06bb1902c7f',	1,	300),
('019606678fb77249a64b1097a935e905',	'0195c26d87687654923b24e51014a7a2',	4,	430),
('019606678fb77249a64b1097a935e905',	'0195c26f7eaa769fb722fdc4a70b3b47',	3,	350),
('019606678fb77249a64b1097a935e905',	'0195fc40941a7719afe38842ad682cad',	2,	100),
('01960667d50b71129b6951a26a0c99ad',	'0195c26d87687654923b24e51014a7a2',	1,	430),
('01960667d50b71129b6951a26a0c99ad',	'0195fc40941a7719afe38842ad682cad',	1,	100),
('01960668dc04706e956ac643d09903c5',	'0195c2662d4772b4a6950cfe9316cab8',	1,	350),
('019606695f6e7c24b097b450d34a788c',	'0195c26a30fe7c8995cb994b97aefac0',	2,	300),
('019606695f6e7c24b097b450d34a788c',	'0195c26db6f9792e88553329afabb299',	4,	380),
('019606695f6e7c24b097b450d34a788c',	'0195c26f7eaa769fb722fdc4a70b3b47',	1,	350),
('019606695f6e7c24b097b450d34a788c',	'0195fc40941a7719afe38842ad682cad',	1,	100),
('01960669dba3750e95a0513544cd7079',	'0195f7179b2b7635872375fcdeb9c47d',	4,	500),
('0196066b3b0574e88c59a5821222533d',	'0195c26d87687654923b24e51014a7a2',	1,	430),
('0196066b3b0574e88c59a5821222533d',	'0195fc40941a7719afe38842ad682cad',	1,	100),
('0196066b536a76218009d50120dab7b1',	'0195c264da2c78ac949a2d45897f424f',	1,	300),
('0196066c0837705c865e2466f35bfa99',	'0195c2662d4772b4a6950cfe9316cab8',	1,	350),
('0196066c18cb7a7391b905b6e27dff06',	'0195c26d87687654923b24e51014a7a2',	1,	430),
('0196066c18cb7a7391b905b6e27dff06',	'0195fc40941a7719afe38842ad682cad',	1,	100),
('0196066d3efb70eeaf107ba6636d8f84',	'0195f7179b2b7635872375fcdeb9c47d',	1,	500),
('0196066dde5279f08266b3409c655642',	'0195c26a30fe7c8995cb994b97aefac0',	1,	300),
('0196066e092971ab9afb972ce8c3a290',	'0195fc40941a7719afe38842ad682cad',	1,	100),
('0196066f7a3b78a89ffab8ee745c100b',	'0195c26a30fe7c8995cb994b97aefac0',	1,	300),
('0196066f7a3b78a89ffab8ee745c100b',	'0195fc40941a7719afe38842ad682cad',	1,	100),
('0196067022fb778dbecc631ef51bc098',	'0195f7179b2b7635872375fcdeb9c47d',	1,	500),
('019606712ce87d61b699692b14006cf5',	'0195c26a30fe7c8995cb994b97aefac0',	1,	300),
('019606719de07a8abe6d32decabe9707',	'0195c2662d4772b4a6950cfe9316cab8',	1,	350),
('01960671a0e27db7b21910e6017b9698',	'0195c26d87687654923b24e51014a7a2',	2,	430),
('01960672c5637f25ab18403fcd454747',	'0195c26d87687654923b24e51014a7a2',	1,	430),
('01960673f1037f03a5a90e98dd47d1f4',	'0195c26d87687654923b24e51014a7a2',	1,	430),
('0196067409437bcdb4f5c790825e60ef',	'0195c26d87687654923b24e51014a7a2',	1,	430),
('01960674c9c3705abb09137738fc5f16',	'0195c270241375a29754d06bb1902c7f',	1,	300),
('019606756f2179af962fb3b4155ad570',	'0195c26433ba7c7da6c5a2d10218dfdb',	1,	100),
('01960675e76278758c8c3c718d0d9918',	'0195c26a30fe7c8995cb994b97aefac0',	1,	300),
('01960675e76278758c8c3c718d0d9918',	'0195fc40941a7719afe38842ad682cad',	2,	100),
('0196067623ad727b81622e2de8c3a574',	'0195c26a30fe7c8995cb994b97aefac0',	1,	300),
('0196067705e7721383209d4dd313ce66',	'0195c26d87687654923b24e51014a7a2',	1,	430),
('0196067705e7721383209d4dd313ce66',	'0195fc40941a7719afe38842ad682cad',	1,	100),
('019606781c107ae28acef7358deb9070',	'0195c26d87687654923b24e51014a7a2',	1,	430),
('019606781c107ae28acef7358deb9070',	'0195c26f7eaa769fb722fdc4a70b3b47',	1,	350),
('01960679b549742eaffa899a0634af9b',	'0195c26f7eaa769fb722fdc4a70b3b47',	1,	350),
('01960679b549742eaffa899a0634af9b',	'0195fc40941a7719afe38842ad682cad',	1,	100),
('0196067a8846711da460aca2486b81b6',	'0195c2662d4772b4a6950cfe9316cab8',	2,	350),
('0196067a8846711da460aca2486b81b6',	'0195f7179b2b7635872375fcdeb9c47d',	1,	500),
('0196067c77d77e1a91052d81fbcb694f',	'0195c26d87687654923b24e51014a7a2',	1,	430),
('0196067c77d77e1a91052d81fbcb694f',	'0195c270241375a29754d06bb1902c7f',	1,	300),
('0196067c77d77e1a91052d81fbcb694f',	'0195fc40941a7719afe38842ad682cad',	3,	100),
('0196067d4bb87b7d981fe0c5b16708b8',	'0195c270241375a29754d06bb1902c7f',	1,	300),
('0196067d6f6f7b8eb6df163a1e0bf69c',	'0195c26d87687654923b24e51014a7a2',	3,	430),
('0196067ec5897668a9ccf296543e5a91',	'0195c26d87687654923b24e51014a7a2',	1,	430),
('0196067ec5897668a9ccf296543e5a91',	'0195c26f9f14716eb0ead6b4a214c777',	1,	300),
('0196067ec5897668a9ccf296543e5a91',	'0195fc40941a7719afe38842ad682cad',	2,	100),
('0196067f71c370948e311ce13d8b7828',	'0195f7179b2b7635872375fcdeb9c47d',	1,	500),
('019606804eab76f187353f334d85b3fc',	'0195c2662d4772b4a6950cfe9316cab8',	1,	350),
('019606804eab76f187353f334d85b3fc',	'0195f7179b2b7635872375fcdeb9c47d',	1,	500),
('01960680572f72928f6f2429ef85a043',	'0195c269c2cd7698b27b817a4a45beaf',	1,	250),
('01960680572f72928f6f2429ef85a043',	'0195c26aeb317070a01c4243557edbbc',	1,	300),
('01960680572f72928f6f2429ef85a043',	'0195fc40941a7719afe38842ad682cad',	1,	100),
('01960680655a7c4fb408fd03311be0b5',	'0195c270241375a29754d06bb1902c7f',	2,	300),
('01960680655a7c4fb408fd03311be0b5',	'0195fc40941a7719afe38842ad682cad',	1,	100),
('01960681841b752596c2aba9ac6445bb',	'0195f7179b2b7635872375fcdeb9c47d',	2,	500),
('0196068185f57c6fb6c34f3eb8e50dc5',	'0195c26ac6227181ba7afc82f2a831ba',	1,	350),
('0196068185f57c6fb6c34f3eb8e50dc5',	'0195fc40941a7719afe38842ad682cad',	1,	100),
('01960681949a7591a6fddc7320ade77e',	'0195c2662d4772b4a6950cfe9316cab8',	1,	350),
('01960681949a7591a6fddc7320ade77e',	'0195f7179b2b7635872375fcdeb9c47d',	1,	500),
('01960681bb1d78128e025bcfec2d62cf',	'0195c26aeb317070a01c4243557edbbc',	1,	300),
('01960681c668722ca9e8964ae8fa4785',	'0195c26d87687654923b24e51014a7a2',	5,	430),
('01960682074f73798bb495c23d2d25f7',	'0195c2662d4772b4a6950cfe9316cab8',	2,	350),
('019606825f627f13b236e6d77002e323',	'0195f7179b2b7635872375fcdeb9c47d',	1,	500),
('01960682675e783e801befe2efa261a8',	'0195c26ac6227181ba7afc82f2a831ba',	1,	350),
('01960682675e783e801befe2efa261a8',	'0195fc40941a7719afe38842ad682cad',	1,	100),
('0196068286c57cd6a34a6941a0e059ea',	'0195c26d87687654923b24e51014a7a2',	1,	430),
('01960682ef057684a86261957b05b709',	'0195c26d87687654923b24e51014a7a2',	1,	430),
('01960682ef057684a86261957b05b709',	'0195c26f7eaa769fb722fdc4a70b3b47',	1,	350),
('019606845b617b3e88a5b298de4f08e8',	'0195c26d87687654923b24e51014a7a2',	1,	430),
('01960684c58178649c89900a5d68be93',	'0195c26ac6227181ba7afc82f2a831ba',	1,	350),
('01960684c58178649c89900a5d68be93',	'0195fc40941a7719afe38842ad682cad',	1,	100),
('01960685096d7accbb5fbbda4b1a21e4',	'0195c26d87687654923b24e51014a7a2',	1,	430),
('01960685096d7accbb5fbbda4b1a21e4',	'0195fc40941a7719afe38842ad682cad',	1,	100),
('01960685cace73598cb9bfd7849c2542',	'0195c26a30fe7c8995cb994b97aefac0',	1,	300),
('01960685cace73598cb9bfd7849c2542',	'0195c26ac6227181ba7afc82f2a831ba',	1,	350),
('0196068635c77defa39190b4e5caf10e',	'0195fc40941a7719afe38842ad682cad',	-3,	100),
('0196068797a676dba162265daa0e9ee2',	'0195c26d87687654923b24e51014a7a2',	1,	430),
('0196068797a676dba162265daa0e9ee2',	'0195fc40941a7719afe38842ad682cad',	1,	100),
('019606879e617c61b5e910303ee8d63b',	'0195c26d87687654923b24e51014a7a2',	2,	430),
('019606879e617c61b5e910303ee8d63b',	'0195fc40941a7719afe38842ad682cad',	2,	100),
('01960687e0027b2cbd6b05f9f1fb3dba',	'0195c2649e3974309196e10c4a5162ca',	2,	350),
('01960687e0027b2cbd6b05f9f1fb3dba',	'0195c2662d4772b4a6950cfe9316cab8',	3,	350),
('01960687e0027b2cbd6b05f9f1fb3dba',	'0195f7179b2b7635872375fcdeb9c47d',	3,	500),
('01960687fc927715a74a4be624856f54',	'0195c26f7eaa769fb722fdc4a70b3b47',	1,	350),
('0196068810c9752f8aa5c55bd91427bb',	'0195c270241375a29754d06bb1902c7f',	3,	300),
('0196068810c9752f8aa5c55bd91427bb',	'0195fc40941a7719afe38842ad682cad',	2,	100),
('01960688fa327e60be331d31da628225',	'0195c2662d4772b4a6950cfe9316cab8',	1,	350),
('01960688fa327e60be331d31da628225',	'0195f7179b2b7635872375fcdeb9c47d',	1,	500),
('01960689043f753b8cefa847c25259c5',	'0195c26db6f9792e88553329afabb299',	2,	380),
('019606892aa27e07a3a9181edba1cdd6',	'0195c26aeb317070a01c4243557edbbc',	1,	300),
('019606892aa27e07a3a9181edba1cdd6',	'0195fc40941a7719afe38842ad682cad',	1,	100),
('019606894df07ea2b407dfc9b2eadd6c',	'0195c26bd31878b7a099c89fb57124aa',	1,	200),
('019606894df07ea2b407dfc9b2eadd6c',	'0195fc40941a7719afe38842ad682cad',	1,	100),
('019606896e9972e1a3ba42f23a4984c6',	'0195c26db6f9792e88553329afabb299',	1,	380),
('01960689b9d7780a90c17553fc8bc1b5',	'0195c2649e3974309196e10c4a5162ca',	1,	350),
('01960689b9d7780a90c17553fc8bc1b5',	'0195f7179b2b7635872375fcdeb9c47d',	1,	500),
('0196068aabda7934ae85443a0522c022',	'0195c26a30fe7c8995cb994b97aefac0',	1,	300),
('0196068c30aa7d40947f889d8ca5bc35',	'0195f7179b2b7635872375fcdeb9c47d',	3,	500),
('0196068df7437101a9aece20d0003100',	'0195c26d87687654923b24e51014a7a2',	1,	430),
('0196068df7437101a9aece20d0003100',	'0195fc40941a7719afe38842ad682cad',	1,	100),
('0196068f053a702990fa90acb8bf45b9',	'0195c2662d4772b4a6950cfe9316cab8',	1,	350),
('0196068f053a702990fa90acb8bf45b9',	'0195f7179b2b7635872375fcdeb9c47d',	2,	500),
('0196068f312172b0a3de511da07ca6cf',	'0195c26d87687654923b24e51014a7a2',	2,	430),
('0196068f312172b0a3de511da07ca6cf',	'0195c26f7eaa769fb722fdc4a70b3b47',	1,	350),
('0196068f312172b0a3de511da07ca6cf',	'0195fc40941a7719afe38842ad682cad',	-1,	100),
('0196068f4c917ed5936c697f154f1993',	'0195c26d87687654923b24e51014a7a2',	2,	430),
('0196068f9ce6737687be4acda7751a18',	'0195c26d87687654923b24e51014a7a2',	2,	430),
('0196069058f77cebae22c934cbbf77d6',	'0195c26d87687654923b24e51014a7a2',	1,	430),
('0196069084627d438366e24a3ac3d4f7',	'0195c2649e3974309196e10c4a5162ca',	1,	350),
('0196069084627d438366e24a3ac3d4f7',	'0195f7179b2b7635872375fcdeb9c47d',	1,	500),
('01960690d3ec74f39413dc9a199d2b93',	'0195c26d87687654923b24e51014a7a2',	1,	430),
('01960690d3ec74f39413dc9a199d2b93',	'0195c26f7eaa769fb722fdc4a70b3b47',	1,	350),
('0196069158e375ab9138c9db982370d7',	'0195c26d87687654923b24e51014a7a2',	1,	430),
('0196069158e375ab9138c9db982370d7',	'0195fc40941a7719afe38842ad682cad',	1,	100),
('0196069217c6769383a20a66e1a09827',	'0195c26d87687654923b24e51014a7a2',	2,	430),
('01960693441e78d2a3b8c74a5c61adda',	'0195c26d87687654923b24e51014a7a2',	1,	430),
('019606934b657371b732dce235a6ee1f',	'0195c26d87687654923b24e51014a7a2',	1,	430),
('0196069368a6770cbc4d190835d07032',	'0195c270241375a29754d06bb1902c7f',	1,	300),
('0196069368a6770cbc4d190835d07032',	'0195fc40941a7719afe38842ad682cad',	1,	100),
('01960694b9c77e3782a7dbad4d890710',	'0195c2662d4772b4a6950cfe9316cab8',	2,	350),
('019606951d4776e3a41fc318ca8a49da',	'0195c26d87687654923b24e51014a7a2',	1,	430),
('019606951d4776e3a41fc318ca8a49da',	'0195c26f9f14716eb0ead6b4a214c777',	1,	300),
('0196069555cb77cf8b537cc38232e1fc',	'0195f7179b2b7635872375fcdeb9c47d',	1,	500),
('019606956f91711db53c63b87b349f4c',	'0195c26db6f9792e88553329afabb299',	3,	380),
('019606956f91711db53c63b87b349f4c',	'0195fc40941a7719afe38842ad682cad',	1,	100),
('01960695a39879c69079259d2789754b',	'0195c270241375a29754d06bb1902c7f',	1,	300),
('01960695a39879c69079259d2789754b',	'0195fc40941a7719afe38842ad682cad',	1,	100),
('019606963f627dbeaf1a0b800d4ae94c',	'0195c2662d4772b4a6950cfe9316cab8',	1,	350),
('01960697a6c372ea8a30601d0b4a0814',	'0195c2662d4772b4a6950cfe9316cab8',	1,	350),
('01960697a6c372ea8a30601d0b4a0814',	'0195f7179b2b7635872375fcdeb9c47d',	2,	500),
('019606983aae78068cbae23d031ca979',	'0195c26d87687654923b24e51014a7a2',	1,	430),
('01960698845f746494e8e8cee0028d18',	'0195c270241375a29754d06bb1902c7f',	1,	300),
('01960699338677bc855ada88d13ed1ca',	'0195c2649e3974309196e10c4a5162ca',	1,	350),
('01960699338677bc855ada88d13ed1ca',	'0195c2662d4772b4a6950cfe9316cab8',	1,	350),
('01960699f4f37ddcbcf474ff266694c6',	'0195c2662d4772b4a6950cfe9316cab8',	2,	350),
('01960699f4f37ddcbcf474ff266694c6',	'0195f7179b2b7635872375fcdeb9c47d',	2,	500),
('01960699f7c9782db4ea925c4a49312d',	'0195c26a30fe7c8995cb994b97aefac0',	1,	300),
('0196069aea90716f81305b48aa1d4b43',	'0195c26a30fe7c8995cb994b97aefac0',	1,	300),
('0196069b902a763da703262b555abb85',	'0195c26f9f14716eb0ead6b4a214c777',	1,	300),
('0196069c0df575cd9e73ace49e6678de',	'0195f7179b2b7635872375fcdeb9c47d',	1,	500),
('0196069c81b97b4e8339d4fe94791f4d',	'0195c26aeb317070a01c4243557edbbc',	1,	300),
('0196069c81b97b4e8339d4fe94791f4d',	'0195fc40941a7719afe38842ad682cad',	2,	100),
('0196069cebaa7455be8b422fafd400c3',	'0195c26a30fe7c8995cb994b97aefac0',	1,	300),
('0196069cebaa7455be8b422fafd400c3',	'0195fc40941a7719afe38842ad682cad',	1,	100),
('0196069d09337bb08674fc4080c60e89',	'0195f7179b2b7635872375fcdeb9c47d',	2,	500),
('0196069d57c97c6da2d250d9c139ec98',	'0195c26d87687654923b24e51014a7a2',	3,	430),
('0196069e756973c798bc04429f9915be',	'0195c2649e3974309196e10c4a5162ca',	1,	350),
('0196069e756973c798bc04429f9915be',	'0195f7179b2b7635872375fcdeb9c47d',	1,	500),
('0196069f16547cd59ae8897aa3c21dea',	'0195c270241375a29754d06bb1902c7f',	3,	300),
('0196069fd752708fac3a13fff974da1c',	'0195c2662d4772b4a6950cfe9316cab8',	2,	350),
('019606a010a37427b9c364f706e20bf3',	'0195c26d87687654923b24e51014a7a2',	1,	430),
('019606a010a37427b9c364f706e20bf3',	'0195c270241375a29754d06bb1902c7f',	3,	300),
('019606a0eaf675aebf9f1fdc8e15b125',	'0195c26ac6227181ba7afc82f2a831ba',	1,	350),
('019606a0eaf675aebf9f1fdc8e15b125',	'0195fc40941a7719afe38842ad682cad',	1,	100),
('019606a204fd7affaf399d891e856aad',	'0195c26d87687654923b24e51014a7a2',	1,	430),
('019606a2205a76f2bbb3cd49e7f0c521',	'0195c26f9f14716eb0ead6b4a214c777',	1,	300),
('019606a255c37191a4c7b784e262f5e7',	'0195c2662d4772b4a6950cfe9316cab8',	1,	350),
('019606a255c37191a4c7b784e262f5e7',	'0195f7179b2b7635872375fcdeb9c47d',	2,	500),
('019606a27af4740c9d4466db5ff705ea',	'0195c26d87687654923b24e51014a7a2',	3,	430),
('019606a3261275d38e75670e17089f4b',	'0195c270241375a29754d06bb1902c7f',	2,	300),
('019606a354847cebaa2be5989b3d90a3',	'0195c270241375a29754d06bb1902c7f',	1,	300),
('019606a3940971df9a9d2f2181e1bb09',	'0195c2662d4772b4a6950cfe9316cab8',	1,	350),
('019606a3da7678c386697fe28c2f3d77',	'0195c26d87687654923b24e51014a7a2',	1,	430),
('019606a60cb07acfb48bfc63226b4f5e',	'0195c26d87687654923b24e51014a7a2',	1,	430),
('019606a614a579a0b9be05a22758ee11',	'0195c26d87687654923b24e51014a7a2',	1,	430),
('019606a7219f7a45abe66b76ddb14377',	'0195fc40941a7719afe38842ad682cad',	-2,	100),
('019606a7888a7bf2800c9da5fb495ee0',	'0195c270241375a29754d06bb1902c7f',	4,	300),
('019606a79b3177db87c072fbd4771a65',	'0195c26433ba7c7da6c5a2d10218dfdb',	1,	100),
('019606a7f6b1784f89cf886448f0bfe3',	'0195c26d87687654923b24e51014a7a2',	6,	430),
('019606a98e9676e596ab23b59f1b0d8d',	'0195c2662d4772b4a6950cfe9316cab8',	1,	350),
('019606a98e9676e596ab23b59f1b0d8d',	'0195f7179b2b7635872375fcdeb9c47d',	2,	500),
('019606aa3f95725aa6863ba05668c46b',	'0195c2662d4772b4a6950cfe9316cab8',	1,	350),
('019606aa9b1b7df2a66e5edb8c32f095',	'0195f7179b2b7635872375fcdeb9c47d',	1,	500),
('019606ac03b87dc299577d6be2d678a7',	'0195c27050ba70c1ab1d55db6c15b7da',	2,	250),
('019606ac03b87dc299577d6be2d678a7',	'0195fc40941a7719afe38842ad682cad',	-1,	100),
('019606ad3d107ed1bf8d7c813b347c97',	'0195c26d87687654923b24e51014a7a2',	1,	430),
('019606ad6ae076108f2eed40aacd3bc7',	'0195c26d87687654923b24e51014a7a2',	-1,	430),
('019606ad6ae076108f2eed40aacd3bc7',	'0195fc40941a7719afe38842ad682cad',	1,	100),
('019606ad729f7e0a9925e5d678a8082f',	'0195c26d87687654923b24e51014a7a2',	2,	430),
('019606ad729f7e0a9925e5d678a8082f',	'0195c26f7eaa769fb722fdc4a70b3b47',	1,	350),
('019606addcf57f2fa9f9a601d269c23a',	'0195c2662d4772b4a6950cfe9316cab8',	2,	350),
('019606ae8288726097c90a14d104552a',	'0195c26bd31878b7a099c89fb57124aa',	2,	200),
('019606ae8288726097c90a14d104552a',	'0195c26d87687654923b24e51014a7a2',	3,	430),
('019606ae8288726097c90a14d104552a',	'0195fc40941a7719afe38842ad682cad',	1,	100),
('019606aee1c97a4a91c22f15e171d25c',	'0195fc40941a7719afe38842ad682cad',	-1,	100),
('019606af60fa7efda5fa4165456a5097',	'0195fc40941a7719afe38842ad682cad',	-4,	100),
('019606afb7d77b33a29055e114c58f31',	'0195c26f7eaa769fb722fdc4a70b3b47',	2,	350),
('019606afb7d77b33a29055e114c58f31',	'0195c26f9f14716eb0ead6b4a214c777',	1,	300),
('019606afd7c37317aa694673a5f93b6b',	'0195c26db6f9792e88553329afabb299',	1,	380),
('019606b07e07753499cc4ea46695dd34',	'0195c269f11b748cb6bcd4060a17d3e9',	1,	200),
('019606b07e07753499cc4ea46695dd34',	'0195fc40941a7719afe38842ad682cad',	1,	100),
('019606b12ce7786e9a85156cf2f68fb2',	'0195c26bd31878b7a099c89fb57124aa',	1,	200),
('019606b192c479d1a0e46e758c2a99db',	'0195c26d87687654923b24e51014a7a2',	1,	430),
('019606b1fd69797b9ad242a9b60341b0',	'0195f7179b2b7635872375fcdeb9c47d',	1,	500),
('019606b303b57749bb436fe01e7cf0bc',	'0195c26d87687654923b24e51014a7a2',	3,	430),
('019606b39ec67df8a0a6507b45685665',	'0195c270241375a29754d06bb1902c7f',	1,	300),
('019606b600f070c9b0aea5486cdaed45',	'0195c26d87687654923b24e51014a7a2',	2,	430),
('019606b7020b79b08a071632f8e9380c',	'0195fc40941a7719afe38842ad682cad',	-1,	100),
('019606b9c13b7c4cb7c233f8bd2635e0',	'0195c26f9f14716eb0ead6b4a214c777',	1,	300),
('019606bafb5b76c3aa6d88c8062fade8',	'0195c26db6f9792e88553329afabb299',	2,	380),
('019606bafb5b76c3aa6d88c8062fade8',	'0195fc40941a7719afe38842ad682cad',	1,	100),
('019606bb5048722fbd9587895dc861a6',	'0195fc40941a7719afe38842ad682cad',	-1,	100),
('019606bdc0537c11a6f72316aabdb0e0',	'0195c26aeb317070a01c4243557edbbc',	1,	300),
('019606bdc0537c11a6f72316aabdb0e0',	'0195fc40941a7719afe38842ad682cad',	1,	100),
('019606be4cbb7d45a153bf4915e47fb5',	'0195c26d87687654923b24e51014a7a2',	2,	430),
('019606be84247966901e6f2ea2111fe8',	'0195c26d87687654923b24e51014a7a2',	1,	430),
('019606be84247966901e6f2ea2111fe8',	'0195c26f7eaa769fb722fdc4a70b3b47',	1,	350),
('019606c04bcc71a6b1f44a58fb8476f9',	'0195fc40941a7719afe38842ad682cad',	-1,	100),
('019606c082a87c0eab37e8cf0838d3b5',	'0195c26ddc70797394f57288dffc7127',	1,	1720),
('019606c4145a7b878a9d8fb63c44aedd',	'0195c26ddc70797394f57288dffc7127',	1,	1720),
('019606c426e17b9fb769104ce25115ed',	'0195fc40941a7719afe38842ad682cad',	-2,	100),
('019606c4523a7aec949590658f854568',	'0195fc40941a7719afe38842ad682cad',	-1,	100),
('019606c520ac71bc900a7d33e2c8f5c6',	'0195fc40941a7719afe38842ad682cad',	-2,	100),
('019606c555e97ae28c27b4a014ef628b',	'0195fc40941a7719afe38842ad682cad',	-2,	100),
('019606c5aa2073a788140c99b6359102',	'0195c2662d4772b4a6950cfe9316cab8',	1,	350),
('019606c5d9c97ab6afaddaca96c2bc59',	'0195fc40941a7719afe38842ad682cad',	-7,	100),
('019606c7ce20752ea28cca914ee5689f',	'0195c26433ba7c7da6c5a2d10218dfdb',	1,	100),
('019606c818437e0c91b40a363db61b63',	'0195c26d87687654923b24e51014a7a2',	3,	430),
('019606c8da8676be9262529474b16626',	'0195fc40941a7719afe38842ad682cad',	-4,	100),
('019606c8e66c712cb1ee3a6716be9ba1',	'0195fc40941a7719afe38842ad682cad',	-2,	100),
('019606c8e86f7763bfd1e9d2ef3827e9',	'0195c26e1ca278cea52cb7b9fd9e5a30',	1,	550),
('019606c97a4e72899a31731d96014d9c',	'0195c26f7eaa769fb722fdc4a70b3b47',	1,	350),
('019606c98766718a81351559c1223995',	'0195c26d87687654923b24e51014a7a2',	3,	430),
('019606c98766718a81351559c1223995',	'0195c26f7eaa769fb722fdc4a70b3b47',	1,	350),
('019606ca27ea76ac860b216d0188a14e',	'0195c2662d4772b4a6950cfe9316cab8',	2,	350),
('019606ca338675e3b7bd2799e206c9f4',	'0195f7179b2b7635872375fcdeb9c47d',	1,	500),
('019606cac1937e42ac556285c4a56548',	'0195c26d87687654923b24e51014a7a2',	4,	430),
('019606cac1937e42ac556285c4a56548',	'0195fc40941a7719afe38842ad682cad',	-1,	100),
('019606cb16427dde9fd71c6de53b1955',	'0195fc40941a7719afe38842ad682cad',	-6,	100),
('019606cb35dd770196718b577d04e6a2',	'0195fc40941a7719afe38842ad682cad',	-1,	100),
('019606cb675978ca8c3ee07e5dc823ed',	'0195c26db6f9792e88553329afabb299',	1,	380),
('019606cbcf947aff892f48d7fd901a5d',	'0195c26d87687654923b24e51014a7a2',	1,	430),
('019606cbdfb77967940bea44aa5e8626',	'0195c2662d4772b4a6950cfe9316cab8',	1,	350),
('019606cbe72f7db9a5ac328143fdac95',	'0195fc40941a7719afe38842ad682cad',	-2,	100),
('019606cc9fe576c89a428b05e94a3f78',	'0195c26d87687654923b24e51014a7a2',	2,	430),
('019606cc9fe576c89a428b05e94a3f78',	'0195fc40941a7719afe38842ad682cad',	1,	100),
('019606ce34b27476898dec956f674772',	'0195c270241375a29754d06bb1902c7f',	4,	300),
('019606cf1f6571dfb747a2fda7c60ae8',	'0195c2662d4772b4a6950cfe9316cab8',	2,	350),
('019606cf29447a63b709d474fbce42ca',	'0195c26d87687654923b24e51014a7a2',	2,	430),
('019606cf29447a63b709d474fbce42ca',	'0195fc40941a7719afe38842ad682cad',	2,	100),
('019606cf34b5756eb6bed97be36ec11e',	'0195c26d87687654923b24e51014a7a2',	-1,	430),
('019606cf34b5756eb6bed97be36ec11e',	'0195fc40941a7719afe38842ad682cad',	1,	100),
('019606cfaf9a7c7dbb55b03021b108a5',	'0195fc40941a7719afe38842ad682cad',	-1,	100),
('019606d0196372379d45baf265c0057e',	'0195fc40941a7719afe38842ad682cad',	-2,	100),
('019606d14ef77341adf944866deced1b',	'0195c26d87687654923b24e51014a7a2',	1,	430),
('019606d14ef77341adf944866deced1b',	'0195fc40941a7719afe38842ad682cad',	1,	100),
('019606d157b273ec885fb8bfc4b88dec',	'0195c26f7eaa769fb722fdc4a70b3b47',	1,	350),
('019606d157b273ec885fb8bfc4b88dec',	'0195fc40941a7719afe38842ad682cad',	1,	100),
('019606d1a07a73138a1cf19899de65da',	'0195fc40941a7719afe38842ad682cad',	-4,	100),
('019606d212f272e494c0bcda34e20199',	'0195fc40941a7719afe38842ad682cad',	-2,	100),
('019606d2333e7a3aa6430928ec45feba',	'0195c270241375a29754d06bb1902c7f',	2,	300),
('019606d3420f78b693c402285c6ecbae',	'0195c26ac6227181ba7afc82f2a831ba',	4,	350),
('019606d3420f78b693c402285c6ecbae',	'0195c270241375a29754d06bb1902c7f',	1,	300),
('019606d510a97d22a032763147edbd9a',	'0195c26db6f9792e88553329afabb299',	1,	380),
('019606d5dee2751e9c13f2b86612c579',	'0195c26bf4bc7ba3ac73d0c7de6dd74d',	1,	150),
('019606d5dee2751e9c13f2b86612c579',	'0195fc40941a7719afe38842ad682cad',	1,	100),
('019606d6957776b79600e07e22274970',	'0195c26d87687654923b24e51014a7a2',	3,	430),
('019606d6957776b79600e07e22274970',	'0195c26f7eaa769fb722fdc4a70b3b47',	1,	350),
('019606d6957776b79600e07e22274970',	'0195fc40941a7719afe38842ad682cad',	4,	100),
('019606d6ead777b7a548600a8a3ff954',	'0195c26d87687654923b24e51014a7a2',	2,	430),
('019606d6ead777b7a548600a8a3ff954',	'0195fc40941a7719afe38842ad682cad',	2,	100),
('019606d82f6e75dc84b36beac7c15818',	'0195c26d87687654923b24e51014a7a2',	1,	430),
('019606d82f6e75dc84b36beac7c15818',	'0195c26db6f9792e88553329afabb299',	1,	380),
('019606d82f6e75dc84b36beac7c15818',	'0195fc40941a7719afe38842ad682cad',	1,	100),
('019606d8562a7b83b277696115aeec78',	'0195c269c2cd7698b27b817a4a45beaf',	1,	250),
('019606d8fc407218b7fee1006d3e4920',	'0195c264da2c78ac949a2d45897f424f',	1,	300),
('019606d8fc407218b7fee1006d3e4920',	'0195f7179b2b7635872375fcdeb9c47d',	1,	500),
('019606d901db7e839d8581b169822962',	'0195c26d87687654923b24e51014a7a2',	1,	430),
('019606d901db7e839d8581b169822962',	'0195fc40941a7719afe38842ad682cad',	1,	100),
('019606da0f157c2b8e17e340e83685ac',	'0195c26d87687654923b24e51014a7a2',	1,	430),
('019606da0f157c2b8e17e340e83685ac',	'0195fc40941a7719afe38842ad682cad',	1,	100),
('019606db1d5b7f16bed3016cfedfb49f',	'0195c26d87687654923b24e51014a7a2',	1,	430),
('019606db1d5b7f16bed3016cfedfb49f',	'0195fc40941a7719afe38842ad682cad',	1,	100),
('019606db337071968fef7a8a26e4960b',	'0195c26d87687654923b24e51014a7a2',	1,	430),
('019606db337071968fef7a8a26e4960b',	'0195fc40941a7719afe38842ad682cad',	1,	100),
('019606dcbf887492966faba684024537',	'0195c26db6f9792e88553329afabb299',	1,	380),
('019606dcbf887492966faba684024537',	'0195fc40941a7719afe38842ad682cad',	1,	100),
('019606ddb7b07ba5a6895f962e938dfd',	'0195c26d87687654923b24e51014a7a2',	1,	430),
('019606ddb7b07ba5a6895f962e938dfd',	'0195fc40941a7719afe38842ad682cad',	1,	100),
('019606ddcb8d755ba3a83222352a6e1e',	'0195c26aeb317070a01c4243557edbbc',	1,	300),
('019606ddcb8d755ba3a83222352a6e1e',	'0195fc40941a7719afe38842ad682cad',	1,	100),
('019606ddd97877c69fe5d610c0c762b5',	'0195fc40941a7719afe38842ad682cad',	-1,	100),
('019606de590874b8968779b19a225274',	'0195c26f9f14716eb0ead6b4a214c777',	1,	300),
('019606de7dc2751dab408333cfc28a3e',	'0195c26bd31878b7a099c89fb57124aa',	1,	200),
('019606e00b4a76d4a105eca38fde0039',	'0195c26d87687654923b24e51014a7a2',	1,	430),
('019606e0e5347565a11592394c58823f',	'0195c26db6f9792e88553329afabb299',	1,	380),
('019606e19c0d735191225a4427979abc',	'0195c264da2c78ac949a2d45897f424f',	3,	300),
('019606e19c0d735191225a4427979abc',	'0195f7179b2b7635872375fcdeb9c47d',	1,	500),
('019606e1bb577ce1ae1a2dbb0a92cd14',	'0195c26a30fe7c8995cb994b97aefac0',	1,	300),
('019606e1bb577ce1ae1a2dbb0a92cd14',	'0195fc40941a7719afe38842ad682cad',	1,	100),
('019606e251bb77d59868bfc4a7f57286',	'0195c26d87687654923b24e51014a7a2',	1,	430),
('019606e34ae07d31ae6bae0f915cfdc9',	'0195c270241375a29754d06bb1902c7f',	1,	300),
('019606e4d3387b7dac8bb71b2d694754',	'0195c26a501d7da88266c3b3ab90df94',	1,	250),
('019606e4d3387b7dac8bb71b2d694754',	'0195fc40941a7719afe38842ad682cad',	1,	100),
('019606e587cb7589a9c91ead539b57a7',	'0195c270241375a29754d06bb1902c7f',	1,	300),
('019606e587cb7589a9c91ead539b57a7',	'0195c27050ba70c1ab1d55db6c15b7da',	1,	250),
('019606e587cb7589a9c91ead539b57a7',	'0195fc40941a7719afe38842ad682cad',	5,	100),
('019606e6ac9e709db6ecd4cd8a6371ad',	'0195c26db6f9792e88553329afabb299',	1,	380),
('019606e6ac9e709db6ecd4cd8a6371ad',	'0195fc40941a7719afe38842ad682cad',	1,	100),
('019606e6d52477fdb72d854438d52a5e',	'0195f7179b2b7635872375fcdeb9c47d',	1,	500),
('019606e7c8bd75059300d93c997339ca',	'0195c26d87687654923b24e51014a7a2',	3,	430),
('019606e7c8bd75059300d93c997339ca',	'0195fc40941a7719afe38842ad682cad',	1,	100),
('019606e7eeac7d80a348e2bdee18a66b',	'0195c26d87687654923b24e51014a7a2',	1,	430),
('019606e91b4e78099a13dfa091304cb9',	'0195f7179b2b7635872375fcdeb9c47d',	2,	500),
('019606e962d179c4a745a82285a76e43',	'0195c26db6f9792e88553329afabb299',	1,	380),
('019606e980067b51973a24b8ac22a150',	'0195fc40941a7719afe38842ad682cad',	-1,	100),
('019606eade45740a9c5947d20e19c731',	'0195f7179b2b7635872375fcdeb9c47d',	1,	500),
('019606eae2937a2cbda24bb3ee848131',	'0195c26db6f9792e88553329afabb299',	2,	380),
('019606eae2937a2cbda24bb3ee848131',	'0195fc40941a7719afe38842ad682cad',	1,	100),
('019606eb3ab976ecaa7b939c9f1ff662',	'0195f7179b2b7635872375fcdeb9c47d',	1,	500),
('019606eba17b79b89c18822612fd150a',	'0195c26d87687654923b24e51014a7a2',	1,	430),
('019606ed1abb77bea9d14b5aa0c633db',	'0195c26d87687654923b24e51014a7a2',	1,	430),
('019606ed342e729ab3ec6dc5b37ddb5b',	'0195c26d87687654923b24e51014a7a2',	1,	430),
('019606ed7a48778e9525857945673e1f',	'0195c26d87687654923b24e51014a7a2',	4,	430),
('019606edb219764c9298bd90dde19a64',	'0195c269f11b748cb6bcd4060a17d3e9',	1,	200),
('019606edb219764c9298bd90dde19a64',	'0195fc40941a7719afe38842ad682cad',	1,	100),
('019606ee119c7ce58e55e7f5b3b9acc0',	'0195c26d87687654923b24e51014a7a2',	1,	430),
('019606ee119c7ce58e55e7f5b3b9acc0',	'0195c26f7eaa769fb722fdc4a70b3b47',	1,	350),
('019606ee119c7ce58e55e7f5b3b9acc0',	'0195fc40941a7719afe38842ad682cad',	-1,	100),
('019606ee2b83733493bfa0fe89810639',	'0195c26d87687654923b24e51014a7a2',	1,	430),
('019606ee2b83733493bfa0fe89810639',	'0195c26f7eaa769fb722fdc4a70b3b47',	2,	350),
('019606ee2b83733493bfa0fe89810639',	'0195fc40941a7719afe38842ad682cad',	-5,	100),
('019606efc28875d69dfbcdd1bd2094c7',	'0195c26a30fe7c8995cb994b97aefac0',	1,	300),
('019606efc28875d69dfbcdd1bd2094c7',	'0195fc40941a7719afe38842ad682cad',	1,	100),
('019606f137df782587f98c243d4c7012',	'0195c26d87687654923b24e51014a7a2',	1,	430),
('019606f137df782587f98c243d4c7012',	'0195fc40941a7719afe38842ad682cad',	1,	100),
('019606f19cb974a79f68058efba03fbd',	'0195c26d87687654923b24e51014a7a2',	3,	430),
('019606f2a20b7c6fadefecc10acb4076',	'0195f7179b2b7635872375fcdeb9c47d',	1,	500),
('019606f3e5007bb0b4b3f765279b3f7b',	'0195c26db6f9792e88553329afabb299',	2,	380),
('019606f4e5d87207b3737b4ec6be8e46',	'0195c26d87687654923b24e51014a7a2',	2,	430),
('019606f4e5d87207b3737b4ec6be8e46',	'0195c26db6f9792e88553329afabb299',	1,	380),
('019606f619e177d1b990e8de0394395e',	'0195c26d87687654923b24e51014a7a2',	1,	430),
('019606f71b607258b704442347ae411b',	'0195c26d87687654923b24e51014a7a2',	1,	430),
('019606f754b67bcc99d2557d550d6404',	'0195c26d87687654923b24e51014a7a2',	3,	430),
('019606f7d9f876f2bac3a4cb638c248b',	'0195c26d87687654923b24e51014a7a2',	2,	430),
('019606f8193c755bb928e85b6fe2185e',	'0195fc40941a7719afe38842ad682cad',	-1,	100),
('019606f825f1780880af7e10712d78ce',	'0195fc40941a7719afe38842ad682cad',	-1,	100),
('019606f9fb1a70308bf347c00d4a39f4',	'0195c270241375a29754d06bb1902c7f',	1,	300),
('019606f9fb1a70308bf347c00d4a39f4',	'0195fc40941a7719afe38842ad682cad',	1,	100),
('019606fa20c576679e94317012df757c',	'0195c26d87687654923b24e51014a7a2',	1,	430),
('019606faf9397d7fb2a8769a89f5532c',	'0195c26a30fe7c8995cb994b97aefac0',	3,	300),
('019606faf9397d7fb2a8769a89f5532c',	'0195c270241375a29754d06bb1902c7f',	1,	300),
('019606faf9397d7fb2a8769a89f5532c',	'0195fc40941a7719afe38842ad682cad',	-6,	100),
('019606fc911b7f22a1d09802f55dc5a9',	'0195c270241375a29754d06bb1902c7f',	1,	300),
('019606fd6d0a7004b5c14824829fab5f',	'0195c26d87687654923b24e51014a7a2',	1,	430),
('019606fe264872f2b64b610f336b68a6',	'0195c270241375a29754d06bb1902c7f',	7,	300),
('019606fe264872f2b64b610f336b68a6',	'0195fc40941a7719afe38842ad682cad',	-2,	100),
('019606feda28757396be36d1b4fb944b',	'0195c26d87687654923b24e51014a7a2',	1,	430),
('01960700e0927bfcb753d619bc66f6a4',	'0195c26d87687654923b24e51014a7a2',	2,	430),
('01960700e0927bfcb753d619bc66f6a4',	'0195c270241375a29754d06bb1902c7f',	1,	300),
('01960700e0927bfcb753d619bc66f6a4',	'0195fc40941a7719afe38842ad682cad',	1,	100),
('01960705ef1971a7884e480b7052f826',	'0195c26bd31878b7a099c89fb57124aa',	1,	200),
('01960706153974638791913fbaf9aee2',	'0195c26d87687654923b24e51014a7a2',	1,	430),
('0196070c3f0d77fc9d3b76aa5bf09e37',	'0195c26d87687654923b24e51014a7a2',	3,	430),
('0196070c3f0d77fc9d3b76aa5bf09e37',	'0195fc40941a7719afe38842ad682cad',	-4,	100),
('0196070c5fb577359e63e89f2ef30234',	'0195c26db6f9792e88553329afabb299',	1,	380),
('0196070eaf6a72c1acdcc510188c2e06',	'0195c26db6f9792e88553329afabb299',	1,	380),
('0196071066577090abed562de4323418',	'0195c26d87687654923b24e51014a7a2',	2,	430),
('0196071140bd7153b963e222d28f4c34',	'0195c26d87687654923b24e51014a7a2',	1,	430),
('0196071ad6157ab9a7fc15053c592e5c',	'0195c26d87687654923b24e51014a7a2',	2,	430),
('0196071af50171798f8ec862d430a220',	'0195c270241375a29754d06bb1902c7f',	3,	300),
('0196071af50171798f8ec862d430a220',	'0195fc40941a7719afe38842ad682cad',	-7,	100),
('0196071f5c0a78d78a060f59a9f9868e',	'0195c270241375a29754d06bb1902c7f',	3,	300),
('0196071f5c0a78d78a060f59a9f9868e',	'0195fc40941a7719afe38842ad682cad',	-1,	100),
('01960720d51677358f476f2bc3f58e87',	'0195c26d87687654923b24e51014a7a2',	1,	430),
('0196072b9efc799d889824ccdce4ec4a',	'0195c26d87687654923b24e51014a7a2',	2,	430),
('0196072b9efc799d889824ccdce4ec4a',	'0195c26db6f9792e88553329afabb299',	1,	380),
('019607324aee7ad4a031f102b1df848a',	'0195fc40941a7719afe38842ad682cad',	-1,	100),
('019607365c2272df9d9a1f8b0d631a7e',	'0195c267068f7c6baac4c734bb489a89',	7,	350),
('01960739f8f37e35996dc08292f4a9e6',	'0195c26d87687654923b24e51014a7a2',	2,	430),
('019607411e8d7d969efc6ee5311bf9d0',	'0195c267068f7c6baac4c734bb489a89',	7,	350),
('01960743f8d27da5ac04acc08859b29a',	'0195c267068f7c6baac4c734bb489a89',	4,	350),
('01960744cf6e7b17ba4a5a1af664fe60',	'0195c26d87687654923b24e51014a7a2',	3,	430),
('0196074a8e087b219d5f9f39fbed65a2',	'0195c26cbe8378d5a1829e6bb8d5f1a1',	1,	300),
('0196074deb617ba49b882ff9c9120d29',	'0195c26794c77ec9b6b7a8b6a6b6d9ff',	7,	350),
('0196074ed0a97140a8ca492b1409ea0b',	'0195c26d87687654923b24e51014a7a2',	2,	430),
('019607502aeb706a917d82522a7b7d4f',	'0195c26db6f9792e88553329afabb299',	2,	380),
('0196075c484a7914810dfb55b36dc428',	'0195c2724cc77a3e87491f67ed9d884e',	8,	300),
('0196075cde2778908c3de678ed7bcd65',	'0195c26d87687654923b24e51014a7a2',	2,	430),
('0196075fd8ca769aa398d637675df749',	'0195c270241375a29754d06bb1902c7f',	5,	300),
('01960768b0077cc1977f1469dda613d1',	'0195c26794c77ec9b6b7a8b6a6b6d9ff',	8,	350),
('01960770df3272dca963d27117731cfa',	'0195c26d87687654923b24e51014a7a2',	3,	430),
('01960772128b7855addd96fac0e6ddc3',	'0195c26db6f9792e88553329afabb299',	1,	380),
('01960772128b7855addd96fac0e6ddc3',	'0195c2724cc77a3e87491f67ed9d884e',	6,	300),
('01960775f8bb7b328673cb0a99085dad',	'0195c26db6f9792e88553329afabb299',	1,	380),
('01960775f8bb7b328673cb0a99085dad',	'0195c2724cc77a3e87491f67ed9d884e',	6,	300),
('0196077c2ca37138a6b04447ab1212f9',	'0195c26d87687654923b24e51014a7a2',	1,	430),
('0196077c2ca37138a6b04447ab1212f9',	'0195c270241375a29754d06bb1902c7f',	1,	300),
('0196077fe3177263aab1c0f04c2c618e',	'0195c2724cc77a3e87491f67ed9d884e',	8,	300),
('019607846f567d958acc649084bc7f87',	'0195c26d87687654923b24e51014a7a2',	1,	430),
('0196078576dc77dc8d702b449c3cbe33',	'0195c26c578278dea40fceda969d858f',	1,	230),
('019607862e647addbc406b4998f1d301',	'0195c26d87687654923b24e51014a7a2',	1,	430),
('01960787cdf17bf8bb4c87b6341bbeb4',	'0195c267068f7c6baac4c734bb489a89',	8,	350),
('0196078baf087e349005e81a4879fe1e',	'0195c26f7eaa769fb722fdc4a70b3b47',	3,	350),
('0196078d9b9a75deaa995a9cc92647b7',	'0195c26d87687654923b24e51014a7a2',	1,	430),
('0196078d9b9a75deaa995a9cc92647b7',	'0195c26db6f9792e88553329afabb299',	1,	380),
('0196079463da73c3ae7047b8a9772043',	'0195c267068f7c6baac4c734bb489a89',	6,	350),
('019607a4b9937befa01d57e2b62d1799',	'0195c26794c77ec9b6b7a8b6a6b6d9ff',	1,	350),
('019607a4b9937befa01d57e2b62d1799',	'0195c26f7eaa769fb722fdc4a70b3b47',	1,	350),
('019607a4ef787b25a675a725f2d37749',	'0195c26794c77ec9b6b7a8b6a6b6d9ff',	5,	350),
('019607a4ef787b25a675a725f2d37749',	'0195c2724cc77a3e87491f67ed9d884e',	1,	300),
('019607a51a7373c79cf4a5aadbe93473',	'0195c26794c77ec9b6b7a8b6a6b6d9ff',	5,	350),
('019607a51a7373c79cf4a5aadbe93473',	'0195c2724cc77a3e87491f67ed9d884e',	1,	300),
('019607a848fe7945a1f9341a676efc3e',	'0195c26d87687654923b24e51014a7a2',	2,	430),
('019607a848fe7945a1f9341a676efc3e',	'0195c26db6f9792e88553329afabb299',	3,	380),
('019607a8fdc27cb39de337f7ccc29cd2',	'0195c26c7a58737b8daf1023fd96fffe',	1,	180),
('019607bab0887c8b8e4fa743173f4373',	'0195c26db6f9792e88553329afabb299',	2,	380),
('019607bce775767b80646ed4bb96c3ec',	'0195c26d87687654923b24e51014a7a2',	1,	430),
('019607bce775767b80646ed4bb96c3ec',	'0195c26db6f9792e88553329afabb299',	1,	380),
('019607cef5227ce3867fcc3e85811f22',	'0195c270241375a29754d06bb1902c7f',	3,	300),
('019607cfaf5e715484427b7ccecd4ed9',	'0195c26c578278dea40fceda969d858f',	2,	230),
('019607cfaf5e715484427b7ccecd4ed9',	'0195c26d87687654923b24e51014a7a2',	1,	430),
('019607cfaf5e715484427b7ccecd4ed9',	'0195c270241375a29754d06bb1902c7f',	1,	300),
('019607d42c6c7e77923b527f1f922415',	'0195c2724cc77a3e87491f67ed9d884e',	4,	300);

DROP TABLE IF EXISTS `transactions`;
CREATE TABLE `transactions` (
  `id` varchar(36) NOT NULL,
  `created_at` datetime(3) DEFAULT NULL,
  `updated_at` datetime(3) DEFAULT NULL,
  `deleted_at` datetime(3) DEFAULT NULL,
  `payment_option` tinyint unsigned DEFAULT NULL,
  `total` int DEFAULT NULL,
  `total_credit` int DEFAULT NULL,
  `user_id` varchar(36) DEFAULT NULL,
  `account_id` varchar(36) DEFAULT NULL,
  PRIMARY KEY (`id`),
  KEY `idx_transactions_deleted_at` (`deleted_at`),
  KEY `fk_transactions_user` (`user_id`),
  KEY `fk_transactions_account` (`account_id`),
  CONSTRAINT `fk_transactions_account` FOREIGN KEY (`account_id`) REFERENCES `accounts` (`id`),
  CONSTRAINT `fk_transactions_user` FOREIGN KEY (`user_id`) REFERENCES `users` (`id`)
) ENGINE=InnoDB DEFAULT CHARSET=utf8mb4 COLLATE=utf8mb4_0900_ai_ci;

INSERT INTO `transactions` (`id`, `created_at`, `updated_at`, `deleted_at`, `payment_option`, `total`, `total_credit`, `user_id`, `account_id`) VALUES
('019605d997e97122a524006fbe81b563',	'2025-04-05 14:07:48.457',	'2025-04-05 14:07:48.457',	NULL,	2,	300,	0,	'0195f8c4f9ce7176bad146bd21ff5674',	NULL),
('019605dec88479ce9cfe19f1305c1747',	'2025-04-05 14:13:28.581',	'2025-04-05 14:13:28.581',	NULL,	0,	250,	0,	'0195f8c4f9ce7176bad146bd21ff5674',	NULL),
('019605dee0a2798dad667699be98695e',	'2025-04-05 14:13:34.755',	'2025-04-05 14:13:34.755',	NULL,	2,	250,	0,	'0195f8c4f9ce7176bad146bd21ff5674',	NULL),
('019605ef2c2f795c9cdaccedba9e1fa7',	'2025-04-05 14:31:22.672',	'2025-04-05 14:31:22.672',	NULL,	0,	250,	0,	'0195f8c4f9ce7176bad146bd21ff5674',	NULL),
('019605f376717ae8a8410110b27af585',	'2025-04-05 14:36:03.826',	'2025-04-05 14:36:03.826',	NULL,	2,	230,	0,	'0195f8c4f9ce7176bad146bd21ff5674',	NULL),
('019605f54aff7024acd53ffc23e6882a',	'2025-04-05 14:38:03.775',	'2025-04-05 14:38:03.775',	NULL,	0,	400,	0,	'0195f8c4f9ce7176bad146bd21ff5674',	NULL),
('019605fac0397b29a48ef849749b8ec6',	'2025-04-05 14:44:01.466',	'2025-04-05 14:44:01.466',	NULL,	0,	400,	0,	'0195f8c4f9ce7176bad146bd21ff5674',	NULL),
('019605fc8028746bbcf8c6b8377beab9',	'2025-04-05 14:45:56.136',	'2025-04-05 14:45:56.136',	NULL,	0,	530,	0,	'0195f8c4f9ce7176bad146bd21ff5674',	NULL),
('019605fcef9e78a6af5ba2985ca6793f',	'2025-04-05 14:46:24.671',	'2025-04-05 14:46:24.671',	NULL,	0,	750,	0,	'0195f8c4f9ce7176bad146bd21ff5674',	NULL),
('019605fe1e3f71bba1491da2f934ddb0',	'2025-04-05 14:47:42.143',	'2025-04-05 14:47:42.143',	NULL,	0,	1060,	0,	'0195f8c4f9ce7176bad146bd21ff5674',	NULL),
('019605fe20ee716d9d046ecfb267d80b',	'2025-04-05 14:47:42.830',	'2025-04-05 14:47:42.830',	NULL,	0,	250,	0,	'0195f8c4f9ce7176bad146bd21ff5674',	NULL),
('019605ff6bb675b3afc95a1c169ed784',	'2025-04-05 14:49:07.510',	'2025-04-05 14:49:07.510',	NULL,	0,	450,	0,	'0195f8c4f9ce7176bad146bd21ff5674',	NULL),
('019605ffcb227b2bbddceaba05aed067',	'2025-04-05 14:49:31.939',	'2025-04-05 14:49:31.939',	NULL,	0,	450,	0,	'0195f8c4f9ce7176bad146bd21ff5674',	NULL),
('01960600eb9a76b2810c21a21a56953b',	'2025-04-05 14:50:45.787',	'2025-04-05 14:50:45.787',	NULL,	0,	1060,	0,	'0195f8c4f9ce7176bad146bd21ff5674',	NULL),
('019606019e23782fb829cd82f5d383c1',	'2025-04-05 14:51:31.492',	'2025-04-05 14:51:31.492',	NULL,	0,	400,	0,	'0195f8c4f9ce7176bad146bd21ff5674',	NULL),
('01960602c18f7632aa6e44b255509ae1',	'2025-04-05 14:52:46.096',	'2025-04-05 14:52:46.096',	NULL,	2,	430,	0,	'0195f8c4f9ce7176bad146bd21ff5674',	NULL),
('0196060941fa7e429eeaebe2e8f13505',	'2025-04-05 14:59:52.187',	'2025-04-05 14:59:52.187',	NULL,	0,	450,	0,	'0195f8c4f9ce7176bad146bd21ff5674',	NULL),
('01960609a7627a258ea3bb8b33e19adb',	'2025-04-05 15:00:18.147',	'2025-04-05 15:00:18.147',	NULL,	2,	900,	0,	'0195f8c4f9ce7176bad146bd21ff5674',	NULL),
('0196060d6fde7942860c9fd65e3cbdab',	'2025-04-05 15:04:26.079',	'2025-04-05 15:04:26.079',	NULL,	0,	350,	0,	'0195f8c4f9ce7176bad146bd21ff5674',	NULL),
('0196060e7ae07a38b8e727f6ee189d9b',	'2025-04-05 15:05:34.433',	'2025-04-05 15:05:34.440',	NULL,	1,	1260,	1260,	'0195f8c4f9ce7176bad146bd21ff5674',	'01960459cbc8797daeed6fa1ec0fb685'),
('019606102ba07e8da484db3a1fb60a6e',	'2025-04-05 15:07:25.217',	'2025-04-05 15:07:25.217',	NULL,	0,	530,	0,	'0195f8c4f9ce7176bad146bd21ff5674',	NULL),
('01960611c07a79bb8cd4a9c02efa4f3b',	'2025-04-05 15:09:08.859',	'2025-04-05 15:09:08.859',	NULL,	0,	400,	0,	'0195f8c4f9ce7176bad146bd21ff5674',	NULL),
('0196061399e870328db47dd4e06eb0c7',	'2025-04-05 15:11:10.056',	'2025-04-05 15:11:10.056',	NULL,	0,	400,	0,	'0195f8c4f9ce7176bad146bd21ff5674',	NULL),
('0196061b73997440860e7c6f671a3f1c',	'2025-04-05 15:19:44.537',	'2025-04-05 15:19:44.537',	NULL,	0,	500,	0,	'0195f8c4f9ce7176bad146bd21ff5674',	NULL),
('0196061ee70974ca92404b0e14ff58cd',	'2025-04-05 15:23:30.697',	'2025-04-05 15:23:30.697',	NULL,	0,	350,	0,	'0195f8c4f9ce7176bad146bd21ff5674',	NULL),
('0196061f02d67dc19fe8297bb5387103',	'2025-04-05 15:23:37.815',	'2025-04-05 15:23:37.815',	NULL,	0,	350,	0,	'0195f8c4f9ce7176bad146bd21ff5674',	NULL),
('01960620e53d7dde995af1be7e08ce38',	'2025-04-05 15:25:41.310',	'2025-04-05 15:25:41.310',	NULL,	0,	700,	0,	'0195f8c4f9ce7176bad146bd21ff5674',	NULL),
('01960624cd5b7ea28b97d1163d1e5ddb',	'2025-04-05 15:29:57.340',	'2025-04-05 15:29:57.340',	NULL,	2,	600,	0,	'0195f8c4f9ce7176bad146bd21ff5674',	NULL),
('0196062836af7a4bb3afe2afb1e84b38',	'2025-04-05 15:33:40.912',	'2025-04-05 15:33:40.912',	NULL,	0,	400,	0,	'0195f8c4f9ce7176bad146bd21ff5674',	NULL),
('01960628d9ea7038a66950c8639e0e6d',	'2025-04-05 15:34:22.698',	'2025-04-05 15:34:22.698',	NULL,	2,	300,	0,	'0195f8c4f9ce7176bad146bd21ff5674',	NULL),
('019606294bff744e9c1ce814f604a3ea',	'2025-04-05 15:34:51.903',	'2025-04-05 15:34:51.903',	NULL,	0,	1230,	0,	'0195f8c4f9ce7176bad146bd21ff5674',	NULL),
('0196062aa5997999ba5ea0a00045eb96',	'2025-04-05 15:36:20.378',	'2025-04-05 15:36:20.378',	NULL,	0,	400,	0,	'0195f8c4f9ce7176bad146bd21ff5674',	NULL),
('0196062ad778716db75aa49e84e08c76',	'2025-04-05 15:36:33.144',	'2025-04-05 15:36:33.144',	NULL,	0,	500,	0,	'0195f8c4f9ce7176bad146bd21ff5674',	NULL),
('0196062c2f0a7eec8fc6535aa0dee42c',	'2025-04-05 15:38:01.099',	'2025-04-05 15:38:01.099',	NULL,	0,	860,	0,	'0195f8c4f9ce7176bad146bd21ff5674',	NULL),
('0196062fed36798f9e7f5ab7ad3c11a4',	'2025-04-05 15:42:06.391',	'2025-04-05 15:42:06.391',	NULL,	0,	450,	0,	'0195f8c4f9ce7176bad146bd21ff5674',	NULL),
('019606301ce87c479773b73022b14d02',	'2025-04-05 15:42:18.601',	'2025-04-05 15:42:18.601',	NULL,	0,	380,	0,	'0195fd5dcef47edfb673a8d55548bb8d',	NULL),
('019606305b1176c9b9d3d02eee97bb25',	'2025-04-05 15:42:34.514',	'2025-04-05 15:42:34.514',	NULL,	0,	300,	0,	'0195f8c4f9ce7176bad146bd21ff5674',	NULL),
('019606306c6f7ef69757f4f8668048f8',	'2025-04-05 15:42:38.960',	'2025-04-05 15:42:38.960',	NULL,	2,	300,	0,	'0195f8c4f9ce7176bad146bd21ff5674',	NULL),
('019606313022790196bb0b421547cf3d',	'2025-04-05 15:43:29.059',	'2025-04-05 15:43:29.059',	NULL,	0,	350,	0,	'0195f8c4f9ce7176bad146bd21ff5674',	NULL),
('0196063610b87c299cbfe76fb0379f0f',	'2025-04-05 15:48:48.697',	'2025-04-05 15:48:48.697',	NULL,	0,	530,	0,	'0195f8c4f9ce7176bad146bd21ff5674',	NULL),
('01960636cd0074d88cd8b3144768d8fd',	'2025-04-05 15:49:36.896',	'2025-04-05 15:49:36.896',	NULL,	0,	730,	0,	'0195f8c4f9ce7176bad146bd21ff5674',	NULL),
('01960638486375538e41867d0770c5ba',	'2025-04-05 15:51:14.019',	'2025-04-05 15:51:14.019',	NULL,	0,	300,	0,	'0195f8c4f9ce7176bad146bd21ff5674',	NULL),
('0196063851f17ef49e1e54ab5386ecf6',	'2025-04-05 15:51:16.466',	'2025-04-05 15:51:16.466',	NULL,	2,	600,	0,	'0195f8c4f9ce7176bad146bd21ff5674',	NULL),
('01960639de5470ae92abcd9efebb654f',	'2025-04-05 15:52:57.940',	'2025-04-05 15:52:57.940',	NULL,	0,	530,	0,	'0195fd5dcef47edfb673a8d55548bb8d',	NULL),
('0196063adec379afba5251f39c9d6636',	'2025-04-05 15:54:03.588',	'2025-04-05 15:54:03.595',	NULL,	1,	860,	860,	'0195f8c4f9ce7176bad146bd21ff5674',	'01960459cbc8797daeed6fa1ec0fb685'),
('0196063af58a7a6189175076cb408f18',	'2025-04-05 15:54:09.419',	'2025-04-05 15:54:09.419',	NULL,	0,	350,	0,	'0195f8c4f9ce7176bad146bd21ff5674',	NULL),
('0196063c14e37347b405b5d658aadbd4',	'2025-04-05 15:55:22.979',	'2025-04-05 15:55:22.979',	NULL,	0,	350,	0,	'0195f8c4f9ce7176bad146bd21ff5674',	NULL),
('0196063ed2997ee48be400fafa2706ac',	'2025-04-05 15:58:22.618',	'2025-04-05 15:58:22.618',	NULL,	0,	530,	0,	'0195f8c4f9ce7176bad146bd21ff5674',	NULL),
('0196063efef376cba6791fe484f93b16',	'2025-04-05 15:58:33.972',	'2025-04-05 15:58:33.972',	NULL,	0,	1350,	0,	'0195f8c4f9ce7176bad146bd21ff5674',	NULL),
('0196063ff1027856b29e989693bda688',	'2025-04-05 15:59:35.939',	'2025-04-05 15:59:35.939',	NULL,	0,	650,	0,	'0195f8c4f9ce7176bad146bd21ff5674',	NULL),
('019606411e28730a9f59b88597271656',	'2025-04-05 16:00:53.032',	'2025-04-05 16:00:53.032',	NULL,	0,	-100,	0,	'0195f8c4f9ce7176bad146bd21ff5674',	NULL),
('019606412e5a7b25b7e2d3d5c3dd3931',	'2025-04-05 16:00:57.179',	'2025-04-05 16:00:57.179',	NULL,	0,	860,	0,	'0195f8c4f9ce7176bad146bd21ff5674',	NULL),
('0196064232d272a69f78f206a7cc4979',	'2025-04-05 16:02:03.858',	'2025-04-05 16:02:03.858',	NULL,	0,	530,	0,	'0195f8c4f9ce7176bad146bd21ff5674',	NULL),
('019606453058729589c15894eecc1121',	'2025-04-05 16:05:19.832',	'2025-04-05 16:05:19.832',	NULL,	0,	450,	0,	'0195fd5dcef47edfb673a8d55548bb8d',	NULL),
('01960645c05b733bb70f5223d101fbea',	'2025-04-05 16:05:56.699',	'2025-04-05 16:05:56.699',	NULL,	0,	400,	0,	'0195f8c4f9ce7176bad146bd21ff5674',	NULL),
('0196064799a17300a16f2890ec23fc60',	'2025-04-05 16:07:57.857',	'2025-04-05 16:07:57.857',	NULL,	0,	350,	0,	'0195f8c4f9ce7176bad146bd21ff5674',	NULL),
('0196064975697f2b8fb889cb8861e894',	'2025-04-05 16:09:59.658',	'2025-04-05 16:09:59.658',	NULL,	0,	1060,	0,	'0195f8c4f9ce7176bad146bd21ff5674',	NULL),
('0196064c05bc7b389096712091a663bc',	'2025-04-05 16:12:47.677',	'2025-04-05 16:12:47.677',	NULL,	0,	430,	0,	'0195f8c4f9ce7176bad146bd21ff5674',	NULL),
('0196064c5beb7f0ba48660da54555bdf',	'2025-04-05 16:13:09.740',	'2025-04-05 16:13:09.740',	NULL,	0,	530,	0,	'0195fd5dcef47edfb673a8d55548bb8d',	NULL),
('0196064c5ff97c4f93b373725f8c2571',	'2025-04-05 16:13:10.778',	'2025-04-05 16:13:10.778',	NULL,	0,	350,	0,	'0195f8c4f9ce7176bad146bd21ff5674',	NULL),
('0196064ea12f7cd7aa093b238bf5b2d1',	'2025-04-05 16:15:38.544',	'2025-04-05 16:15:38.544',	NULL,	0,	350,	0,	'0195f8c4f9ce7176bad146bd21ff5674',	NULL),
('0196064f08cd76d28b01731ee2e87a22',	'2025-04-05 16:16:05.070',	'2025-04-05 16:16:05.070',	NULL,	0,	350,	0,	'0195f8c4f9ce7176bad146bd21ff5674',	NULL),
('0196064fffaf74be80a6f770b728d102',	'2025-04-05 16:17:08.271',	'2025-04-05 16:17:08.271',	NULL,	0,	1000,	0,	'0195f8c4f9ce7176bad146bd21ff5674',	NULL),
('01960650482b7a7eb8ffc3946a396061',	'2025-04-05 16:17:26.828',	'2025-04-05 16:17:26.828',	NULL,	2,	530,	0,	'0195fd5dcef47edfb673a8d55548bb8d',	NULL),
('019606506df17556bfb423ed6487408f',	'2025-04-05 16:17:36.497',	'2025-04-05 16:17:36.497',	NULL,	3,	780,	0,	'0195f8c4f9ce7176bad146bd21ff5674',	NULL),
('01960650af6372a6b28c074a71853e46',	'2025-04-05 16:17:53.251',	'2025-04-05 16:17:53.251',	NULL,	0,	530,	0,	'0195f8c4f9ce7176bad146bd21ff5674',	NULL),
('0196065104997597ab8ec4b926731853',	'2025-04-05 16:18:15.065',	'2025-04-05 16:18:15.065',	NULL,	0,	700,	0,	'0195f8c4f9ce7176bad146bd21ff5674',	NULL),
('0196065176ca7c85815ee616271de8c4',	'2025-04-05 16:18:44.299',	'2025-04-05 16:18:44.299',	NULL,	0,	1440,	0,	'0195f8c4f9ce7176bad146bd21ff5674',	NULL),
('0196065181d07a3a9b397b916d93b2d2',	'2025-04-05 16:18:47.121',	'2025-04-05 16:18:47.121',	NULL,	0,	530,	0,	'0195fd5dcef47edfb673a8d55548bb8d',	NULL),
('019606518f517cc1b32df0251da523d0',	'2025-04-05 16:18:50.578',	'2025-04-05 16:18:50.578',	NULL,	0,	530,	0,	'0195f8c4f9ce7176bad146bd21ff5674',	NULL),
('019606523a817852a9c060d13479018f',	'2025-04-05 16:19:34.402',	'2025-04-05 16:19:34.402',	NULL,	0,	430,	0,	'0195f8c4f9ce7176bad146bd21ff5674',	NULL),
('0196065509ef7aa7b4a47d019f4a35c7',	'2025-04-05 16:22:38.576',	'2025-04-05 16:22:38.576',	NULL,	0,	500,	0,	'0195f8c4f9ce7176bad146bd21ff5674',	NULL),
('019606551e0f78bf9b1bce29e21b0774',	'2025-04-05 16:22:43.728',	'2025-04-05 16:22:43.728',	NULL,	0,	530,	0,	'0195fd5dcef47edfb673a8d55548bb8d',	NULL),
('019606552b1279048c43db46b845b31e',	'2025-04-05 16:22:47.059',	'2025-04-05 16:22:47.059',	NULL,	2,	300,	0,	'0195f8c4f9ce7176bad146bd21ff5674',	NULL),
('019606555ce77305a74ec118604eb006',	'2025-04-05 16:22:59.815',	'2025-04-05 16:22:59.815',	NULL,	0,	1330,	0,	'0195f8c4f9ce7176bad146bd21ff5674',	NULL),
('01960655728e73689d6583a944f3c161',	'2025-04-05 16:23:05.358',	'2025-04-05 16:23:05.358',	NULL,	0,	450,	0,	'0195f8c4f9ce7176bad146bd21ff5674',	NULL),
('01960655870d7d60aa48fe9d39036d78',	'2025-04-05 16:23:10.606',	'2025-04-05 16:23:10.606',	NULL,	0,	530,	0,	'0195fd5dcef47edfb673a8d55548bb8d',	NULL),
('01960655ef577b77afe253f236693935',	'2025-04-05 16:23:37.304',	'2025-04-05 16:23:37.304',	NULL,	0,	350,	0,	'0195f8c4f9ce7176bad146bd21ff5674',	NULL),
('01960657321b708d807a3a5b4779daa3',	'2025-04-05 16:24:59.931',	'2025-04-05 16:24:59.931',	NULL,	0,	1330,	0,	'0195f8c4f9ce7176bad146bd21ff5674',	NULL),
('01960657af0878d382bf62f63ebc766e',	'2025-04-05 16:25:31.913',	'2025-04-05 16:25:31.913',	NULL,	0,	530,	0,	'0195fd5dcef47edfb673a8d55548bb8d',	NULL),
('019606587db1760cb7e0dda22eb3d839',	'2025-04-05 16:26:24.817',	'2025-04-05 16:26:24.817',	NULL,	0,	350,	0,	'0195f8c4f9ce7176bad146bd21ff5674',	NULL),
('01960658c21273ea93f83dff7be92a75',	'2025-04-05 16:26:42.322',	'2025-04-05 16:26:42.322',	NULL,	2,	300,	0,	'0195f8c4f9ce7176bad146bd21ff5674',	NULL),
('01960658d5fc7190865c60c5a03cae8a',	'2025-04-05 16:26:47.420',	'2025-04-05 16:26:47.420',	NULL,	2,	350,	0,	'0195f8c4f9ce7176bad146bd21ff5674',	NULL),
('01960658f0647487a4f12f9d4b42688c',	'2025-04-05 16:26:54.180',	'2025-04-05 16:26:54.180',	NULL,	2,	230,	0,	'0195f8c4f9ce7176bad146bd21ff5674',	NULL),
('01960659f35d7a338cf4dcd9073ef08f',	'2025-04-05 16:28:00.478',	'2025-04-05 16:28:00.478',	NULL,	0,	530,	0,	'0195f8c4f9ce7176bad146bd21ff5674',	NULL),
('0196065a7ce17c5988ad1a3a9c71f8de',	'2025-04-05 16:28:35.682',	'2025-04-05 16:28:35.682',	NULL,	0,	530,	0,	'0195fd5dcef47edfb673a8d55548bb8d',	NULL),
('0196065b8fce76f2b318dfdf30d5d36c',	'2025-04-05 16:29:46.063',	'2025-04-05 16:29:46.063',	NULL,	0,	530,	0,	'0195fd5dcef47edfb673a8d55548bb8d',	NULL),
('0196065be81f7e2798a398025be4948f',	'2025-04-05 16:30:08.672',	'2025-04-05 16:30:08.672',	NULL,	0,	430,	0,	'0195f8c4f9ce7176bad146bd21ff5674',	NULL),
('0196065ccfda72a38a21a43c6f7c2feb',	'2025-04-05 16:31:07.994',	'2025-04-05 16:31:07.994',	NULL,	0,	530,	0,	'0195fd5dcef47edfb673a8d55548bb8d',	NULL),
('0196065d265b747fa0c8d66e56b2552c',	'2025-04-05 16:31:30.139',	'2025-04-05 16:31:30.139',	NULL,	0,	530,	0,	'0195f8c4f9ce7176bad146bd21ff5674',	NULL),
('0196065d4dd673449c07121adc45d866',	'2025-04-05 16:31:40.247',	'2025-04-05 16:31:40.247',	NULL,	0,	1590,	0,	'0195fd5dcef47edfb673a8d55548bb8d',	NULL),
('0196065d951f74748978a88eaf6720ca',	'2025-04-05 16:31:58.495',	'2025-04-05 16:31:58.495',	NULL,	0,	850,	0,	'0195f8c4f9ce7176bad146bd21ff5674',	NULL),
('0196065e0ab672f5ba0a8fe30bf0fa0d',	'2025-04-05 16:32:28.599',	'2025-04-05 16:32:28.599',	NULL,	0,	800,	0,	'0195f8c4f9ce7176bad146bd21ff5674',	NULL),
('0196065e8e4c7d2baf641856f8ed0100',	'2025-04-05 16:33:02.286',	'2025-04-05 16:33:02.286',	NULL,	0,	430,	0,	'0195fd5dcef47edfb673a8d55548bb8d',	NULL),
('0196065f5f6c77169aeb43232ae4edd3',	'2025-04-05 16:33:55.822',	'2025-04-05 16:33:55.822',	NULL,	0,	1260,	0,	'0195f8c4f9ce7176bad146bd21ff5674',	NULL),
('0196065fa2ce703ca26d8f1dc2131422',	'2025-04-05 16:34:13.070',	'2025-04-05 16:34:13.070',	NULL,	0,	400,	0,	'0195f8c4f9ce7176bad146bd21ff5674',	NULL),
('0196065fcb1175b486cef8be6e5a5ec8',	'2025-04-05 16:34:23.377',	'2025-04-05 16:34:23.377',	NULL,	2,	350,	0,	'0195f8c4f9ce7176bad146bd21ff5674',	NULL),
('01960660d29274f8b759680f10d0593f',	'2025-04-05 16:35:30.836',	'2025-04-05 16:35:30.836',	NULL,	0,	1900,	0,	'0195f8c4f9ce7176bad146bd21ff5674',	NULL),
('01960660dbe67aea855f599a8d5d5b53',	'2025-04-05 16:35:33.223',	'2025-04-05 16:35:33.223',	NULL,	0,	350,	0,	'0195fd5dcef47edfb673a8d55548bb8d',	NULL),
('0196066114237e24bf1f3fb213be0d86',	'2025-04-05 16:35:47.620',	'2025-04-05 16:35:47.620',	NULL,	0,	800,	0,	'0195f8c4f9ce7176bad146bd21ff5674',	NULL),
('0196066183eb72a29526be08958b6bc6',	'2025-04-05 16:36:16.235',	'2025-04-05 16:36:16.235',	NULL,	0,	350,	0,	'0195f8c4f9ce7176bad146bd21ff5674',	NULL),
('01960661ece979ba8e8b057e7e0b720f',	'2025-04-05 16:36:43.114',	'2025-04-05 16:36:43.114',	NULL,	0,	530,	0,	'0195fd5dcef47edfb673a8d55548bb8d',	NULL),
('01960663d87171db93bc842e733e21a8',	'2025-04-05 16:38:48.945',	'2025-04-05 16:38:48.945',	NULL,	0,	300,	0,	'0195f8c4f9ce7176bad146bd21ff5674',	NULL),
('01960664bc6e78a097252f88c18960f8',	'2025-04-05 16:39:47.311',	'2025-04-05 16:39:47.311',	NULL,	0,	800,	0,	'0195f8c4f9ce7176bad146bd21ff5674',	NULL),
('019606653c8d7e468e124585760ceef1',	'2025-04-05 16:40:20.110',	'2025-04-05 16:40:20.110',	NULL,	0,	350,	0,	'0195f8c4f9ce7176bad146bd21ff5674',	NULL),
('019606656bda7c76b7aaa5265917ce55',	'2025-04-05 16:40:32.219',	'2025-04-05 16:40:32.219',	NULL,	0,	800,	0,	'0195f8c4f9ce7176bad146bd21ff5674',	NULL),
('0196066589c07633b49a2e3dd884237c',	'2025-04-05 16:40:39.873',	'2025-04-05 16:40:39.873',	NULL,	0,	300,	0,	'0195f8c4f9ce7176bad146bd21ff5674',	NULL),
('01960665990673e9bd1f72b554e00a00',	'2025-04-05 16:40:43.782',	'2025-04-05 16:40:43.782',	NULL,	2,	300,	0,	'0195f8c4f9ce7176bad146bd21ff5674',	NULL),
('01960665ac1174e9a5d732e1182b8b6a',	'2025-04-05 16:40:48.657',	'2025-04-05 16:40:48.657',	NULL,	3,	300,	0,	'0195f8c4f9ce7176bad146bd21ff5674',	NULL),
('01960667003876e586ca4f2419f7193d',	'2025-04-05 16:42:15.737',	'2025-04-05 16:42:15.737',	NULL,	2,	730,	0,	'0195f8c4f9ce7176bad146bd21ff5674',	NULL),
('019606678fb77249a64b1097a935e905',	'2025-04-05 16:42:52.471',	'2025-04-05 16:42:52.471',	NULL,	0,	2970,	0,	'0195fd5dcef47edfb673a8d55548bb8d',	NULL),
('01960667d50b71129b6951a26a0c99ad',	'2025-04-05 16:43:10.219',	'2025-04-05 16:43:10.219',	NULL,	0,	530,	0,	'0195f8c4f9ce7176bad146bd21ff5674',	NULL),
('01960668dc04706e956ac643d09903c5',	'2025-04-05 16:44:17.540',	'2025-04-05 16:44:17.540',	NULL,	0,	350,	0,	'0195f8c4f9ce7176bad146bd21ff5674',	NULL),
('019606695f6e7c24b097b450d34a788c',	'2025-04-05 16:44:51.183',	'2025-04-05 16:44:51.183',	NULL,	0,	2570,	0,	'0195f8c4f9ce7176bad146bd21ff5674',	NULL),
('01960669dba3750e95a0513544cd7079',	'2025-04-05 16:45:22.979',	'2025-04-05 16:45:22.979',	NULL,	0,	2000,	0,	'0195f8c4f9ce7176bad146bd21ff5674',	NULL),
('0196066b3b0574e88c59a5821222533d',	'2025-04-05 16:46:52.933',	'2025-04-05 16:46:52.933',	NULL,	0,	530,	0,	'0195fd5dcef47edfb673a8d55548bb8d',	NULL),
('0196066b536a76218009d50120dab7b1',	'2025-04-05 16:46:59.179',	'2025-04-05 16:46:59.179',	NULL,	0,	300,	0,	'0195f8c4f9ce7176bad146bd21ff5674',	NULL),
('0196066c0837705c865e2466f35bfa99',	'2025-04-05 16:47:45.463',	'2025-04-05 16:47:45.463',	NULL,	0,	350,	0,	'0195f8c4f9ce7176bad146bd21ff5674',	NULL),
('0196066c18cb7a7391b905b6e27dff06',	'2025-04-05 16:47:49.708',	'2025-04-05 16:47:49.708',	NULL,	0,	530,	0,	'0195fd5dcef47edfb673a8d55548bb8d',	NULL),
('0196066d3efb70eeaf107ba6636d8f84',	'2025-04-05 16:49:05.019',	'2025-04-05 16:49:05.019',	NULL,	0,	500,	0,	'0195f8c4f9ce7176bad146bd21ff5674',	NULL),
('0196066dde5279f08266b3409c655642',	'2025-04-05 16:49:45.811',	'2025-04-05 16:49:45.811',	NULL,	2,	300,	0,	'0195f8c4f9ce7176bad146bd21ff5674',	NULL),
('0196066e092971ab9afb972ce8c3a290',	'2025-04-05 16:49:56.777',	'2025-04-05 16:49:56.777',	NULL,	2,	100,	0,	'0195f8c4f9ce7176bad146bd21ff5674',	NULL),
('0196066f7a3b78a89ffab8ee745c100b',	'2025-04-05 16:51:31.260',	'2025-04-05 16:51:31.260',	NULL,	0,	400,	0,	'0195f8c4f9ce7176bad146bd21ff5674',	NULL),
('0196067022fb778dbecc631ef51bc098',	'2025-04-05 16:52:14.460',	'2025-04-05 16:52:14.460',	NULL,	0,	500,	0,	'0195f8c4f9ce7176bad146bd21ff5674',	NULL),
('019606712ce87d61b699692b14006cf5',	'2025-04-05 16:53:22.537',	'2025-04-05 16:53:22.537',	NULL,	0,	300,	0,	'0195f8c4f9ce7176bad146bd21ff5674',	NULL),
('019606719de07a8abe6d32decabe9707',	'2025-04-05 16:53:51.457',	'2025-04-05 16:53:51.457',	NULL,	0,	350,	0,	'0195f8c4f9ce7176bad146bd21ff5674',	NULL),
('01960671a0e27db7b21910e6017b9698',	'2025-04-05 16:53:52.227',	'2025-04-05 16:53:52.227',	NULL,	0,	860,	0,	'0195fd5dcef47edfb673a8d55548bb8d',	NULL),
('01960672c5637f25ab18403fcd454747',	'2025-04-05 16:55:07.108',	'2025-04-05 16:55:07.108',	NULL,	0,	430,	0,	'0195fd5dcef47edfb673a8d55548bb8d',	NULL),
('01960673f1037f03a5a90e98dd47d1f4',	'2025-04-05 16:56:23.812',	'2025-04-05 16:56:23.812',	NULL,	0,	430,	0,	'0195f8c4f9ce7176bad146bd21ff5674',	NULL),
('0196067409437bcdb4f5c790825e60ef',	'2025-04-05 16:56:30.020',	'2025-04-05 16:56:30.020',	NULL,	0,	430,	0,	'0195f8c4f9ce7176bad146bd21ff5674',	NULL),
('01960674c9c3705abb09137738fc5f16',	'2025-04-05 16:57:19.299',	'2025-04-05 16:57:19.299',	NULL,	2,	300,	0,	'0195f8c4f9ce7176bad146bd21ff5674',	NULL),
('019606756f2179af962fb3b4155ad570',	'2025-04-05 16:58:01.634',	'2025-04-05 16:58:01.634',	NULL,	0,	100,	0,	'0195f8c4f9ce7176bad146bd21ff5674',	NULL),
('01960675e76278758c8c3c718d0d9918',	'2025-04-05 16:58:32.419',	'2025-04-05 16:58:32.419',	NULL,	0,	500,	0,	'0195f8c4f9ce7176bad146bd21ff5674',	NULL),
('0196067623ad727b81622e2de8c3a574',	'2025-04-05 16:58:47.853',	'2025-04-05 16:58:47.853',	NULL,	2,	300,	0,	'0195f8c4f9ce7176bad146bd21ff5674',	NULL),
('0196067705e7721383209d4dd313ce66',	'2025-04-05 16:59:45.767',	'2025-04-05 16:59:45.767',	NULL,	0,	530,	0,	'0195fd5dcef47edfb673a8d55548bb8d',	NULL),
('019606781c107ae28acef7358deb9070',	'2025-04-05 17:00:56.977',	'2025-04-05 17:00:56.977',	NULL,	0,	780,	0,	'0195fd5dcef47edfb673a8d55548bb8d',	NULL),
('01960679b549742eaffa899a0634af9b',	'2025-04-05 17:02:41.737',	'2025-04-05 17:02:41.737',	NULL,	0,	450,	0,	'0195f8c4f9ce7176bad146bd21ff5674',	NULL),
('0196067a8846711da460aca2486b81b6',	'2025-04-05 17:03:35.750',	'2025-04-05 17:03:35.750',	NULL,	0,	1200,	0,	'0195f8c4f9ce7176bad146bd21ff5674',	NULL),
('0196067c77d77e1a91052d81fbcb694f',	'2025-04-05 17:05:42.616',	'2025-04-05 17:05:42.616',	NULL,	0,	1030,	0,	'0195f8c4f9ce7176bad146bd21ff5674',	NULL),
('0196067d4bb87b7d981fe0c5b16708b8',	'2025-04-05 17:06:36.857',	'2025-04-05 17:06:36.857',	NULL,	2,	300,	0,	'0195f8c4f9ce7176bad146bd21ff5674',	NULL),
('0196067d6f6f7b8eb6df163a1e0bf69c',	'2025-04-05 17:06:46.000',	'2025-04-05 17:06:46.000',	NULL,	0,	1290,	0,	'0195fd5dcef47edfb673a8d55548bb8d',	NULL),
('0196067ec5897668a9ccf296543e5a91',	'2025-04-05 17:08:13.578',	'2025-04-05 17:08:13.578',	NULL,	0,	930,	0,	'0195f8c4f9ce7176bad146bd21ff5674',	NULL),
('0196067f71c370948e311ce13d8b7828',	'2025-04-05 17:08:57.667',	'2025-04-05 17:08:57.667',	NULL,	0,	500,	0,	'0195f8c4f9ce7176bad146bd21ff5674',	NULL),
('019606804eab76f187353f334d85b3fc',	'2025-04-05 17:09:54.220',	'2025-04-05 17:09:54.220',	NULL,	0,	850,	0,	'0195f8c4f9ce7176bad146bd21ff5674',	NULL),
('01960680572f72928f6f2429ef85a043',	'2025-04-05 17:09:56.399',	'2025-04-05 17:09:56.399',	NULL,	0,	650,	0,	'0195f8c4f9ce7176bad146bd21ff5674',	NULL),
('01960680655a7c4fb408fd03311be0b5',	'2025-04-05 17:10:00.027',	'2025-04-05 17:10:00.027',	NULL,	0,	700,	0,	'0195f8c4f9ce7176bad146bd21ff5674',	NULL),
('01960681841b752596c2aba9ac6445bb',	'2025-04-05 17:11:13.435',	'2025-04-05 17:11:13.435',	NULL,	0,	1000,	0,	'0195f8c4f9ce7176bad146bd21ff5674',	NULL),
('0196068185f57c6fb6c34f3eb8e50dc5',	'2025-04-05 17:11:13.910',	'2025-04-05 17:11:13.910',	NULL,	0,	450,	0,	'0195f8c4f9ce7176bad146bd21ff5674',	NULL),
('01960681949a7591a6fddc7320ade77e',	'2025-04-05 17:11:17.658',	'2025-04-05 17:11:17.658',	NULL,	0,	850,	0,	'0195f8c4f9ce7176bad146bd21ff5674',	NULL),
('01960681bb1d78128e025bcfec2d62cf',	'2025-04-05 17:11:27.518',	'2025-04-05 17:11:27.518',	NULL,	0,	300,	0,	'0195f8c4f9ce7176bad146bd21ff5674',	NULL),
('01960681c668722ca9e8964ae8fa4785',	'2025-04-05 17:11:30.408',	'2025-04-05 17:11:30.408',	NULL,	2,	2150,	0,	'0195fd5dcef47edfb673a8d55548bb8d',	NULL),
('01960682074f73798bb495c23d2d25f7',	'2025-04-05 17:11:47.023',	'2025-04-05 17:11:47.023',	NULL,	0,	700,	0,	'0195f8c4f9ce7176bad146bd21ff5674',	NULL),
('019606825f627f13b236e6d77002e323',	'2025-04-05 17:12:09.571',	'2025-04-05 17:12:09.571',	NULL,	0,	500,	0,	'0195f8c4f9ce7176bad146bd21ff5674',	NULL),
('01960682675e783e801befe2efa261a8',	'2025-04-05 17:12:11.615',	'2025-04-05 17:12:11.615',	NULL,	0,	450,	0,	'0195f8c4f9ce7176bad146bd21ff5674',	NULL),
('0196068286c57cd6a34a6941a0e059ea',	'2025-04-05 17:12:19.654',	'2025-04-05 17:12:19.654',	NULL,	0,	430,	0,	'0195fd5dcef47edfb673a8d55548bb8d',	NULL),
('01960682ef057684a86261957b05b709',	'2025-04-05 17:12:46.342',	'2025-04-05 17:12:46.342',	NULL,	0,	780,	0,	'0195f8c4f9ce7176bad146bd21ff5674',	NULL),
('019606845b617b3e88a5b298de4f08e8',	'2025-04-05 17:14:19.618',	'2025-04-05 17:14:19.618',	NULL,	0,	430,	0,	'0195f8c4f9ce7176bad146bd21ff5674',	NULL),
('01960684c58178649c89900a5d68be93',	'2025-04-05 17:14:46.786',	'2025-04-05 17:14:46.786',	NULL,	0,	450,	0,	'0195f8c4f9ce7176bad146bd21ff5674',	NULL),
('01960685096d7accbb5fbbda4b1a21e4',	'2025-04-05 17:15:04.174',	'2025-04-05 17:15:04.174',	NULL,	0,	530,	0,	'0195fd5dcef47edfb673a8d55548bb8d',	NULL),
('01960685cace73598cb9bfd7849c2542',	'2025-04-05 17:15:53.678',	'2025-04-05 17:15:53.678',	NULL,	0,	650,	0,	'0195f8c4f9ce7176bad146bd21ff5674',	NULL),
('0196068635c77defa39190b4e5caf10e',	'2025-04-05 17:16:21.064',	'2025-04-05 17:16:21.064',	NULL,	0,	-300,	0,	'0195f8c4f9ce7176bad146bd21ff5674',	NULL),
('0196068797a676dba162265daa0e9ee2',	'2025-04-05 17:17:51.655',	'2025-04-05 17:17:51.655',	NULL,	0,	530,	0,	'0195fd5dcef47edfb673a8d55548bb8d',	NULL),
('019606879e617c61b5e910303ee8d63b',	'2025-04-05 17:17:53.378',	'2025-04-05 17:17:53.378',	NULL,	0,	1060,	0,	'0195f8c4f9ce7176bad146bd21ff5674',	NULL),
('01960687e0027b2cbd6b05f9f1fb3dba',	'2025-04-05 17:18:10.179',	'2025-04-05 17:18:10.179',	NULL,	0,	3250,	0,	'0195f8c4f9ce7176bad146bd21ff5674',	NULL),
('01960687fc927715a74a4be624856f54',	'2025-04-05 17:18:17.491',	'2025-04-05 17:18:17.491',	NULL,	0,	350,	0,	'0195f8c4f9ce7176bad146bd21ff5674',	NULL),
('0196068810c9752f8aa5c55bd91427bb',	'2025-04-05 17:18:22.665',	'2025-04-05 17:18:22.665',	NULL,	0,	1100,	0,	'0195f8c4f9ce7176bad146bd21ff5674',	NULL),
('01960688fa327e60be331d31da628225',	'2025-04-05 17:19:22.419',	'2025-04-05 17:19:22.419',	NULL,	0,	850,	0,	'0195f8c4f9ce7176bad146bd21ff5674',	NULL),
('01960689043f753b8cefa847c25259c5',	'2025-04-05 17:19:24.991',	'2025-04-05 17:19:24.991',	NULL,	0,	760,	0,	'0195f8c4f9ce7176bad146bd21ff5674',	NULL),
('019606892aa27e07a3a9181edba1cdd6',	'2025-04-05 17:19:34.819',	'2025-04-05 17:19:34.819',	NULL,	0,	400,	0,	'0195f8c4f9ce7176bad146bd21ff5674',	NULL),
('019606894df07ea2b407dfc9b2eadd6c',	'2025-04-05 17:19:43.857',	'2025-04-05 17:19:43.857',	NULL,	0,	300,	0,	'0195f8c4f9ce7176bad146bd21ff5674',	NULL),
('019606896e9972e1a3ba42f23a4984c6',	'2025-04-05 17:19:52.217',	'2025-04-05 17:19:52.217',	NULL,	3,	380,	0,	'0195f8c4f9ce7176bad146bd21ff5674',	NULL),
('01960689b9d7780a90c17553fc8bc1b5',	'2025-04-05 17:20:11.480',	'2025-04-05 17:20:11.480',	NULL,	0,	850,	0,	'0195f8c4f9ce7176bad146bd21ff5674',	NULL),
('0196068aabda7934ae85443a0522c022',	'2025-04-05 17:21:13.435',	'2025-04-05 17:21:13.435',	NULL,	0,	300,	0,	'0195f8c4f9ce7176bad146bd21ff5674',	NULL),
('0196068c30aa7d40947f889d8ca5bc35',	'2025-04-05 17:22:52.971',	'2025-04-05 17:22:52.971',	NULL,	0,	1500,	0,	'0195f8c4f9ce7176bad146bd21ff5674',	NULL),
('0196068df7437101a9aece20d0003100',	'2025-04-05 17:24:49.347',	'2025-04-05 17:24:49.347',	NULL,	0,	530,	0,	'0195fd5dcef47edfb673a8d55548bb8d',	NULL),
('0196068f053a702990fa90acb8bf45b9',	'2025-04-05 17:25:58.458',	'2025-04-05 17:25:58.458',	NULL,	0,	1350,	0,	'0195f8c4f9ce7176bad146bd21ff5674',	NULL),
('0196068f312172b0a3de511da07ca6cf',	'2025-04-05 17:26:09.697',	'2025-04-05 17:26:09.697',	NULL,	0,	1110,	0,	'0195f8c4f9ce7176bad146bd21ff5674',	NULL),
('0196068f4c917ed5936c697f154f1993',	'2025-04-05 17:26:16.722',	'2025-04-05 17:26:16.722',	NULL,	0,	860,	0,	'0195fd5dcef47edfb673a8d55548bb8d',	NULL),
('0196068f9ce6737687be4acda7751a18',	'2025-04-05 17:26:37.286',	'2025-04-05 17:26:37.286',	NULL,	2,	860,	0,	'0195fd5dcef47edfb673a8d55548bb8d',	NULL),
('0196069058f77cebae22c934cbbf77d6',	'2025-04-05 17:27:25.432',	'2025-04-05 17:27:25.432',	NULL,	2,	430,	0,	'0195f8c4f9ce7176bad146bd21ff5674',	NULL),
('0196069084627d438366e24a3ac3d4f7',	'2025-04-05 17:27:36.547',	'2025-04-05 17:27:36.547',	NULL,	0,	850,	0,	'0195f8c4f9ce7176bad146bd21ff5674',	NULL),
('01960690d3ec74f39413dc9a199d2b93',	'2025-04-05 17:27:56.908',	'2025-04-05 17:27:56.908',	NULL,	2,	780,	0,	'0195fd5dcef47edfb673a8d55548bb8d',	NULL),
('0196069158e375ab9138c9db982370d7',	'2025-04-05 17:28:30.947',	'2025-04-05 17:28:30.947',	NULL,	0,	530,	0,	'0195f8c4f9ce7176bad146bd21ff5674',	NULL),
('0196069217c6769383a20a66e1a09827',	'2025-04-05 17:29:19.815',	'2025-04-05 17:29:19.815',	NULL,	0,	860,	0,	'0195fd5dcef47edfb673a8d55548bb8d',	NULL),
('01960693441e78d2a3b8c74a5c61adda',	'2025-04-05 17:30:36.703',	'2025-04-05 17:30:36.703',	NULL,	0,	430,	0,	'0195f8c4f9ce7176bad146bd21ff5674',	NULL),
('019606934b657371b732dce235a6ee1f',	'2025-04-05 17:30:38.565',	'2025-04-05 17:30:38.565',	NULL,	0,	430,	0,	'0195fd5dcef47edfb673a8d55548bb8d',	NULL),
('0196069368a6770cbc4d190835d07032',	'2025-04-05 17:30:46.055',	'2025-04-05 17:30:46.055',	NULL,	0,	400,	0,	'0195f8c4f9ce7176bad146bd21ff5674',	NULL),
('01960694b9c77e3782a7dbad4d890710',	'2025-04-05 17:32:12.360',	'2025-04-05 17:32:12.360',	NULL,	0,	700,	0,	'0195f8c4f9ce7176bad146bd21ff5674',	NULL),
('019606951d4776e3a41fc318ca8a49da',	'2025-04-05 17:32:37.832',	'2025-04-05 17:32:37.832',	NULL,	3,	730,	0,	'0195f8c4f9ce7176bad146bd21ff5674',	NULL),
('0196069555cb77cf8b537cc38232e1fc',	'2025-04-05 17:32:52.300',	'2025-04-05 17:32:52.300',	NULL,	0,	500,	0,	'0195f8c4f9ce7176bad146bd21ff5674',	NULL),
('019606956f91711db53c63b87b349f4c',	'2025-04-05 17:32:58.897',	'2025-04-05 17:32:58.897',	NULL,	0,	1240,	0,	'0195f8c4f9ce7176bad146bd21ff5674',	NULL),
('01960695a39879c69079259d2789754b',	'2025-04-05 17:33:12.217',	'2025-04-05 17:33:12.217',	NULL,	0,	400,	0,	'0195f8c4f9ce7176bad146bd21ff5674',	NULL),
('019606963f627dbeaf1a0b800d4ae94c',	'2025-04-05 17:33:52.099',	'2025-04-05 17:33:52.099',	NULL,	0,	350,	0,	'0195f8c4f9ce7176bad146bd21ff5674',	NULL),
('01960697a6c372ea8a30601d0b4a0814',	'2025-04-05 17:35:24.099',	'2025-04-05 17:35:24.099',	NULL,	0,	1350,	0,	'0195f8c4f9ce7176bad146bd21ff5674',	NULL),
('019606983aae78068cbae23d031ca979',	'2025-04-05 17:36:01.967',	'2025-04-05 17:36:01.967',	NULL,	0,	430,	0,	'0195fd5dcef47edfb673a8d55548bb8d',	NULL),
('01960698845f746494e8e8cee0028d18',	'2025-04-05 17:36:20.831',	'2025-04-05 17:36:20.831',	NULL,	0,	300,	0,	'0195f8c4f9ce7176bad146bd21ff5674',	NULL),
('01960699338677bc855ada88d13ed1ca',	'2025-04-05 17:37:05.671',	'2025-04-05 17:37:05.671',	NULL,	0,	700,	0,	'0195f8c4f9ce7176bad146bd21ff5674',	NULL),
('01960699f4f37ddcbcf474ff266694c6',	'2025-04-05 17:37:55.188',	'2025-04-05 17:37:55.188',	NULL,	0,	1700,	0,	'0195f8c4f9ce7176bad146bd21ff5674',	NULL),
('01960699f7c9782db4ea925c4a49312d',	'2025-04-05 17:37:55.914',	'2025-04-05 17:37:55.914',	NULL,	0,	300,	0,	'0195f8c4f9ce7176bad146bd21ff5674',	NULL),
('0196069aea90716f81305b48aa1d4b43',	'2025-04-05 17:38:58.064',	'2025-04-05 17:38:58.064',	NULL,	0,	300,	0,	'0195f8c4f9ce7176bad146bd21ff5674',	NULL),
('0196069b902a763da703262b555abb85',	'2025-04-05 17:39:40.458',	'2025-04-05 17:39:40.458',	NULL,	3,	300,	0,	'0195f8c4f9ce7176bad146bd21ff5674',	NULL),
('0196069c0df575cd9e73ace49e6678de',	'2025-04-05 17:40:12.661',	'2025-04-05 17:40:12.661',	NULL,	0,	500,	0,	'0195f8c4f9ce7176bad146bd21ff5674',	NULL),
('0196069c81b97b4e8339d4fe94791f4d',	'2025-04-05 17:40:42.298',	'2025-04-05 17:40:42.298',	NULL,	0,	500,	0,	'0195f8c4f9ce7176bad146bd21ff5674',	NULL),
('0196069cebaa7455be8b422fafd400c3',	'2025-04-05 17:41:09.418',	'2025-04-05 17:41:09.418',	NULL,	0,	400,	0,	'0195f8c4f9ce7176bad146bd21ff5674',	NULL),
('0196069d09337bb08674fc4080c60e89',	'2025-04-05 17:41:16.980',	'2025-04-05 17:41:16.980',	NULL,	0,	1000,	0,	'0195f8c4f9ce7176bad146bd21ff5674',	NULL),
('0196069d57c97c6da2d250d9c139ec98',	'2025-04-05 17:41:37.098',	'2025-04-05 17:41:37.098',	NULL,	0,	1290,	0,	'0195f8c4f9ce7176bad146bd21ff5674',	NULL),
('0196069e756973c798bc04429f9915be',	'2025-04-05 17:42:50.217',	'2025-04-05 17:42:50.217',	NULL,	0,	850,	0,	'0195f8c4f9ce7176bad146bd21ff5674',	NULL),
('0196069f16547cd59ae8897aa3c21dea',	'2025-04-05 17:43:31.413',	'2025-04-05 17:43:31.413',	NULL,	0,	900,	0,	'0195f8c4f9ce7176bad146bd21ff5674',	NULL),
('0196069fd752708fac3a13fff974da1c',	'2025-04-05 17:44:20.818',	'2025-04-05 17:44:20.818',	NULL,	0,	700,	0,	'0195f8c4f9ce7176bad146bd21ff5674',	NULL),
('019606a010a37427b9c364f706e20bf3',	'2025-04-05 17:44:35.491',	'2025-04-05 17:44:35.491',	NULL,	0,	1330,	0,	'0195f8c4f9ce7176bad146bd21ff5674',	NULL),
('019606a0eaf675aebf9f1fdc8e15b125',	'2025-04-05 17:45:31.382',	'2025-04-05 17:45:31.382',	NULL,	0,	450,	0,	'0195f8c4f9ce7176bad146bd21ff5674',	NULL),
('019606a204fd7affaf399d891e856aad',	'2025-04-05 17:46:43.582',	'2025-04-05 17:46:43.582',	NULL,	2,	430,	0,	'0195f8c4f9ce7176bad146bd21ff5674',	NULL),
('019606a2205a76f2bbb3cd49e7f0c521',	'2025-04-05 17:46:50.587',	'2025-04-05 17:46:50.587',	NULL,	0,	300,	0,	'0195f8c4f9ce7176bad146bd21ff5674',	NULL),
('019606a255c37191a4c7b784e262f5e7',	'2025-04-05 17:47:04.259',	'2025-04-05 17:47:04.259',	NULL,	0,	1350,	0,	'0195f8c4f9ce7176bad146bd21ff5674',	NULL),
('019606a27af4740c9d4466db5ff705ea',	'2025-04-05 17:47:13.780',	'2025-04-05 17:47:13.780',	NULL,	2,	1290,	0,	'0195fd5dcef47edfb673a8d55548bb8d',	NULL),
('019606a3261275d38e75670e17089f4b',	'2025-04-05 17:47:57.586',	'2025-04-05 17:47:57.586',	NULL,	0,	600,	0,	'0195f8c4f9ce7176bad146bd21ff5674',	NULL),
('019606a354847cebaa2be5989b3d90a3',	'2025-04-05 17:48:09.477',	'2025-04-05 17:48:09.477',	NULL,	2,	300,	0,	'0195f8c4f9ce7176bad146bd21ff5674',	NULL),
('019606a3940971df9a9d2f2181e1bb09',	'2025-04-05 17:48:25.737',	'2025-04-05 17:48:25.737',	NULL,	0,	350,	0,	'0195f8c4f9ce7176bad146bd21ff5674',	NULL),
('019606a3da7678c386697fe28c2f3d77',	'2025-04-05 17:48:43.767',	'2025-04-05 17:48:43.767',	NULL,	0,	430,	0,	'0195fd5dcef47edfb673a8d55548bb8d',	NULL),
('019606a60cb07acfb48bfc63226b4f5e',	'2025-04-05 17:51:07.697',	'2025-04-05 17:51:07.697',	NULL,	3,	430,	0,	'0195f8c4f9ce7176bad146bd21ff5674',	NULL),
('019606a614a579a0b9be05a22758ee11',	'2025-04-05 17:51:09.734',	'2025-04-05 17:51:09.734',	NULL,	0,	430,	0,	'0195fd5dcef47edfb673a8d55548bb8d',	NULL),
('019606a7219f7a45abe66b76ddb14377',	'2025-04-05 17:52:18.592',	'2025-04-05 17:52:18.592',	NULL,	0,	-200,	0,	'0195f8c4f9ce7176bad146bd21ff5674',	NULL),
('019606a7888a7bf2800c9da5fb495ee0',	'2025-04-05 17:52:44.939',	'2025-04-05 17:52:44.939',	NULL,	0,	1200,	0,	'0195f8c4f9ce7176bad146bd21ff5674',	NULL),
('019606a79b3177db87c072fbd4771a65',	'2025-04-05 17:52:49.714',	'2025-04-05 17:52:49.714',	NULL,	0,	100,	0,	'0195f8c4f9ce7176bad146bd21ff5674',	NULL),
('019606a7f6b1784f89cf886448f0bfe3',	'2025-04-05 17:53:13.138',	'2025-04-05 17:53:13.138',	NULL,	0,	2580,	0,	'0195f8c4f9ce7176bad146bd21ff5674',	NULL),
('019606a98e9676e596ab23b59f1b0d8d',	'2025-04-05 17:54:57.559',	'2025-04-05 17:54:57.559',	NULL,	0,	1350,	0,	'0195f8c4f9ce7176bad146bd21ff5674',	NULL),
('019606aa3f95725aa6863ba05668c46b',	'2025-04-05 17:55:42.869',	'2025-04-05 17:55:42.869',	NULL,	0,	350,	0,	'0195f8c4f9ce7176bad146bd21ff5674',	NULL),
('019606aa9b1b7df2a66e5edb8c32f095',	'2025-04-05 17:56:06.300',	'2025-04-05 17:56:06.300',	NULL,	0,	500,	0,	'0195f8c4f9ce7176bad146bd21ff5674',	NULL),
('019606ac03b87dc299577d6be2d678a7',	'2025-04-05 17:57:38.617',	'2025-04-05 17:57:38.617',	NULL,	0,	400,	0,	'0195f8c4f9ce7176bad146bd21ff5674',	NULL),
('019606ad3d107ed1bf8d7c813b347c97',	'2025-04-05 17:58:58.833',	'2025-04-05 17:58:58.833',	NULL,	0,	430,	0,	'0195fd5dcef47edfb673a8d55548bb8d',	NULL),
('019606ad6ae076108f2eed40aacd3bc7',	'2025-04-05 17:59:10.560',	'2025-04-05 17:59:10.560',	NULL,	0,	-330,	0,	'0195fd5dcef47edfb673a8d55548bb8d',	NULL),
('019606ad729f7e0a9925e5d678a8082f',	'2025-04-05 17:59:12.544',	'2025-04-05 17:59:12.544',	NULL,	0,	1210,	0,	'0195f8c4f9ce7176bad146bd21ff5674',	NULL),
('019606addcf57f2fa9f9a601d269c23a',	'2025-04-05 17:59:39.766',	'2025-04-05 17:59:39.766',	NULL,	0,	700,	0,	'0195f8c4f9ce7176bad146bd21ff5674',	NULL),
('019606ae8288726097c90a14d104552a',	'2025-04-05 18:00:22.152',	'2025-04-05 18:00:22.152',	NULL,	0,	1790,	0,	'0195f8c4f9ce7176bad146bd21ff5674',	NULL),
('019606aee1c97a4a91c22f15e171d25c',	'2025-04-05 18:00:46.538',	'2025-04-05 18:00:46.538',	NULL,	0,	-100,	0,	'0195f8c4f9ce7176bad146bd21ff5674',	NULL),
('019606af60fa7efda5fa4165456a5097',	'2025-04-05 18:01:19.099',	'2025-04-05 18:01:19.099',	NULL,	0,	-400,	0,	'0195f8c4f9ce7176bad146bd21ff5674',	NULL),
('019606afb7d77b33a29055e114c58f31',	'2025-04-05 18:01:41.336',	'2025-04-05 18:01:41.336',	NULL,	3,	1000,	0,	'0195f8c4f9ce7176bad146bd21ff5674',	NULL),
('019606afd7c37317aa694673a5f93b6b',	'2025-04-05 18:01:49.507',	'2025-04-05 18:01:49.507',	NULL,	3,	380,	0,	'0195f8c4f9ce7176bad146bd21ff5674',	NULL),
('019606b07e07753499cc4ea46695dd34',	'2025-04-05 18:02:32.071',	'2025-04-05 18:02:32.071',	NULL,	0,	300,	0,	'0195f8c4f9ce7176bad146bd21ff5674',	NULL),
('019606b12ce7786e9a85156cf2f68fb2',	'2025-04-05 18:03:16.840',	'2025-04-05 18:03:16.840',	NULL,	0,	200,	0,	'0195fd5dcef47edfb673a8d55548bb8d',	NULL),
('019606b192c479d1a0e46e758c2a99db',	'2025-04-05 18:03:42.917',	'2025-04-05 18:03:42.917',	NULL,	0,	430,	0,	'0195fd5dcef47edfb673a8d55548bb8d',	NULL),
('019606b1fd69797b9ad242a9b60341b0',	'2025-04-05 18:04:10.218',	'2025-04-05 18:04:10.218',	NULL,	0,	500,	0,	'0195f8c4f9ce7176bad146bd21ff5674',	NULL),
('019606b303b57749bb436fe01e7cf0bc',	'2025-04-05 18:05:17.366',	'2025-04-05 18:05:17.366',	NULL,	2,	1290,	0,	'0195fd5dcef47edfb673a8d55548bb8d',	NULL),
('019606b39ec67df8a0a6507b45685665',	'2025-04-05 18:05:57.063',	'2025-04-05 18:05:57.063',	NULL,	2,	300,	0,	'0195f8c4f9ce7176bad146bd21ff5674',	NULL),
('019606b600f070c9b0aea5486cdaed45',	'2025-04-05 18:08:33.264',	'2025-04-05 18:08:33.264',	NULL,	0,	860,	0,	'0195f8c4f9ce7176bad146bd21ff5674',	NULL),
('019606b7020b79b08a071632f8e9380c',	'2025-04-05 18:09:39.084',	'2025-04-05 18:09:39.084',	NULL,	0,	-100,	0,	'0195fd5dcef47edfb673a8d55548bb8d',	NULL),
('019606b9c13b7c4cb7c233f8bd2635e0',	'2025-04-05 18:12:39.100',	'2025-04-05 18:12:39.100',	NULL,	3,	300,	0,	'0195f8c4f9ce7176bad146bd21ff5674',	NULL),
('019606bafb5b76c3aa6d88c8062fade8',	'2025-04-05 18:13:59.516',	'2025-04-05 18:13:59.516',	NULL,	0,	860,	0,	'0195f8c4f9ce7176bad146bd21ff5674',	NULL),
('019606bb5048722fbd9587895dc861a6',	'2025-04-05 18:14:21.256',	'2025-04-05 18:14:21.256',	NULL,	0,	-100,	0,	'0195fd5dcef47edfb673a8d55548bb8d',	NULL),
('019606bdc0537c11a6f72316aabdb0e0',	'2025-04-05 18:17:01.012',	'2025-04-05 18:17:01.012',	NULL,	0,	400,	0,	'0195f8c4f9ce7176bad146bd21ff5674',	NULL),
('019606be4cbb7d45a153bf4915e47fb5',	'2025-04-05 18:17:36.956',	'2025-04-05 18:17:36.956',	NULL,	0,	860,	0,	'0195fd5dcef47edfb673a8d55548bb8d',	NULL),
('019606be84247966901e6f2ea2111fe8',	'2025-04-05 18:17:51.141',	'2025-04-05 18:17:51.141',	NULL,	0,	780,	0,	'0195f8c4f9ce7176bad146bd21ff5674',	NULL),
('019606c04bcc71a6b1f44a58fb8476f9',	'2025-04-05 18:19:47.788',	'2025-04-05 18:19:47.788',	NULL,	0,	-100,	0,	'0195f8c4f9ce7176bad146bd21ff5674',	NULL),
('019606c082a87c0eab37e8cf0838d3b5',	'2025-04-05 18:20:01.833',	'2025-04-05 18:20:01.833',	NULL,	3,	1720,	0,	'0195f8c4f9ce7176bad146bd21ff5674',	NULL),
('019606c4145a7b878a9d8fb63c44aedd',	'2025-04-05 18:23:55.739',	'2025-04-05 18:23:55.739',	NULL,	3,	1720,	0,	'0195f8c4f9ce7176bad146bd21ff5674',	NULL),
('019606c426e17b9fb769104ce25115ed',	'2025-04-05 18:24:00.482',	'2025-04-05 18:24:00.482',	NULL,	0,	-200,	0,	'0195f8c4f9ce7176bad146bd21ff5674',	NULL),
('019606c4523a7aec949590658f854568',	'2025-04-05 18:24:11.579',	'2025-04-05 18:24:11.579',	NULL,	0,	-100,	0,	'0195f8c4f9ce7176bad146bd21ff5674',	NULL),
('019606c520ac71bc900a7d33e2c8f5c6',	'2025-04-05 18:25:04.428',	'2025-04-05 18:25:04.428',	NULL,	0,	-200,	0,	'0195f8c4f9ce7176bad146bd21ff5674',	NULL),
('019606c555e97ae28c27b4a014ef628b',	'2025-04-05 18:25:18.058',	'2025-04-05 18:25:18.058',	NULL,	0,	-200,	0,	'0195f8c4f9ce7176bad146bd21ff5674',	NULL),
('019606c5aa2073a788140c99b6359102',	'2025-04-05 18:25:39.616',	'2025-04-05 18:25:39.616',	NULL,	0,	350,	0,	'0195f8c4f9ce7176bad146bd21ff5674',	NULL),
('019606c5d9c97ab6afaddaca96c2bc59',	'2025-04-05 18:25:51.818',	'2025-04-05 18:25:51.818',	NULL,	0,	-700,	0,	'0195f8c4f9ce7176bad146bd21ff5674',	NULL),
('019606c7ce20752ea28cca914ee5689f',	'2025-04-05 18:27:59.904',	'2025-04-05 18:27:59.904',	NULL,	0,	100,	0,	'0195f8c4f9ce7176bad146bd21ff5674',	NULL),
('019606c818437e0c91b40a363db61b63',	'2025-04-05 18:28:18.884',	'2025-04-05 18:28:18.884',	NULL,	2,	1290,	0,	'0195fd5dcef47edfb673a8d55548bb8d',	NULL),
('019606c8da8676be9262529474b16626',	'2025-04-05 18:29:08.615',	'2025-04-05 18:29:08.615',	NULL,	0,	-400,	0,	'0195f8c4f9ce7176bad146bd21ff5674',	NULL),
('019606c8e66c712cb1ee3a6716be9ba1',	'2025-04-05 18:29:11.660',	'2025-04-05 18:29:11.660',	NULL,	0,	-200,	0,	'0195f8c4f9ce7176bad146bd21ff5674',	NULL),
('019606c8e86f7763bfd1e9d2ef3827e9',	'2025-04-05 18:29:12.176',	'2025-04-05 18:29:12.176',	NULL,	0,	550,	0,	'0195fd5dcef47edfb673a8d55548bb8d',	NULL),
('019606c97a4e72899a31731d96014d9c',	'2025-04-05 18:29:49.518',	'2025-04-05 18:29:49.518',	NULL,	0,	350,	0,	'0195fd5dcef47edfb673a8d55548bb8d',	NULL),
('019606c98766718a81351559c1223995',	'2025-04-05 18:29:52.870',	'2025-04-05 18:29:52.870',	NULL,	0,	1640,	0,	'0195f8c4f9ce7176bad146bd21ff5674',	NULL),
('019606ca27ea76ac860b216d0188a14e',	'2025-04-05 18:30:33.963',	'2025-04-05 18:30:33.963',	NULL,	0,	700,	0,	'0195f8c4f9ce7176bad146bd21ff5674',	NULL),
('019606ca338675e3b7bd2799e206c9f4',	'2025-04-05 18:30:36.934',	'2025-04-05 18:30:36.934',	NULL,	0,	500,	0,	'0195f8c4f9ce7176bad146bd21ff5674',	NULL),
('019606cac1937e42ac556285c4a56548',	'2025-04-05 18:31:13.300',	'2025-04-05 18:31:13.300',	NULL,	0,	1620,	0,	'0195f8c4f9ce7176bad146bd21ff5674',	NULL),
('019606cb16427dde9fd71c6de53b1955',	'2025-04-05 18:31:34.979',	'2025-04-05 18:31:34.979',	NULL,	0,	-600,	0,	'0195fd5dcef47edfb673a8d55548bb8d',	NULL),
('019606cb35dd770196718b577d04e6a2',	'2025-04-05 18:31:43.070',	'2025-04-05 18:31:43.070',	NULL,	0,	-100,	0,	'0195f8c4f9ce7176bad146bd21ff5674',	NULL),
('019606cb675978ca8c3ee07e5dc823ed',	'2025-04-05 18:31:55.738',	'2025-04-05 18:31:55.738',	NULL,	0,	380,	0,	'0195f8c4f9ce7176bad146bd21ff5674',	NULL),
('019606cbcf947aff892f48d7fd901a5d',	'2025-04-05 18:32:22.421',	'2025-04-05 18:32:22.421',	NULL,	0,	430,	0,	'0195fd5dcef47edfb673a8d55548bb8d',	NULL),
('019606cbdfb77967940bea44aa5e8626',	'2025-04-05 18:32:26.552',	'2025-04-05 18:32:26.552',	NULL,	0,	350,	0,	'0195f8c4f9ce7176bad146bd21ff5674',	NULL),
('019606cbe72f7db9a5ac328143fdac95',	'2025-04-05 18:32:28.464',	'2025-04-05 18:32:28.464',	NULL,	0,	-200,	0,	'0195f8c4f9ce7176bad146bd21ff5674',	NULL),
('019606cc9fe576c89a428b05e94a3f78',	'2025-04-05 18:33:15.750',	'2025-04-05 18:33:15.750',	NULL,	0,	960,	0,	'0195f8c4f9ce7176bad146bd21ff5674',	NULL),
('019606ce34b27476898dec956f674772',	'2025-04-05 18:34:59.378',	'2025-04-05 18:34:59.378',	NULL,	0,	1200,	0,	'0195f8c4f9ce7176bad146bd21ff5674',	NULL),
('019606cf1f6571dfb747a2fda7c60ae8',	'2025-04-05 18:35:59.461',	'2025-04-05 18:35:59.461',	NULL,	0,	700,	0,	'0195f8c4f9ce7176bad146bd21ff5674',	NULL),
('019606cf29447a63b709d474fbce42ca',	'2025-04-05 18:36:01.989',	'2025-04-05 18:36:01.989',	NULL,	0,	1060,	0,	'0195f8c4f9ce7176bad146bd21ff5674',	NULL),
('019606cf34b5756eb6bed97be36ec11e',	'2025-04-05 18:36:04.917',	'2025-04-05 18:36:04.917',	NULL,	0,	-330,	0,	'0195f8c4f9ce7176bad146bd21ff5674',	NULL),
('019606cfaf9a7c7dbb55b03021b108a5',	'2025-04-05 18:36:36.379',	'2025-04-05 18:36:36.379',	NULL,	0,	-100,	0,	'0195f8c4f9ce7176bad146bd21ff5674',	NULL),
('019606d0196372379d45baf265c0057e',	'2025-04-05 18:37:03.459',	'2025-04-05 18:37:03.459',	NULL,	0,	-200,	0,	'0195f8c4f9ce7176bad146bd21ff5674',	NULL),
('019606d14ef77341adf944866deced1b',	'2025-04-05 18:38:22.711',	'2025-04-05 18:38:22.711',	NULL,	0,	530,	0,	'0195f8c4f9ce7176bad146bd21ff5674',	NULL),
('019606d157b273ec885fb8bfc4b88dec',	'2025-04-05 18:38:24.946',	'2025-04-05 18:38:24.946',	NULL,	2,	450,	0,	'0195fd5dcef47edfb673a8d55548bb8d',	NULL),
('019606d1a07a73138a1cf19899de65da',	'2025-04-05 18:38:43.578',	'2025-04-05 18:38:43.578',	NULL,	0,	-400,	0,	'0195f8c4f9ce7176bad146bd21ff5674',	NULL),
('019606d212f272e494c0bcda34e20199',	'2025-04-05 18:39:12.882',	'2025-04-05 18:39:12.882',	NULL,	0,	-200,	0,	'0195f8c4f9ce7176bad146bd21ff5674',	NULL),
('019606d2333e7a3aa6430928ec45feba',	'2025-04-05 18:39:21.151',	'2025-04-05 18:39:21.151',	NULL,	2,	600,	0,	'0195f8c4f9ce7176bad146bd21ff5674',	NULL),
('019606d3420f78b693c402285c6ecbae',	'2025-04-05 18:40:30.480',	'2025-04-05 18:40:30.480',	NULL,	0,	1700,	0,	'0195f8c4f9ce7176bad146bd21ff5674',	NULL),
('019606d510a97d22a032763147edbd9a',	'2025-04-05 18:42:28.906',	'2025-04-05 18:42:28.906',	NULL,	2,	380,	0,	'0195f8c4f9ce7176bad146bd21ff5674',	NULL),
('019606d5dee2751e9c13f2b86612c579',	'2025-04-05 18:43:21.698',	'2025-04-05 18:43:21.698',	NULL,	0,	250,	0,	'0195f8c4f9ce7176bad146bd21ff5674',	NULL),
('019606d6957776b79600e07e22274970',	'2025-04-05 18:44:08.440',	'2025-04-05 18:44:08.440',	NULL,	0,	2040,	0,	'0195f8c4f9ce7176bad146bd21ff5674',	NULL),
('019606d6ead777b7a548600a8a3ff954',	'2025-04-05 18:44:30.296',	'2025-04-05 18:44:30.296',	NULL,	0,	1060,	0,	'0195f8c4f9ce7176bad146bd21ff5674',	NULL),
('019606d82f6e75dc84b36beac7c15818',	'2025-04-05 18:45:53.390',	'2025-04-05 18:45:53.390',	NULL,	0,	910,	0,	'0195f8c4f9ce7176bad146bd21ff5674',	NULL),
('019606d8562a7b83b277696115aeec78',	'2025-04-05 18:46:03.307',	'2025-04-05 18:46:03.307',	NULL,	0,	250,	0,	'0195f8c4f9ce7176bad146bd21ff5674',	NULL),
('019606d8fc407218b7fee1006d3e4920',	'2025-04-05 18:46:45.824',	'2025-04-05 18:46:45.824',	NULL,	0,	800,	0,	'0195f8c4f9ce7176bad146bd21ff5674',	NULL),
('019606d901db7e839d8581b169822962',	'2025-04-05 18:46:47.260',	'2025-04-05 18:46:47.260',	NULL,	0,	530,	0,	'0195f8c4f9ce7176bad146bd21ff5674',	NULL),
('019606da0f157c2b8e17e340e83685ac',	'2025-04-05 18:47:56.182',	'2025-04-05 18:47:56.182',	NULL,	0,	530,	0,	'0195f8c4f9ce7176bad146bd21ff5674',	NULL),
('019606db1d5b7f16bed3016cfedfb49f',	'2025-04-05 18:49:05.372',	'2025-04-05 18:49:05.372',	NULL,	0,	530,	0,	'0195f8c4f9ce7176bad146bd21ff5674',	NULL),
('019606db337071968fef7a8a26e4960b',	'2025-04-05 18:49:11.024',	'2025-04-05 18:49:11.024',	NULL,	0,	530,	0,	'0195f8c4f9ce7176bad146bd21ff5674',	NULL),
('019606dcbf887492966faba684024537',	'2025-04-05 18:50:52.424',	'2025-04-05 18:50:52.424',	NULL,	0,	480,	0,	'0195f8c4f9ce7176bad146bd21ff5674',	NULL),
('019606ddb7b07ba5a6895f962e938dfd',	'2025-04-05 18:51:55.953',	'2025-04-05 18:51:55.953',	NULL,	2,	530,	0,	'0195f8c4f9ce7176bad146bd21ff5674',	NULL),
('019606ddcb8d755ba3a83222352a6e1e',	'2025-04-05 18:52:01.037',	'2025-04-05 18:52:01.037',	NULL,	0,	400,	0,	'0195f8c4f9ce7176bad146bd21ff5674',	NULL),
('019606ddd97877c69fe5d610c0c762b5',	'2025-04-05 18:52:04.601',	'2025-04-05 18:52:04.601',	NULL,	0,	-100,	0,	'0195f8c4f9ce7176bad146bd21ff5674',	NULL),
('019606de590874b8968779b19a225274',	'2025-04-05 18:52:37.256',	'2025-04-05 18:52:37.256',	NULL,	0,	300,	0,	'0195f8c4f9ce7176bad146bd21ff5674',	NULL),
('019606de7dc2751dab408333cfc28a3e',	'2025-04-05 18:52:46.658',	'2025-04-05 18:52:46.658',	NULL,	2,	200,	0,	'0195f8c4f9ce7176bad146bd21ff5674',	NULL),
('019606e00b4a76d4a105eca38fde0039',	'2025-04-05 18:54:28.427',	'2025-04-05 18:54:28.427',	NULL,	2,	430,	0,	'0195f8c4f9ce7176bad146bd21ff5674',	NULL),
('019606e0e5347565a11592394c58823f',	'2025-04-05 18:55:24.212',	'2025-04-05 18:55:24.212',	NULL,	0,	380,	0,	'0195f8c4f9ce7176bad146bd21ff5674',	NULL),
('019606e19c0d735191225a4427979abc',	'2025-04-05 18:56:11.021',	'2025-04-05 18:56:11.021',	NULL,	0,	1400,	0,	'0195f8c4f9ce7176bad146bd21ff5674',	NULL),
('019606e1bb577ce1ae1a2dbb0a92cd14',	'2025-04-05 18:56:19.032',	'2025-04-05 18:56:19.032',	NULL,	0,	400,	0,	'0195f8c4f9ce7176bad146bd21ff5674',	NULL),
('019606e251bb77d59868bfc4a7f57286',	'2025-04-05 18:56:57.532',	'2025-04-05 18:56:57.532',	NULL,	2,	430,	0,	'0195f8c4f9ce7176bad146bd21ff5674',	NULL),
('019606e34ae07d31ae6bae0f915cfdc9',	'2025-04-05 18:58:01.313',	'2025-04-05 18:58:01.313',	NULL,	0,	300,	0,	'0195f8c4f9ce7176bad146bd21ff5674',	NULL),
('019606e4d3387b7dac8bb71b2d694754',	'2025-04-05 18:59:41.753',	'2025-04-05 18:59:41.753',	NULL,	0,	350,	0,	'0195f8c4f9ce7176bad146bd21ff5674',	NULL),
('019606e587cb7589a9c91ead539b57a7',	'2025-04-05 19:00:27.979',	'2025-04-05 19:00:27.979',	NULL,	0,	1050,	0,	'0195f8c4f9ce7176bad146bd21ff5674',	NULL),
('019606e6ac9e709db6ecd4cd8a6371ad',	'2025-04-05 19:01:42.942',	'2025-04-05 19:01:42.942',	NULL,	0,	480,	0,	'0195f8c4f9ce7176bad146bd21ff5674',	NULL),
('019606e6d52477fdb72d854438d52a5e',	'2025-04-05 19:01:53.317',	'2025-04-05 19:01:53.317',	NULL,	0,	500,	0,	'0195f8c4f9ce7176bad146bd21ff5674',	NULL),
('019606e7c8bd75059300d93c997339ca',	'2025-04-05 19:02:55.677',	'2025-04-05 19:02:55.677',	NULL,	0,	1390,	0,	'0195f8c4f9ce7176bad146bd21ff5674',	NULL),
('019606e7eeac7d80a348e2bdee18a66b',	'2025-04-05 19:03:05.389',	'2025-04-05 19:03:05.389',	NULL,	2,	430,	0,	'0195f8c4f9ce7176bad146bd21ff5674',	NULL),
('019606e91b4e78099a13dfa091304cb9',	'2025-04-05 19:04:22.351',	'2025-04-05 19:04:22.351',	NULL,	0,	1000,	0,	'0195f8c4f9ce7176bad146bd21ff5674',	NULL),
('019606e962d179c4a745a82285a76e43',	'2025-04-05 19:04:40.658',	'2025-04-05 19:04:40.658',	NULL,	0,	380,	0,	'0195f8c4f9ce7176bad146bd21ff5674',	NULL),
('019606e980067b51973a24b8ac22a150',	'2025-04-05 19:04:48.135',	'2025-04-05 19:04:48.135',	NULL,	0,	-100,	0,	'0195fd5dcef47edfb673a8d55548bb8d',	NULL),
('019606eade45740a9c5947d20e19c731',	'2025-04-05 19:06:17.797',	'2025-04-05 19:06:17.797',	NULL,	0,	500,	0,	'0195f8c4f9ce7176bad146bd21ff5674',	NULL),
('019606eae2937a2cbda24bb3ee848131',	'2025-04-05 19:06:18.900',	'2025-04-05 19:06:18.900',	NULL,	0,	860,	0,	'0195f8c4f9ce7176bad146bd21ff5674',	NULL),
('019606eb3ab976ecaa7b939c9f1ff662',	'2025-04-05 19:06:41.466',	'2025-04-05 19:06:41.466',	NULL,	0,	500,	0,	'0195f8c4f9ce7176bad146bd21ff5674',	NULL),
('019606eba17b79b89c18822612fd150a',	'2025-04-05 19:07:07.772',	'2025-04-05 19:07:07.772',	NULL,	0,	430,	0,	'0195f8c4f9ce7176bad146bd21ff5674',	NULL),
('019606ed1abb77bea9d14b5aa0c633db',	'2025-04-05 19:08:44.348',	'2025-04-05 19:08:44.348',	NULL,	0,	430,	0,	'0195f8c4f9ce7176bad146bd21ff5674',	NULL),
('019606ed342e729ab3ec6dc5b37ddb5b',	'2025-04-05 19:08:50.862',	'2025-04-05 19:08:50.879',	NULL,	1,	430,	430,	'0195f8c4f9ce7176bad146bd21ff5674',	'0196045bc3e672eeb38280e33cf3f455'),
('019606ed7a48778e9525857945673e1f',	'2025-04-05 19:09:08.809',	'2025-04-05 19:09:08.809',	NULL,	0,	1720,	0,	'0195fd5dcef47edfb673a8d55548bb8d',	NULL),
('019606edb219764c9298bd90dde19a64',	'2025-04-05 19:09:23.098',	'2025-04-05 19:09:23.098',	NULL,	0,	300,	0,	'0195f8c4f9ce7176bad146bd21ff5674',	NULL),
('019606ee119c7ce58e55e7f5b3b9acc0',	'2025-04-05 19:09:47.549',	'2025-04-05 19:09:47.549',	NULL,	0,	680,	0,	'0195f8c4f9ce7176bad146bd21ff5674',	NULL),
('019606ee2b83733493bfa0fe89810639',	'2025-04-05 19:09:54.179',	'2025-04-05 19:09:54.179',	NULL,	0,	630,	0,	'0195f8c4f9ce7176bad146bd21ff5674',	NULL),
('019606efc28875d69dfbcdd1bd2094c7',	'2025-04-05 19:11:38.376',	'2025-04-05 19:11:38.376',	NULL,	0,	400,	0,	'0195f8c4f9ce7176bad146bd21ff5674',	NULL),
('019606f137df782587f98c243d4c7012',	'2025-04-05 19:13:13.952',	'2025-04-05 19:13:13.952',	NULL,	0,	530,	0,	'0195f8c4f9ce7176bad146bd21ff5674',	NULL),
('019606f19cb974a79f68058efba03fbd',	'2025-04-05 19:13:39.769',	'2025-04-05 19:13:39.769',	NULL,	0,	1290,	0,	'0195f8c4f9ce7176bad146bd21ff5674',	NULL),
('019606f2a20b7c6fadefecc10acb4076',	'2025-04-05 19:14:46.668',	'2025-04-05 19:14:46.668',	NULL,	0,	500,	0,	'0195f8c4f9ce7176bad146bd21ff5674',	NULL),
('019606f3e5007bb0b4b3f765279b3f7b',	'2025-04-05 19:16:09.345',	'2025-04-05 19:16:09.345',	NULL,	0,	760,	0,	'0195f8c4f9ce7176bad146bd21ff5674',	NULL),
('019606f4e5d87207b3737b4ec6be8e46',	'2025-04-05 19:17:15.096',	'2025-04-05 19:17:15.096',	NULL,	0,	1240,	0,	'0195f8c4f9ce7176bad146bd21ff5674',	NULL),
('019606f619e177d1b990e8de0394395e',	'2025-04-05 19:18:33.954',	'2025-04-05 19:18:33.954',	NULL,	0,	430,	0,	'0195f8c4f9ce7176bad146bd21ff5674',	NULL),
('019606f71b607258b704442347ae411b',	'2025-04-05 19:19:39.872',	'2025-04-05 19:19:39.872',	NULL,	0,	430,	0,	'0195f8c4f9ce7176bad146bd21ff5674',	NULL),
('019606f754b67bcc99d2557d550d6404',	'2025-04-05 19:19:54.551',	'2025-04-05 19:19:54.551',	NULL,	0,	1290,	0,	'0195f8c4f9ce7176bad146bd21ff5674',	NULL),
('019606f7d9f876f2bac3a4cb638c248b',	'2025-04-05 19:20:28.665',	'2025-04-05 19:20:28.672',	NULL,	1,	860,	860,	'0195f8c4f9ce7176bad146bd21ff5674',	'0196045bc3e672eeb38280e33cf3f455'),
('019606f8193c755bb928e85b6fe2185e',	'2025-04-05 19:20:44.860',	'2025-04-05 19:20:44.860',	NULL,	0,	-100,	0,	'0195f8c4f9ce7176bad146bd21ff5674',	NULL),
('019606f825f1780880af7e10712d78ce',	'2025-04-05 19:20:48.114',	'2025-04-05 19:20:48.114',	NULL,	0,	-100,	0,	'0195f8c4f9ce7176bad146bd21ff5674',	NULL),
('019606f9fb1a70308bf347c00d4a39f4',	'2025-04-05 19:22:48.218',	'2025-04-05 19:22:48.218',	NULL,	0,	400,	0,	'0195f8c4f9ce7176bad146bd21ff5674',	NULL),
('019606fa20c576679e94317012df757c',	'2025-04-05 19:22:57.862',	'2025-04-05 19:22:57.862',	NULL,	2,	430,	0,	'0195f8c4f9ce7176bad146bd21ff5674',	NULL),
('019606faf9397d7fb2a8769a89f5532c',	'2025-04-05 19:23:53.274',	'2025-04-05 19:23:53.274',	NULL,	0,	600,	0,	'0195f8c4f9ce7176bad146bd21ff5674',	NULL),
('019606fc911b7f22a1d09802f55dc5a9',	'2025-04-05 19:25:37.692',	'2025-04-05 19:25:37.692',	NULL,	2,	300,	0,	'0195f8c4f9ce7176bad146bd21ff5674',	NULL),
('019606fd6d0a7004b5c14824829fab5f',	'2025-04-05 19:26:33.994',	'2025-04-05 19:26:33.994',	NULL,	2,	430,	0,	'0195f8c4f9ce7176bad146bd21ff5674',	NULL),
('019606fe264872f2b64b610f336b68a6',	'2025-04-05 19:27:21.416',	'2025-04-05 19:27:21.416',	NULL,	0,	1900,	0,	'0195f8c4f9ce7176bad146bd21ff5674',	NULL),
('019606feda28757396be36d1b4fb944b',	'2025-04-05 19:28:07.464',	'2025-04-05 19:28:07.464',	NULL,	0,	430,	0,	'0195f8c4f9ce7176bad146bd21ff5674',	NULL),
('01960700e0927bfcb753d619bc66f6a4',	'2025-04-05 19:30:20.179',	'2025-04-05 19:30:20.179',	NULL,	0,	1260,	0,	'0195f8c4f9ce7176bad146bd21ff5674',	NULL),
('01960705ef1971a7884e480b7052f826',	'2025-04-05 19:35:51.577',	'2025-04-05 19:35:51.577',	NULL,	0,	200,	0,	'0195f8c4f9ce7176bad146bd21ff5674',	NULL),
('01960706153974638791913fbaf9aee2',	'2025-04-05 19:36:01.337',	'2025-04-05 19:36:01.337',	NULL,	2,	430,	0,	'0195f8c4f9ce7176bad146bd21ff5674',	NULL),
('0196070c3f0d77fc9d3b76aa5bf09e37',	'2025-04-05 19:42:45.262',	'2025-04-05 19:42:45.262',	NULL,	0,	890,	0,	'0195f8c4f9ce7176bad146bd21ff5674',	NULL),
('0196070c5fb577359e63e89f2ef30234',	'2025-04-05 19:42:53.622',	'2025-04-05 19:42:53.622',	NULL,	0,	380,	0,	'0195f8c4f9ce7176bad146bd21ff5674',	NULL),
('0196070eaf6a72c1acdcc510188c2e06',	'2025-04-05 19:45:25.098',	'2025-04-05 19:45:25.098',	NULL,	0,	380,	0,	'0195f8c4f9ce7176bad146bd21ff5674',	NULL),
('0196071066577090abed562de4323418',	'2025-04-05 19:47:17.463',	'2025-04-05 19:47:17.463',	NULL,	0,	860,	0,	'0195f8c4f9ce7176bad146bd21ff5674',	NULL),
('0196071140bd7153b963e222d28f4c34',	'2025-04-05 19:48:13.373',	'2025-04-05 19:48:13.373',	NULL,	0,	430,	0,	'0195f8c4f9ce7176bad146bd21ff5674',	NULL),
('0196071ad6157ab9a7fc15053c592e5c',	'2025-04-05 19:58:41.430',	'2025-04-05 19:58:41.430',	NULL,	0,	860,	0,	'0195f8c4f9ce7176bad146bd21ff5674',	NULL),
('0196071af50171798f8ec862d430a220',	'2025-04-05 19:58:49.345',	'2025-04-05 19:58:49.345',	NULL,	0,	200,	0,	'0195f8c4f9ce7176bad146bd21ff5674',	NULL),
('0196071f5c0a78d78a060f59a9f9868e',	'2025-04-05 20:03:37.867',	'2025-04-05 20:03:37.867',	NULL,	0,	800,	0,	'0195f8c4f9ce7176bad146bd21ff5674',	NULL),
('01960720d51677358f476f2bc3f58e87',	'2025-04-05 20:05:14.391',	'2025-04-05 20:05:14.391',	NULL,	0,	430,	0,	'0195f8c4f9ce7176bad146bd21ff5674',	NULL),
('0196072b9efc799d889824ccdce4ec4a',	'2025-04-05 20:17:01.437',	'2025-04-05 20:17:01.446',	NULL,	1,	1240,	1240,	'0195f8c4f9ce7176bad146bd21ff5674',	'0196045bc3e672eeb38280e33cf3f455'),
('019607324aee7ad4a031f102b1df848a',	'2025-04-05 20:24:18.671',	'2025-04-05 20:24:18.671',	NULL,	0,	-100,	0,	'0195f8c4f9ce7176bad146bd21ff5674',	NULL),
('019607365c2272df9d9a1f8b0d631a7e',	'2025-04-05 20:28:45.218',	'2025-04-05 20:28:45.218',	NULL,	0,	2450,	0,	'0195f8c4f9ce7176bad146bd21ff5674',	NULL),
('01960739f8f37e35996dc08292f4a9e6',	'2025-04-05 20:32:41.972',	'2025-04-05 20:32:41.972',	NULL,	0,	860,	0,	'0195f8c4f9ce7176bad146bd21ff5674',	NULL),
('019607411e8d7d969efc6ee5311bf9d0',	'2025-04-05 20:40:30.350',	'2025-04-05 20:40:30.350',	NULL,	0,	2450,	0,	'0195f8c4f9ce7176bad146bd21ff5674',	NULL),
('01960743f8d27da5ac04acc08859b29a',	'2025-04-05 20:43:37.299',	'2025-04-05 20:43:37.299',	NULL,	0,	1400,	0,	'0195f8c4f9ce7176bad146bd21ff5674',	NULL),
('01960744cf6e7b17ba4a5a1af664fe60',	'2025-04-05 20:44:32.239',	'2025-04-05 20:44:32.239',	NULL,	0,	1290,	0,	'0195f8c4f9ce7176bad146bd21ff5674',	NULL),
('0196074a8e087b219d5f9f39fbed65a2',	'2025-04-05 20:50:48.713',	'2025-04-05 20:50:48.713',	NULL,	0,	300,	0,	'0195f8c4f9ce7176bad146bd21ff5674',	NULL),
('0196074deb617ba49b882ff9c9120d29',	'2025-04-05 20:54:29.218',	'2025-04-05 20:54:29.218',	NULL,	0,	2450,	0,	'0195f8c4f9ce7176bad146bd21ff5674',	NULL),
('0196074ed0a97140a8ca492b1409ea0b',	'2025-04-05 20:55:27.913',	'2025-04-05 20:55:27.913',	NULL,	2,	860,	0,	'0195f8c4f9ce7176bad146bd21ff5674',	NULL),
('019607502aeb706a917d82522a7b7d4f',	'2025-04-05 20:56:56.555',	'2025-04-05 20:56:56.561',	NULL,	1,	760,	760,	'0195f8c4f9ce7176bad146bd21ff5674',	'01960459cbc8797daeed6fa1ec0fb685'),
('0196075c484a7914810dfb55b36dc428',	'2025-04-05 21:10:10.507',	'2025-04-05 21:10:10.507',	NULL,	0,	2400,	0,	'0195f8c4f9ce7176bad146bd21ff5674',	NULL),
('0196075cde2778908c3de678ed7bcd65',	'2025-04-05 21:10:48.872',	'2025-04-05 21:10:48.872',	NULL,	2,	860,	0,	'0195f8c4f9ce7176bad146bd21ff5674',	NULL),
('0196075fd8ca769aa398d637675df749',	'2025-04-05 21:14:04.107',	'2025-04-05 21:14:04.107',	NULL,	0,	1500,	0,	'0195f8c4f9ce7176bad146bd21ff5674',	NULL),
('01960768b0077cc1977f1469dda613d1',	'2025-04-05 21:23:43.496',	'2025-04-05 21:23:43.496',	NULL,	0,	2800,	0,	'0195f8c4f9ce7176bad146bd21ff5674',	NULL),
('01960770df3272dca963d27117731cfa',	'2025-04-05 21:32:39.858',	'2025-04-05 21:32:39.858',	NULL,	0,	1290,	0,	'0195f8c4f9ce7176bad146bd21ff5674',	NULL),
('01960772128b7855addd96fac0e6ddc3',	'2025-04-05 21:33:58.540',	'2025-04-05 21:33:58.540',	NULL,	0,	2180,	0,	'0195f8c4f9ce7176bad146bd21ff5674',	NULL),
('01960775f8bb7b328673cb0a99085dad',	'2025-04-05 21:38:14.076',	'2025-04-05 21:38:14.087',	NULL,	1,	2180,	2180,	'0195f8c4f9ce7176bad146bd21ff5674',	'0196045bc3e672eeb38280e33cf3f455'),
('0196077c2ca37138a6b04447ab1212f9',	'2025-04-05 21:45:00.579',	'2025-04-05 21:45:00.586',	NULL,	1,	730,	730,	'0195f8c4f9ce7176bad146bd21ff5674',	'0196045bc3e672eeb38280e33cf3f455'),
('0196077fe3177263aab1c0f04c2c618e',	'2025-04-05 21:49:03.895',	'2025-04-05 21:49:03.895',	NULL,	0,	2400,	0,	'0195f8c4f9ce7176bad146bd21ff5674',	NULL),
('019607846f567d958acc649084bc7f87',	'2025-04-05 21:54:01.943',	'2025-04-05 21:54:01.943',	NULL,	2,	430,	0,	'0195f8c4f9ce7176bad146bd21ff5674',	NULL),
('0196078576dc77dc8d702b449c3cbe33',	'2025-04-05 21:55:09.405',	'2025-04-05 21:55:09.405',	NULL,	2,	230,	0,	'0195f8c4f9ce7176bad146bd21ff5674',	NULL),
('019607862e647addbc406b4998f1d301',	'2025-04-05 21:55:56.389',	'2025-04-05 21:55:56.389',	NULL,	2,	430,	0,	'0195f8c4f9ce7176bad146bd21ff5674',	NULL),
('01960787cdf17bf8bb4c87b6341bbeb4',	'2025-04-05 21:57:42.770',	'2025-04-05 21:57:42.770',	NULL,	0,	2800,	0,	'0195f8c4f9ce7176bad146bd21ff5674',	NULL),
('0196078baf087e349005e81a4879fe1e',	'2025-04-05 22:01:57.001',	'2025-04-05 22:01:57.001',	NULL,	0,	1050,	0,	'0195f8c4f9ce7176bad146bd21ff5674',	NULL),
('0196078d9b9a75deaa995a9cc92647b7',	'2025-04-05 22:04:03.098',	'2025-04-05 22:04:03.098',	NULL,	0,	810,	0,	'0195f8c4f9ce7176bad146bd21ff5674',	NULL),
('0196079463da73c3ae7047b8a9772043',	'2025-04-05 22:11:27.578',	'2025-04-05 22:11:27.578',	NULL,	0,	2100,	0,	'0195f8c4f9ce7176bad146bd21ff5674',	NULL),
('019607a4b9937befa01d57e2b62d1799',	'2025-04-05 22:29:18.100',	'2025-04-05 22:29:18.100',	NULL,	0,	700,	0,	'0195f8c4f9ce7176bad146bd21ff5674',	NULL),
('019607a4ef787b25a675a725f2d37749',	'2025-04-05 22:29:31.897',	'2025-04-05 22:29:31.897',	NULL,	0,	2050,	0,	'0195f8c4f9ce7176bad146bd21ff5674',	NULL),
('019607a51a7373c79cf4a5aadbe93473',	'2025-04-05 22:29:42.899',	'2025-04-05 22:29:42.906',	NULL,	1,	2050,	2050,	'0195f8c4f9ce7176bad146bd21ff5674',	'0196045bc3e672eeb38280e33cf3f455'),
('019607a848fe7945a1f9341a676efc3e',	'2025-04-05 22:33:11.424',	'2025-04-05 22:33:11.449',	NULL,	1,	2000,	2000,	'0195f8c4f9ce7176bad146bd21ff5674',	'01960459cbc8797daeed6fa1ec0fb685'),
('019607a8fdc27cb39de337f7ccc29cd2',	'2025-04-05 22:33:57.699',	'2025-04-05 22:33:57.708',	NULL,	1,	180,	180,	'0195f8c4f9ce7176bad146bd21ff5674',	'01960459cbc8797daeed6fa1ec0fb685'),
('019607bab0887c8b8e4fa743173f4373',	'2025-04-05 22:53:17.577',	'2025-04-05 22:53:17.583',	NULL,	1,	760,	760,	'0195f8c4f9ce7176bad146bd21ff5674',	'0196045bc3e672eeb38280e33cf3f455'),
('019607bce775767b80646ed4bb96c3ec',	'2025-04-05 22:55:42.710',	'2025-04-05 22:55:42.717',	NULL,	1,	810,	810,	'0195f8c4f9ce7176bad146bd21ff5674',	'01960459cbc8797daeed6fa1ec0fb685'),
('019607cef5227ce3867fcc3e85811f22',	'2025-04-05 23:15:25.859',	'2025-04-05 23:15:25.859',	NULL,	2,	900,	0,	'0195f8c4f9ce7176bad146bd21ff5674',	NULL),
('019607cfaf5e715484427b7ccecd4ed9',	'2025-04-05 23:16:13.534',	'2025-04-05 23:16:13.534',	NULL,	0,	1190,	0,	'0195f8c4f9ce7176bad146bd21ff5674',	NULL),
('019607d42c6c7e77923b527f1f922415',	'2025-04-05 23:21:07.693',	'2025-04-05 23:21:07.693',	NULL,	0,	1200,	0,	'0195f8c4f9ce7176bad146bd21ff5674',	NULL);

DROP TABLE IF EXISTS `users`;
CREATE TABLE `users` (
  `id` varchar(36) NOT NULL,
  `created_at` datetime(3) DEFAULT NULL,
  `updated_at` datetime(3) DEFAULT NULL,
  `deleted_at` datetime(3) DEFAULT NULL,
  `username` varchar(50) NOT NULL,
  `password` longtext NOT NULL,
  `role_id` varchar(36) NOT NULL,
  PRIMARY KEY (`id`),
  UNIQUE KEY `idx_users_username` (`username`),
  KEY `idx_users_deleted_at` (`deleted_at`),
  KEY `fk_roles_users` (`role_id`),
  CONSTRAINT `fk_roles_users` FOREIGN KEY (`role_id`) REFERENCES `roles` (`id`) ON DELETE CASCADE
) ENGINE=InnoDB DEFAULT CHARSET=utf8mb4 COLLATE=utf8mb4_0900_ai_ci;

INSERT INTO `users` (`id`, `created_at`, `updated_at`, `deleted_at`, `username`, `password`, `role_id`) VALUES
('0195f8c40665740a8cb35fee21998fe3',	'2025-04-02 23:09:11.142',	'2025-04-02 23:09:11.142',	NULL,	'admin',	'$2a$14$rTLw//w7cjvbAL3W5Y9U8.aVIwQzy5iAlnXg3MOyKJZ5WrWBQ/D4y',	'0195c25a4d907d7ca2c74413713b6af8'),
('0195f8c4f9ce7176bad146bd21ff5674',	'2025-04-02 23:10:13.454',	'2025-04-02 23:10:13.454',	NULL,	'thomas',	'$2a$14$Wk1/e3nCbSX9GTuUeIJCdu0K8eeE4GP.fXPoZwoc69rz7drOGl.oS',	'0195c25a4d907d7ca2c74413713b6af8'),
('0195fd5dcef47edfb673a8d55548bb8d',	'2025-04-03 22:35:38.357',	'2025-04-03 22:35:38.357',	NULL,	'seidlbar',	'$2a$14$zh8MBM3wMlWcyJSJTI7PvOrrmryF9.86DFH9Js9WtUENn7u6GA7jy',	'0195c25bd5be75659abae26c0b14d601'),
('0195fd5f848d722c95b09d1f6b01e0a0',	'2025-04-03 22:37:30.381',	'2025-04-03 22:37:30.381',	NULL,	'essen',	'$2a$14$Yu1Vfzf9yjmtejr7nkX.b.5S64zlmMOxbjyuT09r.j6zyM4HnuCsO',	'0195c25beee17932b786860593092a8a'),
('0195fd61014c7e48bd5a34ca2ef7b837',	'2025-04-03 22:39:07.853',	'2025-04-05 15:02:37.173',	NULL,	'kantine',	'$2a$14$W3LHrZX3BAIHTZs/.3JF4.fxDZKQdCUBgVoJLZu0Hs/HJ9ScXrbje',	'0195c25bb0847bbd92db858493588db5');

DROP TABLE IF EXISTS `view_products`;
CREATE TABLE `view_products` (
  `view_id` varchar(36) NOT NULL,
  `product_id` varchar(36) NOT NULL,
  `position` tinyint DEFAULT NULL,
  `color` longtext,
  PRIMARY KEY (`view_id`,`product_id`),
  KEY `fk_view_products_product` (`product_id`),
  CONSTRAINT `fk_view_products_product` FOREIGN KEY (`product_id`) REFERENCES `products` (`id`),
  CONSTRAINT `fk_view_products_view` FOREIGN KEY (`view_id`) REFERENCES `views` (`id`)
) ENGINE=InnoDB DEFAULT CHARSET=utf8mb4 COLLATE=utf8mb4_0900_ai_ci;

INSERT INTO `view_products` (`view_id`, `product_id`, `position`, `color`) VALUES
('0195f3a7952d79838bb6f248981d49af',	'0195c262b02b78c0a6b84ce41186113f',	0,	''),
('0195f3a7952d79838bb6f248981d49af',	'0195c262f3b079f18fcf0a63d5d257a1',	0,	''),
('0195f3a7952d79838bb6f248981d49af',	'0195c2631a1c7ea28d378570e50882ac',	0,	''),
('0195f3a7952d79838bb6f248981d49af',	'0195c26349017c6bb95b29311608b3a9',	0,	''),
('0195f3a7952d79838bb6f248981d49af',	'0195c2637206702286349483767473e3',	0,	''),
('0195f3a7952d79838bb6f248981d49af',	'0195c26415937c218e587e7c2d69ed99',	0,	''),
('0195f3a7952d79838bb6f248981d49af',	'0195c26433ba7c7da6c5a2d10218dfdb',	0,	''),
('0195f3a7952d79838bb6f248981d49af',	'0195c264da2c78ac949a2d45897f424f',	0,	''),
('0195f3a7952d79838bb6f248981d49af',	'0195c266b1327ac5bb737e2468889c5f',	0,	''),
('0195f3a7952d79838bb6f248981d49af',	'0195c266ddd7716a960c683e82daae7a',	0,	''),
('0195f3a7952d79838bb6f248981d49af',	'0195c267068f7c6baac4c734bb489a89',	0,	''),
('0195f3a7952d79838bb6f248981d49af',	'0195c2674b507004a8833a9ed76c77ce',	0,	''),
('0195f3a7952d79838bb6f248981d49af',	'0195c26766c1775990740c6d07f3a3be',	0,	''),
('0195f3a7952d79838bb6f248981d49af',	'0195c26794c77ec9b6b7a8b6a6b6d9ff',	0,	''),
('0195f3a7952d79838bb6f248981d49af',	'0195c267f2a871918bd1d8955646031f',	0,	''),
('0195f3a7952d79838bb6f248981d49af',	'0195c2682f2977c9b21737c2eea529c1',	0,	''),
('0195f3a7952d79838bb6f248981d49af',	'0195c268d4f372b88fbd4cc7eb0a5b61',	0,	''),
('0195f3a7952d79838bb6f248981d49af',	'0195c269c2cd7698b27b817a4a45beaf',	0,	''),
('0195f3a7952d79838bb6f248981d49af',	'0195c269f11b748cb6bcd4060a17d3e9',	0,	''),
('0195f3a7952d79838bb6f248981d49af',	'0195c26a30fe7c8995cb994b97aefac0',	0,	''),
('0195f3a7952d79838bb6f248981d49af',	'0195c26a501d7da88266c3b3ab90df94',	0,	''),
('0195f3a7952d79838bb6f248981d49af',	'0195c26ac6227181ba7afc82f2a831ba',	0,	''),
('0195f3a7952d79838bb6f248981d49af',	'0195c26aeb317070a01c4243557edbbc',	0,	''),
('0195f3a7952d79838bb6f248981d49af',	'0195c26b1c1471faa68cbb81c8e4be52',	0,	''),
('0195f3a7952d79838bb6f248981d49af',	'0195c26b498f75e8a8db174507a1e250',	0,	''),
('0195f3a7952d79838bb6f248981d49af',	'0195c26b9e6476d295445b38c2c4bdf8',	0,	''),
('0195f3a7952d79838bb6f248981d49af',	'0195c26bd31878b7a099c89fb57124aa',	0,	''),
('0195f3a7952d79838bb6f248981d49af',	'0195c26bf4bc7ba3ac73d0c7de6dd74d',	0,	''),
('0195f3a7952d79838bb6f248981d49af',	'0195c26c578278dea40fceda969d858f',	0,	''),
('0195f3a7952d79838bb6f248981d49af',	'0195c26c7a58737b8daf1023fd96fffe',	0,	''),
('0195f3a7952d79838bb6f248981d49af',	'0195c26cbe8378d5a1829e6bb8d5f1a1',	0,	''),
('0195f3a7952d79838bb6f248981d49af',	'0195c26d87687654923b24e51014a7a2',	0,	''),
('0195f3a7952d79838bb6f248981d49af',	'0195c26db6f9792e88553329afabb299',	0,	''),
('0195f3a7952d79838bb6f248981d49af',	'0195c26ddc70797394f57288dffc7127',	0,	''),
('0195f3a7952d79838bb6f248981d49af',	'0195c26f7eaa769fb722fdc4a70b3b47',	0,	''),
('0195f3a7952d79838bb6f248981d49af',	'0195c26f9f14716eb0ead6b4a214c777',	0,	''),
('0195f3a7952d79838bb6f248981d49af',	'0195c26fc3887233a3a32d732d9f3c08',	0,	''),
('0195f3a7952d79838bb6f248981d49af',	'0195c270241375a29754d06bb1902c7f',	0,	''),
('0195f3a7952d79838bb6f248981d49af',	'0195c27050ba70c1ab1d55db6c15b7da',	0,	''),
('0195f3a7952d79838bb6f248981d49af',	'0195c27076157a08bbd9b0b3f4046689',	0,	''),
('0195f3a7952d79838bb6f248981d49af',	'0195c2710ad47cabb38214c41214fc4e',	0,	''),
('0195f3a7952d79838bb6f248981d49af',	'0195c27134ba78fa882ee478e199c476',	0,	''),
('0195f3a7952d79838bb6f248981d49af',	'0195c2716383782ba39d1ecbf038d3cf',	0,	''),
('0195f3a7952d79838bb6f248981d49af',	'0195c271a0ba769684ab83687f549c24',	0,	''),
('0195f3a7952d79838bb6f248981d49af',	'0195c271c80e76408597c377b11eb96a',	0,	''),
('0195f3a7952d79838bb6f248981d49af',	'0195c272021b74b8bbba75114b991152',	0,	''),
('0195f3a7952d79838bb6f248981d49af',	'0195c2724cc77a3e87491f67ed9d884e',	0,	''),
('0195f3a7952d79838bb6f248981d49af',	'0195c273af287165b74ec12be9f34456',	0,	''),
('0195f3a7952d79838bb6f248981d49af',	'0195c273d56776a0a73b71982b1a0ede',	0,	''),
('0195f71635417301a790629d2c192fca',	'0195c2649e3974309196e10c4a5162ca',	0,	''),
('0195f71635417301a790629d2c192fca',	'0195c264da2c78ac949a2d45897f424f',	0,	''),
('0195f71635417301a790629d2c192fca',	'0195c2662d4772b4a6950cfe9316cab8',	0,	''),
('0195f71635417301a790629d2c192fca',	'0195f7179b2b7635872375fcdeb9c47d',	0,	''),
('0196045371527564a77dafafd6967c4f',	'0195c26bd31878b7a099c89fb57124aa',	0,	''),
('0196045371527564a77dafafd6967c4f',	'0195c26bf4bc7ba3ac73d0c7de6dd74d',	0,	''),
('0196045371527564a77dafafd6967c4f',	'0195c26d87687654923b24e51014a7a2',	0,	''),
('0196045371527564a77dafafd6967c4f',	'0195c26db6f9792e88553329afabb299',	0,	''),
('0196045371527564a77dafafd6967c4f',	'0195c26e1ca278cea52cb7b9fd9e5a30',	0,	''),
('0196045371527564a77dafafd6967c4f',	'0195c26e6b417df5903364fd6496b294',	0,	''),
('0196045371527564a77dafafd6967c4f',	'0195c26f7eaa769fb722fdc4a70b3b47',	0,	''),
('0196045371527564a77dafafd6967c4f',	'0195c26f9f14716eb0ead6b4a214c777',	0,	''),
('0196045371527564a77dafafd6967c4f',	'0195c26fc3887233a3a32d732d9f3c08',	0,	''),
('0196045371527564a77dafafd6967c4f',	'0195c272a7df7820b731e3df0c516385',	0,	''),
('0196045371527564a77dafafd6967c4f',	'0195c2733ec17029bf190b9da94d8c41',	0,	'');

DROP TABLE IF EXISTS `view_roles`;
CREATE TABLE `view_roles` (
  `view_id` varchar(36) NOT NULL,
  `role_id` varchar(36) NOT NULL,
  PRIMARY KEY (`view_id`,`role_id`),
  KEY `fk_view_roles_role` (`role_id`),
  CONSTRAINT `fk_view_roles_role` FOREIGN KEY (`role_id`) REFERENCES `roles` (`id`),
  CONSTRAINT `fk_view_roles_view` FOREIGN KEY (`view_id`) REFERENCES `views` (`id`)
) ENGINE=InnoDB DEFAULT CHARSET=utf8mb4 COLLATE=utf8mb4_0900_ai_ci;

INSERT INTO `view_roles` (`view_id`, `role_id`) VALUES
('0195f3a7952d79838bb6f248981d49af',	'0195c25a4d907d7ca2c74413713b6af8'),
('0195f71635417301a790629d2c192fca',	'0195c25a4d907d7ca2c74413713b6af8'),
('0196045371527564a77dafafd6967c4f',	'0195c25a4d907d7ca2c74413713b6af8'),
('0195f3a7952d79838bb6f248981d49af',	'0195c25bb0847bbd92db858493588db5'),
('0196045371527564a77dafafd6967c4f',	'0195c25bd5be75659abae26c0b14d601'),
('0195f71635417301a790629d2c192fca',	'0195c25beee17932b786860593092a8a');

DROP TABLE IF EXISTS `views`;
CREATE TABLE `views` (
  `id` varchar(36) NOT NULL,
  `created_at` datetime(3) DEFAULT NULL,
  `updated_at` datetime(3) DEFAULT NULL,
  `deleted_at` datetime(3) DEFAULT NULL,
  `name` longtext,
  `desc` longtext,
  PRIMARY KEY (`id`),
  KEY `idx_views_deleted_at` (`deleted_at`)
) ENGINE=InnoDB DEFAULT CHARSET=utf8mb4 COLLATE=utf8mb4_0900_ai_ci;

INSERT INTO `views` (`id`, `created_at`, `updated_at`, `deleted_at`, `name`, `desc`) VALUES
('0195f3a7952d79838bb6f248981d49af',	'2025-04-01 23:20:01.070',	'2025-04-05 20:16:30.952',	NULL,	'Kantine',	'Heimspiel'),
('0195f71635417301a790629d2c192fca',	'2025-04-02 15:19:42.657',	'2025-04-05 14:33:25.195',	NULL,	'Griller',	''),
('0196045371527564a77dafafd6967c4f',	'2025-04-05 07:01:39.538',	'2025-04-05 07:12:32.301',	NULL,	'Wabs Bar',	'Stockbahn');

-- 2025-04-18 13:25:29 UTC
